,UKREIS,UJAHR,UMONAT,UWOCHENTAG,USTUNDE,UKATEGORIE,UART,UTYP1,IstRad,IstPKW,IstFuss,IstKrad,IstGkfz,IstSonstig,ULICHTVERH,STRZUSTAND,longitude,latitude,Stadtteil,Ortsteil
0,12,2016,2,4,14,3,5,3,1,1,0,0,0,0,0,0,8.586239695,53.536874542,Geestemünde,Geestemünde-Nord
1,11,2016,8,3,11,2,3,6,1,0,0,0,0,0,0,0,8.765933106,53.060572468,Huchting,Grolland
2,11,2016,11,4,10,3,5,3,1,1,0,0,0,0,0,0,8.796776803,53.056724486,Neustadt,Neuenland
3,12,2016,10,3,15,3,5,3,1,1,0,0,0,0,0,0,8.575063917,53.544810855,Mitte (BHV),Mitte-Süd
4,11,2016,8,6,13,3,6,4,1,0,1,0,0,0,0,0,8.819468898,53.048220842,Neustadt,Huckelriede
5,11,2016,4,4,15,3,5,2,1,1,0,0,0,0,0,0,8.782174673,53.06691632,Neustadt,Neuenland
6,12,2016,8,6,13,3,5,2,1,1,0,0,0,0,0,0,8.5752452,53.547669718,Mitte (BHV),Mitte-Süd
7,11,2016,12,4,17,3,5,3,1,1,0,0,0,0,2,0,8.736620022,53.142592661,Gröpelingen,Oslebshausen
8,12,2016,4,5,14,2,5,3,1,1,0,0,0,0,0,0,8.586233243,53.536858281,Geestemünde,Geestemünde-Nord
9,11,2016,10,6,17,3,5,2,1,1,0,0,0,0,0,0,8.79813765,53.055919692,Neustadt,Neuenland
10,11,2016,10,3,16,3,5,3,1,1,0,0,0,0,0,0,8.815460942,53.042127931,Obervieland,Kattenturm
11,11,2016,4,2,14,3,0,7,1,0,0,0,1,0,0,0,8.802391231,53.053681277,Neustadt,Huckelriede
12,11,2016,8,5,8,3,5,2,1,1,0,0,0,0,0,0,8.78232412,53.066823945,Neustadt,Neustadt
13,11,2016,1,5,18,3,4,2,1,0,0,0,0,0,2,1,8.837614224,53.077521113,Östliche Vorstadt,Hulsberg
14,11,2016,1,2,12,3,5,3,1,1,0,0,0,0,0,1,8.556715767,53.188876144,Blumenthal,Blumenthal
15,11,2016,1,4,19,3,5,3,1,1,0,0,0,0,2,1,8.838004567,53.067872136,Östliche Vorstadt,Peterswerder
16,11,2016,1,2,12,3,1,5,1,1,0,0,0,0,0,1,8.865293972,53.086364027,Schwachhausen,Radio Bremen
17,11,2016,1,6,7,2,0,1,1,0,0,0,0,0,1,2,8.853601762,53.083118963,Schwachhausen,Radio Bremen
18,11,2016,1,5,19,3,2,6,1,1,0,0,0,0,2,2,8.844116549,53.089800217,Schwachhausen,Riensberg
19,11,2016,1,4,9,3,5,3,1,1,0,0,0,0,0,1,8.824692533,53.084149741,Schwachhausen,Barkhof
20,11,2016,1,4,7,2,5,3,1,1,0,0,0,0,2,1,8.7388699,53.132916295,Gröpelingen,Oslebshausen
21,11,2016,1,7,4,3,0,1,1,0,0,0,0,0,2,2,8.900954103,53.089503932,Horn-Lehe,Horn
22,11,2016,2,5,10,3,5,3,1,0,0,1,0,0,0,0,8.889768196,53.098752264,Horn-Lehe,Lehesterdeich
23,11,2016,3,4,10,3,5,3,1,1,0,0,0,0,0,1,8.635983191,53.171282924,Vegesack,Grohn
24,11,2016,3,3,8,3,0,1,1,0,0,0,0,0,0,0,8.801315306,53.071494269,Neustadt,Alte Neustadt
25,11,2016,2,6,13,3,5,3,1,1,0,0,0,0,0,0,8.877945722,53.101386713,Horn-Lehe,Lehe
26,11,2016,2,3,8,3,5,2,1,1,0,0,0,0,0,0,8.792845982,53.073578961,Neustadt,Alte Neustadt
27,11,2016,1,3,10,2,0,1,1,0,0,0,0,0,0,0,8.935699163,53.09007034,Oberneuland,Unbekannt
28,11,2016,2,2,13,3,0,1,1,0,0,0,0,0,0,1,8.71435687,53.182078147,Burglesum,Burgdamm
29,11,2016,3,6,12,3,5,3,1,1,0,0,0,0,0,0,8.750082588,53.125848633,Gröpelingen,Ohlenhof
30,11,2016,2,3,15,3,5,3,1,1,0,0,0,0,0,1,8.875541387,53.062067344,Hemelingen,Hastedt
31,11,2016,2,6,10,3,3,6,1,0,0,0,0,0,0,0,8.799444343,53.069834378,Neustadt,Alte Neustadt
32,11,2016,2,5,18,3,5,3,1,1,0,0,0,0,2,1,8.837106486,53.082637404,Schwachhausen,Schwachhausen
33,11,2016,2,6,16,3,5,2,1,1,0,0,0,0,0,0,8.810614008,53.081875461,Mitte,Bahnhofsvorstadt
34,11,2016,2,7,11,3,5,2,1,1,0,0,0,0,0,0,8.786797304,53.074498301,Neustadt,Alte Neustadt
35,11,2016,2,6,14,3,0,3,1,0,0,0,0,1,0,0,8.79107263,53.074420376,Neustadt,Alte Neustadt
36,11,2016,2,6,19,3,0,7,1,0,0,0,0,0,2,0,8.807321527,53.082164217,Mitte,Bahnhofsvorstadt
37,11,2016,2,6,5,3,5,3,1,0,0,0,0,0,2,1,8.81582281,53.07446082,Mitte,Ostertor
38,11,2016,2,6,12,2,0,1,1,0,0,0,0,0,0,0,8.870184272,53.102140597,Horn-Lehe,Lehe
39,11,2016,3,4,7,3,5,3,1,1,0,0,0,0,0,1,8.634113944,53.182703527,Vegesack,Schönebeck
40,11,2016,2,2,10,3,0,1,1,0,0,0,0,0,0,1,8.770262255,53.072310781,Woltmershausen,Woltmershausen
41,11,2016,2,5,7,3,0,1,1,0,0,0,0,0,0,2,8.930578089,53.068736191,Osterholz,Ellener Feld
42,11,2016,2,2,18,2,5,3,1,1,0,0,0,0,2,1,8.807356073,53.082339261,Mitte,Bahnhofsvorstadt
43,12,2016,2,2,16,3,6,7,1,0,1,0,0,0,0,0,8.592278328,53.51639085,Wulsdorf,Dreibergen
44,11,2016,2,5,10,3,5,2,1,0,0,0,1,0,0,0,8.831329483,53.081265913,Schwachhausen,Barkhof
45,11,2016,2,5,12,3,0,5,1,1,0,0,0,0,0,0,8.802581332,53.067373306,Neustadt,Buntentor
46,11,2016,1,1,4,3,0,1,1,0,0,0,0,0,2,1,8.808464617,53.088079479,Findorff,Findorff-Bürgerweide
47,11,2016,3,5,16,2,0,7,1,0,0,0,0,1,0,0,8.621389276,53.172071218,Vegesack,Vegesack
48,11,2016,1,2,16,2,0,1,1,0,0,0,0,0,1,1,8.871147347,53.061774517,Hemelingen,Hastedt
49,11,2016,2,6,8,3,5,2,1,1,0,0,0,0,0,0,8.77783317,53.099440454,Walle,Walle
50,12,2016,2,5,15,3,5,3,1,1,0,0,0,0,0,0,8.608847635,53.586867854,Leherheide,Königsheide
51,11,2016,1,7,20,3,0,7,1,0,0,0,0,0,2,1,8.820560699,53.07268377,Mitte,Ostertor
52,11,2016,2,2,9,3,5,3,1,1,0,0,0,0,0,0,8.741398264,53.048437663,Huchting,Kirchhuchting
53,11,2016,1,7,3,3,0,7,1,0,0,0,0,0,2,0,8.801194857,53.068232461,Neustadt,Südervorstadt
54,11,2016,2,1,11,3,5,3,1,1,0,0,0,0,0,0,8.818102926,53.077723658,Mitte,Ostertor
55,12,2016,3,3,13,3,1,5,1,1,0,0,0,0,0,0,8.584696902,53.540601103,Mitte (BHV),Mitte-Süd
56,11,2016,2,4,13,3,5,2,1,1,0,0,0,0,0,0,8.952718168,53.068932465,Osterholz,Ellenerbrok-Schevemoor
57,11,2016,2,6,9,3,1,5,1,1,0,0,0,0,0,0,8.849983713,53.081303897,Schwachhausen,Gete
58,12,2016,1,6,15,3,5,3,1,1,0,0,0,0,0,1,8.577351311,53.548351462,Mitte (BHV),Mitte-Süd
59,11,2016,2,6,12,2,0,7,1,0,1,0,0,0,0,0,8.786693355,53.100470299,Walle,Walle
60,11,2016,2,4,7,3,5,3,1,1,0,0,0,0,0,0,8.901179522,53.089461124,Oberneuland,Unbekannt
61,11,2016,2,7,19,3,5,3,1,1,0,0,0,0,2,1,8.686075634,53.173352599,Burglesum,Lesum
62,11,2016,2,4,12,3,6,4,1,0,1,0,0,0,0,0,8.78068495,53.098041666,Walle,Walle
63,11,2016,1,6,16,3,0,1,1,0,0,0,0,0,0,1,8.802416094,53.067476752,Neustadt,Buntentor
64,11,2016,2,6,5,3,5,3,1,1,0,0,0,0,2,0,8.777148222,53.095924799,Walle,Steffensweg
65,11,2016,2,5,16,3,5,3,1,1,0,0,0,0,0,0,8.776486232,53.096881165,Walle,Steffensweg
66,11,2016,2,6,18,3,0,1,1,0,0,0,0,0,2,1,8.830751259,53.07146958,Östliche Vorstadt,Steintor
67,11,2016,3,3,11,3,5,3,1,1,0,0,0,0,0,0,8.821304602,53.072757536,Mitte,Ostertor
68,11,2016,2,2,12,3,0,3,1,1,0,0,0,0,0,0,8.738950924,53.047743835,Huchting,Kirchhuchting
69,11,2016,2,4,8,3,5,3,1,1,0,0,0,0,0,2,8.857928574,53.082487117,Vahr,Gartenstadt Vahr
70,11,2016,2,3,22,3,5,2,1,1,0,0,0,0,2,1,8.813025515,53.080937415,Mitte,Bahnhofsvorstadt
71,11,2016,2,4,9,2,3,6,1,0,0,0,0,0,0,0,8.870205464,53.09772992,Horn-Lehe,Horn
72,12,2016,2,3,17,3,0,1,1,0,0,0,0,0,2,0,8.589619577,53.564823316,Lehe (BHV),Klushof
73,11,2016,2,5,15,3,5,3,1,1,0,0,0,0,0,0,8.804633991,53.085786331,Mitte,Bahnhofsvorstadt
74,11,2016,3,6,8,3,0,7,1,0,0,0,0,0,0,0,8.880867902,53.076783503,Vahr,Neue Vahr Südwest
75,11,2016,1,6,22,2,0,7,1,0,0,0,0,0,2,1,8.906857949,53.126436753,Unbekannt,Borgfeld
76,11,2016,2,4,17,3,0,4,1,0,1,0,0,0,2,1,8.802188515,53.067615068,Neustadt,Buntentor
77,11,2016,3,3,9,3,5,3,1,1,0,0,0,0,0,0,8.827755375,53.068842158,Östliche Vorstadt,Steintor
78,11,2016,2,1,18,3,4,2,1,1,0,0,0,0,2,0,8.763508815,53.108928882,Gröpelingen,Lindenhof
79,11,2016,2,3,14,3,1,5,1,1,0,0,0,0,0,0,8.836513966,53.083255328,Schwachhausen,Schwachhausen
80,11,2016,2,4,18,3,5,3,1,1,0,0,0,0,2,1,8.794903222,53.093939896,Walle,Utbremen
81,11,2016,2,3,8,3,5,3,1,1,0,0,0,0,0,0,8.867779119,53.072669373,Hemelingen,Hastedt
82,11,2016,3,3,15,3,1,5,1,1,0,0,0,0,0,0,8.818860382,53.051219782,Neustadt,Huckelriede
83,11,2016,2,4,18,2,5,2,1,1,0,0,0,0,2,1,8.767135232,53.111737521,Gröpelingen,Lindenhof
84,11,2016,1,4,7,3,5,3,1,1,0,0,0,0,2,1,8.936343896,53.073735697,Osterholz,Ellenerbrok-Schevemoor
85,11,2016,2,2,17,3,5,3,1,1,0,0,0,0,0,0,8.951210891,53.06508168,Osterholz,Tenever
86,12,2016,1,5,7,3,5,3,1,1,0,0,0,0,2,0,8.586609738,53.566366821,Lehe (BHV),Klushof
87,11,2016,2,2,16,3,6,4,1,0,1,0,0,0,0,1,8.852274825,53.086008941,Schwachhausen,Radio Bremen
88,11,2016,1,4,18,3,5,2,1,1,0,0,0,0,2,1,8.888109857,53.066530225,Hemelingen,Sebaldsbrück
89,11,2016,2,2,12,2,5,3,1,1,0,0,0,0,0,1,8.81735424,53.098377297,Findorff,Weidedamm
90,11,2016,1,4,14,3,5,3,1,1,0,0,0,0,0,0,8.905480416,53.050590435,Hemelingen,Hemelingen
91,11,2016,2,4,9,3,5,3,1,1,0,0,0,0,0,1,8.847364511,53.085028286,Schwachhausen,Schwachhausen
92,11,2016,2,2,18,3,5,3,1,1,0,0,0,0,0,1,8.793428594,53.073917887,Neustadt,Alte Neustadt
93,11,2016,3,3,7,3,5,3,1,1,0,0,0,0,0,0,8.828852192,53.041836089,Obervieland,Kattenturm
94,12,2016,1,3,13,3,6,7,1,0,1,0,0,0,0,0,8.584653316,53.556711339,Lehe (BHV),Goethestrasse
95,11,2016,3,4,7,3,5,3,1,1,0,0,0,0,1,1,8.80653592,53.087287949,Findorff,Findorff-Bürgerweide
96,11,2016,1,2,8,2,1,5,1,0,0,0,1,0,1,1,8.808913879,53.074163814,Mitte,Altstadt
97,11,2016,1,5,11,3,3,6,1,1,0,0,0,0,0,0,8.599300784,53.179365287,Vegesack,Fähr-Lobbendorf
98,12,2016,2,6,7,3,0,7,1,0,0,0,0,0,0,2,8.602303318,53.57202338,Lehe (BHV),Schierholz
99,12,2016,1,3,13,3,5,3,1,1,0,0,0,0,0,0,8.559991088,53.572875696,Häfen (BHV),Stadtbremisches Überseehafengebiet Bremerhaven
100,12,2016,2,6,8,3,5,3,1,0,0,1,0,0,0,2,8.6061325,53.522140298,Geestemünde,Grünhöfe
101,11,2016,1,5,13,3,5,3,1,1,0,0,0,1,0,1,8.932147474,53.040040894,Hemelingen,Mahndorf
102,11,2016,1,2,8,3,2,2,1,1,0,0,0,0,0,1,8.822840771,53.082839755,Schwachhausen,Barkhof
103,11,2016,2,3,19,3,0,3,1,1,0,0,0,0,2,1,8.864158638,53.099120124,Horn-Lehe,Lehe
104,11,2016,1,5,17,3,5,2,1,1,0,0,0,0,2,1,8.784042183,53.07556884,Woltmershausen,Woltmershausen
105,11,2016,2,3,14,2,5,3,1,0,0,0,1,0,0,0,8.729096426,53.085685483,Häfen,Neustädter Hafen
106,11,2016,2,6,13,3,0,7,1,0,0,0,0,0,0,1,8.946480002,53.049811774,Osterholz,Osterholz
107,11,2016,1,5,8,3,5,2,1,1,0,0,0,0,2,1,8.628419423,53.168588585,Vegesack,Grohn
108,11,2016,2,3,17,3,5,3,1,1,0,0,0,0,2,1,8.904453109,53.078509048,Vahr,Neue Vahr Südost
109,11,2016,3,3,17,3,5,3,1,1,0,0,0,0,0,1,8.877636687,53.08027857,Vahr,Neue Vahr Südwest
110,12,2016,3,3,10,2,5,2,1,1,0,0,0,0,0,0,8.600023545,53.570172904,Lehe (BHV),Klushof
111,11,2016,3,1,15,3,0,3,1,1,0,0,0,0,0,0,8.605416861,53.178761422,Vegesack,Fähr-Lobbendorf
112,11,2016,4,6,14,3,5,3,1,1,0,0,0,0,0,0,8.862920381,53.090309473,Schwachhausen,Riensberg
113,11,2016,4,3,14,3,5,3,1,1,0,0,0,0,0,0,8.675495965,53.173586747,Burglesum,Lesum
114,11,2016,3,4,9,3,5,2,1,1,0,0,0,0,0,0,8.76082884,53.112974928,Gröpelingen,Lindenhof
115,11,2016,3,5,16,3,0,7,1,0,0,0,0,0,0,0,8.956267167,53.066453751,Osterholz,Tenever
116,11,2016,4,2,8,3,5,3,1,1,0,0,0,0,0,1,8.675242819,53.173603239,Burglesum,St.Magnus
117,12,2016,3,2,14,3,6,7,1,0,1,0,0,0,0,0,8.590812933,53.537200531,Geestemünde,Geestemünde-Nord
118,11,2016,4,1,23,3,0,1,1,0,0,0,0,0,2,0,8.848026556,53.050935324,Obervieland,Habenhausen
119,11,2016,3,4,8,3,5,3,1,1,0,0,0,0,0,0,8.812179567,53.07909368,Mitte,Bahnhofsvorstadt
120,11,2016,4,1,18,3,5,3,1,1,0,0,0,0,0,0,8.845333518,53.091101644,Schwachhausen,Neu-Schwachhausen
121,11,2016,3,4,13,3,5,3,1,1,0,0,0,0,0,0,8.838011301,53.067867077,Östliche Vorstadt,Peterswerder
122,11,2016,4,1,14,3,4,6,1,0,0,0,0,0,0,0,8.837167228,53.107344156,Horn-Lehe,Lehe
123,11,2016,4,1,19,3,5,3,1,1,0,0,0,0,0,0,8.75838678,53.057058776,Huchting,Grolland
124,11,2016,4,2,16,3,5,3,1,1,0,0,0,0,0,0,8.86427579,53.098198005,Horn-Lehe,Horn
125,11,2016,3,3,18,3,5,3,1,1,0,0,0,0,0,1,8.808939254,53.083176242,Mitte,Bahnhofsvorstadt
126,11,2016,3,4,16,2,0,1,1,0,0,0,0,0,0,0,8.901800849,53.075077333,Hemelingen,Sebaldsbrück
127,11,2016,3,5,11,3,0,1,1,0,0,0,0,0,0,0,8.772738675,53.100526259,Walle,Überseestadt
128,11,2016,4,1,20,2,0,1,1,0,0,0,0,0,2,0,8.703137511,53.162087334,Burglesum,Burgdamm
129,11,2016,3,7,19,3,5,3,1,0,0,0,0,1,2,0,8.932752082,53.065173404,Osterholz,Ellenerbrok-Schevemoor
130,11,2016,4,4,16,3,5,3,1,1,0,0,0,0,0,0,8.717234463,53.172910747,Burglesum,Burgdamm
131,11,2016,3,3,8,3,5,3,1,1,0,0,0,0,0,1,8.802333186,53.090763669,Findorff,Findorff-Bürgerweide
132,12,2016,3,3,8,3,5,3,1,1,0,0,0,0,0,0,8.597380595,53.568769813,Lehe (BHV),Klushof
133,11,2016,4,4,13,3,3,6,1,0,0,0,0,0,0,0,8.859738504,53.089648262,Schwachhausen,Radio Bremen
134,11,2016,3,7,12,3,5,2,1,1,0,0,0,0,0,0,8.850046479,53.085079966,Schwachhausen,Gete
135,11,2016,4,1,15,3,3,1,1,1,0,0,0,0,0,0,8.742437254,53.062911419,Huchting,Mittelshuchting
136,11,2016,4,4,19,3,0,7,1,0,0,0,0,0,0,1,8.819437836,53.072574695,Mitte,Ostertor
137,11,2016,4,4,7,3,1,1,1,1,0,0,0,0,0,1,8.834228235,53.090176902,Schwachhausen,Bürgerpark
138,11,2016,3,5,10,2,5,2,1,1,0,0,0,0,0,0,8.70846528,53.151837478,Burglesum,Burg-Grambke
139,11,2016,4,2,10,3,5,3,1,1,0,0,0,0,0,0,8.702148538,53.168182758,Burglesum,Burgdamm
140,11,2016,4,1,13,3,5,3,1,1,0,0,0,0,0,0,8.819687247,53.038297648,Obervieland,Kattenturm
141,11,2016,4,1,0,3,0,7,1,0,0,0,0,0,2,0,8.817882461,53.072374958,Mitte,Ostertor
142,11,2016,4,2,15,3,5,3,1,1,0,0,0,0,0,0,8.940559709,53.077595407,Oberneuland,Unbekannt
143,11,2016,4,1,16,3,0,1,1,0,0,0,0,0,0,0,8.691802551,53.168278129,Burglesum,Lesum
144,11,2016,3,2,16,3,5,3,1,1,0,0,0,0,0,0,8.805024035,53.08371231,Mitte,Bahnhofsvorstadt
145,11,2016,4,1,5,2,7,1,1,0,0,0,0,1,2,0,8.802034801,53.063799582,Neustadt,Buntentor
146,12,2016,3,1,20,3,0,7,1,0,0,0,0,0,1,1,8.592963608,53.556455765,Lehe (BHV),Klushof
147,11,2016,3,6,18,3,5,3,1,1,0,0,0,0,1,0,8.78897662,53.073130957,Neustadt,Alte Neustadt
148,11,2016,4,2,19,3,0,7,1,1,0,0,0,0,0,0,8.87917067,53.076257495,Vahr,Gartenstadt Vahr
149,11,2016,4,4,14,2,5,2,1,1,0,0,0,0,0,0,8.856585417,53.071355158,Hemelingen,Hastedt
150,11,2016,4,2,8,3,4,6,1,1,0,0,0,0,0,0,8.899802602,53.047335526,Hemelingen,Hemelingen
151,11,2016,3,5,7,3,3,6,1,1,0,0,0,0,0,0,8.830795963,53.074397578,Östliche Vorstadt,Steintor
152,11,2016,4,6,14,3,2,6,1,1,0,0,0,0,0,0,8.821997548,53.072830997,Mitte,Ostertor
153,11,2016,4,7,12,3,5,3,1,1,0,0,0,0,0,0,8.844819337,53.033690099,Obervieland,Arsten
154,11,2016,4,6,11,3,5,3,1,0,0,0,0,1,0,1,8.796629315,53.089221404,Walle,Utbremen
155,11,2016,4,2,9,3,3,6,1,0,0,0,0,0,0,0,8.801308121,53.071498151,Neustadt,Alte Neustadt
156,11,2016,3,6,17,3,5,3,1,1,0,0,0,0,1,0,8.737291418,53.134140503,Gröpelingen,Oslebshausen
157,11,2016,3,7,14,3,6,7,1,0,1,0,0,0,0,0,8.735067186,53.038056267,Huchting,Kirchhuchting
158,11,2016,4,5,13,3,4,6,1,0,0,0,0,0,0,0,8.810548366,53.075253184,Mitte,Altstadt
159,11,2016,3,7,15,3,5,2,1,1,0,0,0,0,0,0,8.768206656,53.104375033,Walle,Walle
160,12,2016,3,5,16,3,0,1,1,0,0,0,0,0,0,0,8.59146205,53.543692504,Geestemünde,Geestemünde-Nord
161,11,2016,4,1,22,3,0,7,1,0,0,0,0,0,2,0,8.80173235,53.06789362,Neustadt,Südervorstadt
162,12,2016,3,5,7,3,5,3,1,1,0,0,0,0,0,0,8.595208056,53.538989637,Geestemünde,Geestemünde-Nord
163,11,2016,4,4,12,3,0,7,1,0,0,0,0,0,0,0,8.826528399,53.072903557,Östliche Vorstadt,Steintor
164,11,2016,4,6,10,2,5,3,1,1,0,0,0,0,0,0,8.887635199,53.069705466,Hemelingen,Sebaldsbrück
165,11,2016,3,7,18,3,0,7,1,0,0,0,0,0,0,0,8.612186617,53.178596401,Vegesack,Fähr-Lobbendorf
166,11,2016,4,7,17,3,6,4,1,0,1,0,0,0,0,0,8.842432224,53.067725089,Östliche Vorstadt,Peterswerder
167,11,2016,4,6,19,3,0,7,1,0,0,0,0,0,0,0,8.765834807,53.082152753,Woltmershausen,Woltmershausen
168,12,2016,4,3,14,3,0,1,1,0,0,0,0,0,0,0,8.595284292,53.530378867,Geestemünde,Geestendorf
169,11,2016,4,1,12,3,0,1,1,0,0,0,0,0,0,0,8.794090895,53.074349536,Neustadt,Alte Neustadt
170,11,2016,4,2,19,3,5,2,1,1,0,0,0,0,1,0,8.800539481,53.078594612,Mitte,Altstadt
171,11,2016,3,5,19,3,4,6,1,0,0,0,0,0,1,0,8.827944128,53.079944798,Schwachhausen,Gete
172,12,2016,3,7,13,2,5,7,1,0,0,1,0,0,0,1,8.580081283,53.541065572,Mitte (BHV),Mitte-Süd
173,11,2016,4,3,16,3,0,7,1,1,0,0,0,0,0,0,8.827693759,53.07476679,Östliche Vorstadt,Steintor
174,11,2016,3,5,9,3,6,4,1,0,1,0,0,0,0,0,8.765408625,53.084933272,Woltmershausen,Woltmershausen
175,11,2016,3,5,16,3,8,1,1,0,0,0,0,0,0,0,8.702028919,53.173133958,Burglesum,Burgdamm
176,11,2016,4,5,16,3,5,2,1,1,0,0,0,0,0,0,8.808628099,53.08289893,Mitte,Bahnhofsvorstadt
177,11,2016,4,2,17,2,1,5,1,1,0,0,0,0,0,0,8.816264784,53.073299118,Mitte,Ostertor
178,11,2016,4,7,13,3,5,2,1,1,0,0,0,0,0,0,8.860624644,53.066172923,Hemelingen,Hastedt
179,11,2016,3,2,14,3,5,3,1,1,0,0,0,0,0,0,8.880964898,53.064490035,Hemelingen,Hastedt
180,11,2016,3,5,9,3,5,3,1,1,0,0,0,0,0,0,8.561150792,53.190381286,Blumenthal,Blumenthal
181,11,2016,3,5,11,3,5,3,1,1,0,0,0,0,0,0,8.805882612,53.073404225,Mitte,Altstadt
182,11,2016,4,5,16,3,5,3,1,1,0,0,0,0,0,0,8.801275258,53.086838631,Mitte,Bahnhofsvorstadt
183,11,2016,4,3,18,3,1,5,1,0,0,0,0,1,0,0,8.781601307,53.087638482,Walle,Überseestadt
184,11,2016,4,7,19,3,4,6,1,0,1,0,0,0,0,0,8.860271883,53.049470002,Obervieland,Habenhausen
185,11,2016,3,2,9,3,5,3,1,1,0,0,0,0,0,1,8.812747544,53.080916767,Mitte,Bahnhofsvorstadt
186,11,2016,3,4,18,2,6,4,1,0,1,0,0,0,0,0,8.802834206,53.069974866,Neustadt,Alte Neustadt
187,11,2016,4,3,17,3,1,5,1,1,0,0,0,0,0,1,8.822043447,53.072833741,Mitte,Ostertor
188,11,2016,4,6,16,3,5,3,1,1,0,0,0,0,0,1,8.886323666,53.071535881,Hemelingen,Sebaldsbrück
189,11,2016,3,5,10,2,5,3,1,1,0,0,0,0,0,0,8.891932497,53.048089347,Hemelingen,Hemelingen
190,11,2016,3,6,1,2,1,5,1,1,0,0,0,0,0,1,8.846852726,53.087989319,Schwachhausen,Riensberg
191,11,2016,3,5,8,3,3,2,1,1,0,0,0,0,0,1,8.831971938,53.092612922,Schwachhausen,Neu-Schwachhausen
192,11,2016,3,6,22,3,2,6,1,1,0,0,0,0,2,1,8.848807285,53.067805024,Östliche Vorstadt,Peterswerder
193,11,2016,3,4,12,2,5,3,1,1,0,0,0,0,0,0,8.704928727,53.171046871,Burglesum,Burgdamm
194,11,2016,4,3,10,2,5,3,1,0,0,0,0,1,0,0,8.738165973,53.134590377,Gröpelingen,Oslebshausen
195,11,2016,3,4,15,3,6,4,1,0,1,0,0,0,0,0,8.793023381,53.066730831,Neustadt,Neustadt
196,12,2016,4,3,16,3,5,3,1,1,0,0,0,0,0,0,8.576271694,53.560591661,Lehe (BHV),Goethestrasse
197,11,2016,3,4,18,3,6,4,1,0,1,0,0,0,0,0,8.794004776,53.07429341,Neustadt,Alte Neustadt
198,11,2016,3,3,8,3,0,1,1,0,0,0,0,0,0,0,8.740082978,53.051410946,Huchting,Kirchhuchting
199,11,2016,4,7,19,2,5,3,1,1,0,0,0,0,0,0,8.870557918,53.091363311,Schwachhausen,Radio Bremen
200,11,2016,3,7,20,3,2,5,1,1,0,0,0,0,2,0,8.78845359,53.098416478,Walle,Westend
201,12,2016,3,6,8,2,0,1,1,0,0,0,0,0,0,2,8.571539068,53.557700082,Mitte (BHV),Mitte-Nord
202,11,2016,4,2,19,3,0,1,1,0,0,0,0,0,0,0,8.576165386,53.19034619,Blumenthal,Blumenthal
203,11,2016,3,3,7,3,0,1,1,0,0,0,0,0,0,0,8.820790312,53.051226326,Neustadt,Huckelriede
204,11,2016,3,6,16,3,5,3,1,1,0,0,0,0,0,0,8.797055925,53.071639864,Neustadt,Alte Neustadt
205,11,2016,3,4,15,3,4,6,1,1,0,0,0,0,0,0,8.80351905,53.092870711,Findorff,Findorff-Bürgerweide
206,11,2016,4,3,15,2,0,7,1,0,0,0,0,0,0,1,8.865487388,53.097113612,Horn-Lehe,Horn
207,12,2016,4,4,10,3,5,2,1,1,0,0,0,0,0,1,8.594570333,53.531494331,Geestemünde,Geestendorf
208,11,2016,4,3,14,3,5,2,1,1,0,0,0,0,0,1,8.923333567,53.059412249,Osterholz,Osterholz
209,11,2016,4,5,18,3,4,2,1,1,0,0,0,0,0,0,8.841222963,53.069286328,Östliche Vorstadt,Peterswerder
210,11,2016,3,3,8,3,5,2,1,1,0,0,0,0,0,0,8.826258078,53.079319547,Mitte,Ostertor
211,11,2016,4,7,9,3,5,3,1,1,0,0,0,0,0,0,8.856529946,53.089873862,Schwachhausen,Riensberg
212,11,2016,3,6,18,3,5,3,1,1,0,0,0,0,1,0,8.758040397,53.058190581,Huchting,Grolland
213,11,2016,3,2,7,3,2,7,1,0,0,0,0,1,0,0,8.867994968,53.06959393,Hemelingen,Hastedt
214,11,2016,3,6,7,3,0,1,1,0,0,0,0,0,0,2,8.818998058,53.080217263,Mitte,Ostertor
215,11,2016,4,7,7,3,0,7,1,0,0,0,0,0,0,1,8.930216007,53.07211013,Osterholz,Blockdiek
216,12,2016,4,3,16,3,5,3,1,1,0,0,0,0,0,0,8.59860442,53.487236896,Fischereihafen,Fischereihafen
217,11,2016,4,1,11,3,3,2,1,1,0,0,0,0,0,0,8.853474984,53.064905898,Östliche Vorstadt,Peterswerder
218,11,2016,3,5,16,3,5,3,1,0,0,0,0,0,0,0,8.862881653,53.065278698,Hemelingen,Hastedt
219,11,2016,3,6,19,3,5,3,1,1,0,0,0,0,2,1,8.849310926,53.071379661,Östliche Vorstadt,Peterswerder
220,12,2016,3,4,12,2,3,2,1,1,0,0,0,0,0,0,8.592721052,53.535257211,Geestemünde,Geestendorf
221,12,2016,4,6,19,3,5,3,1,1,0,0,0,0,0,0,8.597908918,53.533424127,Geestemünde,Geestendorf
222,11,2016,3,4,15,3,4,6,1,0,0,0,0,0,0,0,8.799886639,53.070436697,Neustadt,Alte Neustadt
223,11,2016,4,3,8,3,5,3,1,0,0,0,0,0,0,0,8.798832933,53.065846024,Neustadt,Buntentor
224,12,2016,4,4,15,3,5,3,1,1,0,0,0,0,0,0,8.590429065,53.539780781,Geestemünde,Geestemünde-Nord
225,11,2016,4,7,23,3,0,1,1,0,0,0,0,0,2,0,8.881044393,53.102276665,Horn-Lehe,Lehe
226,11,2016,3,4,6,3,5,2,1,1,0,0,0,0,1,1,8.704495273,53.155632451,Burglesum,Burg-Grambke
227,12,2016,4,2,15,3,2,6,1,1,0,0,0,0,0,0,8.597643307,53.51581423,Wulsdorf,Dreibergen
228,11,2016,4,5,13,3,5,3,1,1,0,0,0,0,0,0,8.786775851,53.095293525,Walle,Westend
229,11,2016,4,2,20,3,5,2,1,1,0,0,0,0,2,0,8.837229995,53.076896071,Östliche Vorstadt,Fesenfeld
230,11,2016,3,2,7,3,5,3,1,1,0,0,0,0,0,0,8.776670523,53.09755214,Walle,Walle
231,11,2016,3,5,16,3,1,5,1,1,0,0,0,0,0,0,8.904358984,53.0726902,Hemelingen,Sebaldsbrück
232,11,2016,3,2,19,3,0,1,1,0,0,0,0,0,2,0,8.648207739,53.182341539,Vegesack,Schönebeck
233,11,2016,3,5,8,2,3,6,1,1,0,0,0,0,0,0,8.80560089,53.065546653,Neustadt,Buntentor