,UKREIS,UJAHR,UMONAT,UWOCHENTAG,USTUNDE,UKATEGORIE,UART,UTYP1,IstRad,IstPKW,IstFuss,IstKrad,IstGkfz,IstSonstig,ULICHTVERH,STRZUSTAND,longitude,latitude,Stadtteil,Ortsteil
467,11,2016,6,7,11,3,5,3,1,1,0,0,0,0,0,0,8.820018231,53.030147925,Obervieland,Kattenesch
468,11,2016,6,4,19,3,1,7,1,1,0,0,0,0,0,1,8.788543037,53.091225785,Walle,Westend
469,11,2016,6,4,16,3,1,7,1,0,0,0,1,0,0,0,8.849189855,53.071400061,Östliche Vorstadt,Peterswerder
470,11,2016,7,6,15,3,5,3,1,1,0,0,0,0,0,1,8.793686892,53.066393806,Neustadt,Südervorstadt
471,11,2016,7,4,17,3,0,2,1,1,0,0,0,0,0,1,8.744458593,53.130227548,Gröpelingen,Oslebshausen
472,11,2016,6,5,13,3,0,7,1,0,0,0,0,0,0,0,8.571908096,53.188640149,Blumenthal,Blumenthal
473,11,2016,6,6,12,2,5,3,1,1,0,0,0,0,0,0,8.869356608,53.074859036,Vahr,Gartenstadt Vahr
474,11,2016,6,3,18,3,5,3,1,1,0,0,0,0,0,1,8.900968678,53.089482134,Horn-Lehe,Horn
475,11,2016,7,6,20,2,5,3,1,1,0,0,0,0,1,0,8.855819186,53.081591935,Vahr,Gartenstadt Vahr
476,11,2016,6,6,11,3,3,7,1,1,0,0,0,0,0,1,8.824055389,53.079233888,Mitte,Ostertor
477,11,2016,6,5,18,2,5,3,1,1,0,0,0,0,0,0,8.825113422,53.084187307,Schwachhausen,Bürgerpark
478,11,2016,7,3,14,3,0,7,1,0,0,0,0,0,0,1,8.754007153,53.120333098,Gröpelingen,Lindenhof
479,12,2016,7,2,17,3,1,3,1,1,0,0,0,0,0,0,8.590335424,53.539850895,Geestemünde,Geestemünde-Nord
480,11,2016,6,3,16,3,5,3,1,1,0,0,0,0,0,0,8.814985884,53.054704616,Neustadt,Huckelriede
481,11,2016,6,6,17,3,3,6,1,0,0,0,0,0,0,0,8.818040161,53.086225058,Schwachhausen,Barkhof
482,11,2016,6,2,19,3,5,2,1,1,0,0,0,0,0,1,8.805854432,53.07355013,Mitte,Altstadt
483,11,2016,6,4,20,3,5,5,1,1,0,0,0,0,0,0,8.805187972,53.061391904,Neustadt,Buntentor
484,12,2016,7,7,17,3,5,3,1,1,0,0,0,0,0,0,8.605539834,53.523235086,Geestemünde,Grünhöfe
485,11,2016,6,6,23,3,0,1,1,0,0,0,0,0,2,0,8.823415913,53.07661802,Östliche Vorstadt,Fesenfeld
486,11,2016,7,4,17,3,0,1,1,0,0,0,0,0,0,0,8.846571965,53.074863325,Östliche Vorstadt,Hulsberg
487,11,2016,6,2,11,3,5,3,1,1,0,0,0,0,0,0,8.863403468,53.068424397,Hemelingen,Hastedt
488,11,2016,6,3,16,3,5,2,1,1,0,0,0,0,0,1,8.836962759,53.09926395,Schwachhausen,Neu-Schwachhausen
489,11,2016,6,6,7,3,0,1,1,0,0,0,0,0,0,0,8.794076256,53.074339996,Neustadt,Alte Neustadt
490,12,2016,7,6,12,3,0,1,1,0,0,0,0,0,0,0,8.602319977,53.507690204,Wulsdorf,Dreibergen
491,11,2016,7,6,14,2,0,7,1,1,0,0,0,0,0,1,8.824965412,53.084568854,Schwachhausen,Bürgerpark
492,12,2016,6,5,22,3,5,3,1,1,0,0,0,0,2,1,8.598620272,53.505536054,Wulsdorf,Dreibergen
493,11,2016,6,1,19,3,0,7,1,0,1,0,0,0,0,0,8.810653136,53.061739345,Neustadt,Huckelriede
494,11,2016,6,6,9,3,5,2,1,1,0,0,0,0,0,0,8.772545738,53.10911953,Walle,Walle
495,11,2016,6,3,13,2,5,2,1,0,0,0,1,0,0,0,8.84772747,53.093154296,Schwachhausen,Riensberg
496,12,2016,6,6,18,3,5,3,1,1,0,0,0,0,0,1,8.580386091,53.558833957,Lehe (BHV),Goethestrasse
497,11,2016,6,4,18,3,5,3,1,1,0,0,0,0,0,0,8.795198503,53.057707586,Neustadt,Neuenland
498,11,2016,6,3,8,2,0,1,1,0,0,0,0,1,0,1,8.807500574,53.09927347,Findorff,Weidedamm
499,11,2016,7,6,5,3,4,6,1,0,0,0,0,0,1,1,8.787242046,53.056291447,Neustadt,Neuenland
500,11,2016,6,6,8,2,5,2,1,1,0,0,0,0,0,1,8.812689304,53.081087085,Mitte,Bahnhofsvorstadt
501,11,2016,6,5,15,3,5,3,1,1,0,0,0,0,0,0,8.571510758,53.191074099,Blumenthal,Blumenthal
502,11,2016,7,2,17,3,5,7,1,1,0,0,0,0,0,0,8.841696224,53.075927983,Östliche Vorstadt,Hulsberg
503,11,2016,6,3,17,3,1,5,1,1,0,0,0,0,0,0,8.58008611,53.200962119,Blumenthal,Lüssum-Bockhorn
504,11,2016,7,1,1,3,1,1,1,1,0,0,0,0,2,0,8.824347691,53.069905965,Östliche Vorstadt,Steintor
505,11,2016,7,2,18,3,0,1,1,0,0,0,0,0,0,0,8.736204128,53.133411823,Gröpelingen,Oslebshausen
506,12,2016,7,5,15,3,5,3,1,1,0,0,0,0,0,1,8.5909108,53.533543439,Geestemünde,Geestendorf
507,11,2016,6,6,16,3,5,3,1,1,0,0,0,0,0,0,8.78656166,53.100631573,Walle,Walle
508,11,2016,7,4,15,3,0,1,1,0,0,0,0,0,0,0,8.819997638,53.07576239,Mitte,Ostertor
509,11,2016,6,6,7,3,5,3,1,0,0,0,0,1,0,0,8.794066059,53.074388603,Neustadt,Alte Neustadt
510,11,2016,6,7,20,3,0,1,1,0,0,0,0,0,0,1,8.736353372,53.045471562,Huchting,Kirchhuchting
511,11,2016,6,4,17,3,4,6,1,0,0,0,0,0,0,0,8.917463837,53.122121558,Unbekannt,Borgfeld
512,11,2016,6,1,15,3,5,2,1,1,0,0,0,0,0,0,8.799132563,53.06944918,Neustadt,Alte Neustadt
513,11,2016,7,6,8,3,5,2,1,1,0,0,0,0,0,0,8.799132563,53.06944918,Neustadt,Alte Neustadt
514,11,2016,6,6,21,2,0,7,1,0,0,0,0,0,1,0,8.802453582,53.071725916,Neustadt,Alte Neustadt
515,11,2016,6,3,16,3,5,3,1,1,0,0,0,0,0,0,8.609719515,53.173257936,Vegesack,Vegesack
516,11,2016,6,4,8,3,5,3,1,1,0,0,0,0,0,0,8.795725884,53.056166604,Neustadt,Neuenland
517,11,2016,6,2,10,3,3,6,1,0,0,0,0,1,0,0,8.866464506,53.066905185,Hemelingen,Hastedt
518,12,2016,6,3,18,3,3,6,1,0,0,0,0,0,0,0,8.613895434,53.538673554,Geestemünde,Bürgerpark (BHV)
519,11,2016,6,2,15,3,5,3,1,1,0,0,0,0,0,0,8.88774346,53.069050957,Hemelingen,Sebaldsbrück
520,11,2016,7,4,10,3,5,3,1,1,0,0,0,0,0,1,8.825524836,53.07894574,Östliche Vorstadt,Fesenfeld
521,11,2016,6,5,9,3,5,2,1,1,0,0,0,0,0,0,8.77879474,53.064650544,Neustadt,Neuenland
522,11,2016,6,3,17,3,0,7,1,1,1,0,0,0,0,0,8.757431226,53.117350989,Gröpelingen,Ohlenhof
523,11,2016,6,2,9,3,5,3,1,1,0,0,0,0,0,0,8.577099131,53.18840588,Blumenthal,Blumenthal
524,11,2016,6,4,17,3,5,2,1,1,0,0,0,0,0,0,8.814110165,53.081257674,Mitte,Bahnhofsvorstadt
525,11,2016,6,5,9,3,5,3,1,1,0,0,0,0,0,0,8.875887441,53.081779674,Vahr,Gartenstadt Vahr
526,12,2016,6,6,8,3,0,7,1,0,0,0,0,0,0,1,8.553563406,53.57888351,Häfen (BHV),Stadtbremisches Überseehafengebiet Bremerhaven
527,11,2016,6,5,16,3,0,1,1,0,0,0,0,0,0,0,8.740294412,53.062939648,Huchting,Mittelshuchting
528,11,2016,7,3,17,3,6,4,1,0,1,0,0,0,0,0,8.803413687,53.076924382,Mitte,Altstadt
529,11,2016,6,3,21,3,5,2,1,1,0,0,0,0,1,0,8.83761595,53.077525403,Östliche Vorstadt,Hulsberg
530,11,2016,7,4,20,3,5,3,1,1,0,0,0,0,0,0,8.58328762,53.181937219,Blumenthal,Blumenthal
531,11,2016,6,4,16,3,0,7,1,0,0,0,0,0,0,0,8.983194998,53.125618079,Unbekannt,Borgfeld
532,11,2016,7,2,19,3,5,3,1,1,0,0,0,0,0,0,8.850454945,53.041625105,Obervieland,Habenhausen
533,11,2016,6,3,8,3,5,2,1,1,0,0,0,0,0,1,8.835211586,53.08452937,Schwachhausen,Schwachhausen
534,11,2016,6,5,16,3,5,3,1,1,0,0,0,0,0,0,8.794248708,53.084583821,Mitte,Bahnhofsvorstadt
535,11,2016,7,4,21,2,5,3,1,0,0,0,0,1,0,0,8.807246769,53.07605488,Mitte,Altstadt
536,11,2016,6,2,18,3,0,6,1,1,0,0,0,0,0,1,8.827099032,53.086343656,Schwachhausen,Bürgerpark
537,11,2016,6,4,22,3,0,1,1,0,0,0,0,0,2,0,8.827689906,53.072555215,Östliche Vorstadt,Steintor
538,11,2016,6,2,7,3,5,3,1,0,0,0,0,0,0,0,8.612980054,53.182669708,Vegesack,Fähr-Lobbendorf
539,11,2016,6,1,23,3,5,3,1,1,0,0,0,0,2,0,8.790159866,53.064164814,Neustadt,Südervorstadt
540,11,2016,7,6,20,3,5,3,1,0,0,0,0,0,1,1,8.704910751,53.171039857,Burglesum,Burgdamm
541,11,2016,6,5,18,3,3,6,1,0,0,0,0,0,0,0,8.751972898,53.122103877,Gröpelingen,Ohlenhof
542,11,2016,7,6,15,2,5,3,1,0,0,0,0,1,0,0,8.820045851,53.049906903,Neustadt,Huckelriede
543,11,2016,8,3,16,3,1,5,1,1,0,0,0,0,0,0,8.817352878,53.079138414,Mitte,Bahnhofsvorstadt
544,11,2016,8,6,18,2,0,1,1,0,0,0,0,0,0,0,8.852513574,53.086265847,Schwachhausen,Radio Bremen
545,11,2016,7,3,6,3,0,1,1,0,0,0,0,0,0,0,8.854161747,53.082218041,Schwachhausen,Gete
546,11,2016,8,2,18,3,5,3,1,1,0,0,0,0,0,0,8.789158474,53.08291211,Walle,Überseestadt
547,12,2016,8,4,17,2,5,3,1,1,0,0,0,0,0,0,8.598042516,53.585930657,Leherheide,Königsheide
548,11,2016,8,3,9,3,5,7,1,1,0,0,0,0,0,0,8.740792206,53.046972118,Huchting,Kirchhuchting
549,11,2016,8,6,12,3,0,7,1,1,0,0,0,0,0,0,8.801738157,53.067890018,Neustadt,Südervorstadt
550,11,2016,7,2,13,3,5,3,1,1,0,0,0,0,0,0,8.757905614,53.122920688,Gröpelingen,Ohlenhof
551,11,2016,8,1,14,3,5,3,1,1,0,0,0,0,0,0,8.559786449,53.190779598,Blumenthal,Rönnebeck
552,11,2016,8,5,11,3,5,3,1,1,0,0,0,0,0,0,8.78173914,53.086151727,Walle,Überseestadt
553,11,2016,8,6,16,3,5,3,1,1,0,0,0,0,0,1,8.802719118,53.077213099,Mitte,Altstadt
554,11,2016,8,2,13,2,0,7,1,0,0,0,0,0,0,0,8.793916457,53.07423585,Neustadt,Alte Neustadt
555,11,2016,8,3,9,2,0,1,1,0,0,0,0,0,0,0,8.831992072,53.071057869,Östliche Vorstadt,Steintor
556,11,2016,8,2,15,3,1,5,1,1,0,0,0,0,0,1,8.730016408,53.042683175,Huchting,Kirchhuchting
557,11,2016,7,6,8,3,5,2,1,1,0,0,0,0,0,0,8.875996975,53.082133592,Vahr,Neue Vahr Südwest
558,11,2016,8,5,22,3,0,1,1,0,0,0,0,0,2,0,8.704675895,53.154724492,Burglesum,Burg-Grambke
559,11,2016,7,6,22,3,1,5,1,1,0,0,0,0,2,0,8.82535633,53.103404755,Schwachhausen,Neu-Schwachhausen
560,11,2016,7,7,16,3,8,2,1,1,0,0,0,0,0,0,8.575850039,53.18342035,Blumenthal,Blumenthal
561,12,2016,8,4,15,3,5,3,1,0,0,0,0,0,0,0,8.601179641,53.495872107,Wulsdorf,Jedutenberg
562,11,2016,7,4,7,3,4,5,1,1,0,0,0,0,0,0,8.872563828,53.083002803,Schwachhausen,Radio Bremen
563,12,2016,8,3,14,3,0,3,1,0,0,0,0,0,0,0,8.589757952,53.539931259,Geestemünde,Geestemünde-Nord
564,11,2016,8,2,2,3,2,6,1,1,0,0,0,0,2,0,8.824500216,53.043871839,Obervieland,Kattenturm
565,11,2016,8,5,16,3,0,7,1,1,0,0,0,0,0,0,8.844348194,53.094093001,Schwachhausen,Neu-Schwachhausen
566,11,2016,8,2,22,3,6,4,1,0,1,0,0,0,2,0,8.796309778,53.076823029,Neustadt,Alte Neustadt
567,11,2016,8,4,8,3,4,6,1,0,0,0,0,0,0,0,8.807129105,53.082526626,Mitte,Bahnhofsvorstadt
568,12,2016,7,4,12,3,5,3,1,1,0,0,0,0,0,0,8.6058176,53.522706427,Geestemünde,Grünhöfe
569,11,2016,7,4,12,3,5,3,1,1,0,0,0,0,0,0,8.837152679,53.0717663,Östliche Vorstadt,Hulsberg
570,12,2016,8,2,12,3,5,3,1,1,0,0,0,0,0,0,8.616388756,53.588818195,Leherheide,Leherheide-West
571,11,2016,7,4,8,2,5,3,1,0,0,0,0,1,0,0,8.960646677,53.041993356,Hemelingen,Mahndorf
572,11,2016,8,4,7,3,5,3,1,1,0,0,0,0,0,1,8.880681714,53.078969938,Vahr,Neue Vahr Südwest
573,12,2016,8,2,21,3,8,1,1,0,0,0,0,0,0,0,8.579782325,53.546702499,Mitte (BHV),Mitte-Süd
574,11,2016,7,6,18,3,1,5,1,1,0,0,0,0,0,0,8.95311679,53.038118466,Hemelingen,Mahndorf
575,11,2016,8,6,14,3,5,3,1,1,0,0,0,0,0,0,8.83539272,53.073436729,Östliche Vorstadt,Steintor
576,12,2016,7,2,6,2,5,3,1,1,0,0,0,0,0,0,8.595023666,53.572065502,Lehe (BHV),Eckernfeld
577,11,2016,8,4,16,3,3,2,1,0,0,0,0,1,0,0,8.791441587,53.101969637,Walle,Osterfeuerberg
578,12,2016,8,6,14,3,0,7,1,0,0,0,0,0,0,0,8.581600086,53.541002366,Mitte (BHV),Mitte-Süd
579,11,2016,7,3,13,3,1,5,1,1,0,0,0,0,0,0,8.803587578,53.066756439,Neustadt,Buntentor
580,11,2016,8,2,9,3,5,3,1,1,0,0,0,0,0,1,8.874239693,53.078447224,Vahr,Gartenstadt Vahr
581,11,2016,7,2,12,2,5,7,1,1,0,0,0,0,0,0,8.750011646,53.092896148,Woltmershausen,Rablinghausen
582,11,2016,8,6,14,3,5,3,1,1,0,0,0,0,0,0,8.811673282,53.081646957,Mitte,Bahnhofsvorstadt
583,11,2016,7,7,15,1,6,3,1,0,1,0,0,0,0,1,8.804361998,53.075652374,Mitte,Altstadt
584,11,2016,8,6,14,3,5,3,1,1,0,0,0,0,0,0,8.732884432,53.058378036,Huchting,Mittelshuchting
585,11,2016,8,7,12,3,5,3,1,1,0,0,0,0,0,0,8.876541087,53.081044036,Vahr,Gartenstadt Vahr
586,11,2016,7,2,10,3,0,1,1,0,0,0,0,0,0,0,8.861785,53.099194546,Horn-Lehe,Horn
587,11,2016,7,6,19,3,1,5,1,1,0,0,0,0,0,0,8.73898808,53.055368605,Huchting,Mittelshuchting
588,11,2016,8,5,16,3,0,6,1,1,0,0,0,0,0,1,8.864846165,53.095651186,Horn-Lehe,Horn
589,12,2016,8,3,11,3,5,3,1,1,0,0,0,0,0,0,8.586268371,53.5626895,Lehe (BHV),Klushof
590,12,2016,7,3,6,3,5,3,1,1,0,0,0,0,0,0,8.603730493,53.586235138,Leherheide,Königsheide
591,11,2016,8,4,10,2,4,2,1,1,0,0,0,0,0,0,8.54851439,53.18816971,Blumenthal,Rönnebeck
592,11,2016,8,2,7,3,3,6,1,0,0,0,0,0,0,0,8.799274749,53.071417444,Neustadt,Alte Neustadt
593,11,2016,8,5,8,3,5,3,1,1,0,0,0,0,0,0,8.792019493,53.094500197,Walle,Westend
594,11,2016,8,6,19,3,5,3,1,1,0,0,0,0,0,0,8.89191708,53.048883313,Hemelingen,Hemelingen
595,11,2016,8,5,11,3,0,1,1,0,0,0,0,0,0,1,8.831386126,53.071224909,Östliche Vorstadt,Steintor
596,11,2016,7,7,22,3,0,1,1,0,0,0,0,0,2,0,8.827880342,53.072496661,Östliche Vorstadt,Steintor
597,11,2016,7,6,12,3,1,5,1,1,0,0,0,0,0,0,8.769274265,53.082591495,Woltmershausen,Woltmershausen
598,11,2016,7,1,1,3,0,7,1,0,0,0,0,0,2,0,8.799607769,53.094643434,Findorff,Regensburger Str.
599,11,2016,8,6,7,3,1,5,1,1,0,0,0,0,0,0,8.866744036,53.070145039,Hemelingen,Hastedt
600,11,2016,8,4,15,3,0,1,1,0,0,0,0,0,0,0,8.828005014,53.070132924,Östliche Vorstadt,Steintor
601,11,2016,8,2,14,3,5,3,1,0,0,0,0,1,0,0,8.776195761,53.098657592,Walle,Walle
602,11,2016,8,4,21,3,4,6,1,1,0,0,0,0,2,0,8.914170484,53.068520967,Hemelingen,Sebaldsbrück
603,12,2016,7,5,11,3,6,7,1,0,1,0,0,0,0,0,8.59159441,53.566371333,Lehe (BHV),Klushof
604,11,2016,8,4,9,3,5,3,1,1,0,0,0,0,0,0,8.880338664,53.0824284,Vahr,Neue Vahr Südwest
605,11,2016,7,6,12,3,4,6,1,0,0,0,0,0,0,0,8.783603357,53.075521911,Woltmershausen,Woltmershausen
606,11,2016,8,2,19,3,5,3,1,1,0,0,0,0,0,0,8.740514245,53.054235554,Huchting,Mittelshuchting
607,11,2016,8,4,7,3,5,3,1,1,0,0,0,0,0,0,8.575320132,53.1921802,Blumenthal,Blumenthal
608,11,2016,7,5,18,3,5,2,1,1,0,0,0,0,0,0,8.793628617,53.066408549,Neustadt,Neustadt
609,12,2016,8,3,10,3,3,6,1,0,0,0,0,0,0,0,8.601419151,53.591422753,Leherheide,Königsheide
610,11,2016,7,3,14,3,5,3,1,1,0,0,0,0,0,0,8.916459128,53.071289028,Hemelingen,Sebaldsbrück
611,11,2016,8,2,7,3,5,3,1,1,0,0,0,0,0,0,8.843716244,53.088290137,Schwachhausen,Riensberg
612,11,2016,7,2,8,3,5,2,1,1,0,0,0,0,0,0,8.702132439,53.167995647,Burglesum,Burgdamm
613,11,2016,7,3,11,2,0,7,1,0,0,0,0,1,0,0,8.954492941,53.045121464,Osterholz,Osterholz
614,11,2016,8,6,12,3,5,2,1,1,0,0,0,0,0,1,8.807435525,53.09438042,Findorff,Regensburger Str.
615,11,2016,8,5,17,3,3,6,1,1,0,0,0,0,0,1,8.822741223,53.082889821,Schwachhausen,Barkhof
616,12,2016,8,2,15,3,5,2,1,1,0,0,0,0,0,0,8.593666274,53.533365479,Geestemünde,Geestendorf
617,11,2016,8,2,8,3,5,3,1,0,0,1,0,0,0,0,8.799488616,53.071521047,Neustadt,Alte Neustadt
618,11,2016,8,3,20,3,6,4,1,0,1,0,0,0,0,0,8.845567723,53.071596595,Östliche Vorstadt,Peterswerder
619,11,2016,8,3,17,3,6,7,1,0,1,0,0,0,0,0,8.806253771,53.084236981,Mitte,Bahnhofsvorstadt
620,11,2016,7,7,14,2,0,1,1,0,0,0,0,0,0,1,8.830892242,53.081463214,Schwachhausen,Schwachhausen
621,11,2016,8,3,21,3,5,2,1,1,0,0,0,0,1,0,8.779329571,53.078664682,Häfen,Hohentorshafen
622,11,2016,7,5,19,3,1,5,1,1,0,0,0,0,0,0,8.801075836,53.068310055,Neustadt,Südervorstadt
623,11,2016,8,3,14,3,5,3,1,1,0,0,0,0,0,0,8.898528152,53.119941809,Unbekannt,Borgfeld
624,11,2016,8,6,8,3,0,1,1,0,0,0,0,0,0,0,8.833770714,53.081828287,Schwachhausen,Schwachhausen
625,11,2016,7,2,22,2,5,3,1,1,0,0,0,0,2,0,8.886391602,53.0346057,Hemelingen,Hemelingen
626,11,2016,8,7,15,3,2,6,1,1,0,0,0,0,0,0,8.833550579,53.08214702,Schwachhausen,Schwachhausen
627,11,2016,8,6,14,3,5,3,1,1,0,0,0,0,0,1,8.941644875,53.060418376,Osterholz,Ellenerbrok-Schevemoor
628,11,2016,8,1,19,3,6,4,1,0,1,0,0,0,0,0,8.853244213,53.08684058,Schwachhausen,Radio Bremen
629,11,2016,7,2,16,3,5,6,1,1,0,0,0,0,0,0,8.810589353,53.039247018,Obervieland,Kattenturm
630,11,2016,8,5,11,2,0,3,1,1,0,0,0,0,0,0,8.77338784,53.091692259,Walle,Überseestadt
631,11,2016,8,7,12,3,5,2,1,0,0,0,0,0,0,0,8.759853363,53.113487516,Gröpelingen,Lindenhof
632,11,2016,8,6,13,3,5,3,1,1,0,0,0,0,0,0,8.619074583,53.180499785,Vegesack,Fähr-Lobbendorf
633,11,2016,8,5,11,2,5,3,1,1,0,0,0,0,0,1,8.880009305,53.090647602,Horn-Lehe,Horn
634,11,2016,8,3,7,2,4,6,1,0,0,0,0,0,0,0,8.886746948,53.051523432,Hemelingen,Hemelingen
635,12,2016,7,7,9,3,3,6,1,1,0,0,0,0,0,0,8.593473107,53.533815985,Geestemünde,Geestendorf
636,11,2016,8,5,14,3,5,2,1,1,0,0,0,0,0,0,8.830436667,53.085655978,Schwachhausen,Bürgerpark
637,11,2016,8,2,14,3,4,6,1,0,0,1,0,0,0,0,8.886716122,53.051556637,Hemelingen,Hemelingen
638,11,2016,8,4,13,3,3,6,1,0,0,0,0,0,0,0,8.799423844,53.070182994,Neustadt,Alte Neustadt
639,11,2016,7,5,14,3,4,1,1,0,0,0,0,0,0,0,8.626030857,53.166729465,Vegesack,Grohn
640,12,2016,8,3,13,3,0,1,1,0,0,0,1,0,0,0,8.579152952,53.533283649,Geestemünde,Geestemünde-Nord
641,11,2016,8,7,10,3,6,1,1,0,1,0,0,0,0,0,8.789326083,53.09304724,Walle,Westend
642,12,2016,7,3,21,3,5,3,1,1,0,0,0,0,1,0,8.598274133,53.570226548,Lehe (BHV),Klushof
643,11,2016,8,2,16,3,5,3,1,0,0,0,0,0,0,0,8.80769035,53.082407593,Mitte,Bahnhofsvorstadt
644,11,2016,8,2,15,3,5,3,1,0,0,0,0,0,0,1,8.912666774,53.055381219,Hemelingen,Sebaldsbrück
645,11,2016,7,5,7,3,4,6,1,1,0,0,0,0,0,0,8.758906288,53.091790365,Woltmershausen,Rablinghausen
646,11,2016,7,7,12,3,3,2,1,1,0,0,0,0,0,0,8.627879892,53.17188814,Vegesack,Vegesack
647,11,2016,7,3,11,3,5,3,1,0,0,0,0,1,0,0,8.832841014,53.070808736,Östliche Vorstadt,Steintor
648,11,2016,7,1,22,3,0,7,1,0,0,0,0,0,1,0,8.896295348,53.082419536,Vahr,Neue Vahr Nord
649,11,2016,8,3,8,3,5,2,1,1,0,0,0,0,0,0,8.791019792,53.095509267,Walle,Westend
650,11,2016,8,6,18,3,0,1,1,0,0,0,0,0,0,0,8.826999172,53.072778406,Östliche Vorstadt,Steintor
651,11,2016,8,1,10,3,0,3,1,1,0,0,0,0,0,0,8.855044402,53.078751255,Schwachhausen,Gete
652,11,2016,7,3,11,2,0,7,1,0,0,0,0,1,0,0,8.954507597,53.04512671,Osterholz,Osterholz
653,11,2016,7,1,12,3,7,1,1,0,0,0,0,1,0,0,8.832126864,53.108670507,Horn-Lehe,Lehe
654,11,2016,8,5,9,2,0,3,1,0,0,0,0,1,0,1,8.880177935,53.101501703,Horn-Lehe,Lehe
655,11,2016,8,6,13,3,5,3,1,1,0,0,0,0,0,0,8.829459291,53.089004433,Schwachhausen,Bürgerpark
656,11,2016,7,2,15,3,5,3,1,1,0,0,0,0,0,0,8.739879924,53.047237021,Huchting,Kirchhuchting
657,12,2016,8,5,7,3,1,6,1,1,0,0,0,0,0,1,8.592138455,53.568458255,Lehe (BHV),Klushof
658,12,2016,8,3,7,3,6,4,1,0,1,0,0,0,0,1,8.581042446,53.551480994,Lehe (BHV),Klushof
659,12,2016,8,7,16,3,5,3,1,1,0,0,0,0,0,0,8.611174304,53.529619801,Geestemünde,Bürgerpark (BHV)
660,11,2016,7,1,14,3,0,1,1,0,0,0,0,0,0,0,8.807166859,53.064618784,Neustadt,Buntentor
661,11,2016,8,4,13,3,3,6,1,1,0,0,0,0,0,0,8.909005793,53.056010076,Hemelingen,Sebaldsbrück
662,11,2016,8,1,17,3,5,3,1,1,0,0,0,0,0,0,8.786447654,53.095466049,Walle,Westend
663,11,2016,7,2,23,3,4,6,1,0,0,0,0,0,2,0,8.803215079,53.07222352,Neustadt,Alte Neustadt
664,12,2016,8,2,10,3,5,7,1,1,0,0,0,0,0,0,8.589764523,53.539233426,Geestemünde,Geestemünde-Nord
665,11,2016,8,2,16,3,0,1,1,0,0,0,0,0,0,1,8.8275864,53.072585925,Östliche Vorstadt,Steintor
666,11,2016,8,5,12,3,0,5,1,0,0,0,0,1,0,1,8.572200725,53.197289143,Blumenthal,Lüssum-Bockhorn
667,11,2016,7,7,12,3,5,3,1,1,0,0,0,0,0,0,8.772341306,53.109011924,Walle,Walle
668,11,2016,7,3,1,3,5,3,1,1,0,0,0,0,2,0,8.84489116,53.045803426,Obervieland,Habenhausen
669,12,2016,8,5,9,3,8,1,1,0,0,0,0,0,0,0,8.586094193,53.561086382,Lehe (BHV),Klushof
670,11,2016,8,6,9,3,5,3,1,1,0,0,0,0,0,0,8.925386642,53.073007888,Osterholz,Ellener Feld
671,11,2016,8,4,8,3,4,6,1,0,0,0,0,0,0,1,8.791901344,53.085743807,Walle,Utbremen
672,12,2016,7,4,13,2,5,3,1,1,0,0,0,0,0,0,8.593336367,53.54652292,Geestemünde,Geestemünde-Nord
673,12,2016,7,6,18,3,8,1,1,0,0,0,0,0,0,0,8.58464508,53.560062984,Lehe (BHV),Goethestrasse
674,11,2016,8,4,16,3,5,2,1,1,0,0,0,0,0,0,8.818738214,53.043877108,Obervieland,Kattenturm
675,11,2016,7,3,6,3,5,3,1,1,0,0,0,0,0,0,8.826166792,53.034332725,Obervieland,Kattenturm
676,11,2016,8,4,15,2,0,1,1,0,0,0,0,0,0,0,8.809185506,53.078851413,Mitte,Altstadt
677,12,2016,8,2,20,3,1,1,1,1,0,0,0,0,1,0,8.599933906,53.529435909,Geestemünde,Geestendorf
678,11,2016,8,3,15,3,5,3,1,1,0,0,0,0,0,0,8.849731047,53.048971602,Obervieland,Habenhausen
679,11,2016,8,3,13,2,5,2,1,1,0,0,0,0,0,0,8.819113549,53.080275639,Mitte,Ostertor
680,11,2016,8,4,7,3,0,2,1,1,0,0,0,0,0,1,8.765461511,53.107180755,Walle,Überseestadt
681,11,2016,8,2,8,3,5,2,1,1,0,0,0,0,0,0,8.787484393,53.089916474,Walle,Utbremen
682,11,2016,8,4,8,3,5,3,1,1,0,0,0,0,0,0,8.805500056,53.081558785,Mitte,Bahnhofsvorstadt
683,11,2016,8,6,13,3,5,3,1,1,0,0,0,0,0,0,8.675490612,53.173579502,Burglesum,Lesum
684,12,2016,7,7,16,3,0,7,1,0,0,0,0,0,0,0,8.593715463,53.562241705,Lehe (BHV),Klushof
685,11,2016,7,3,14,3,5,3,1,1,0,0,0,0,0,0,8.574061522,53.19802157,Blumenthal,Lüssum-Bockhorn
686,11,2016,8,5,14,3,5,3,1,1,0,0,0,0,0,1,8.635789753,53.17319335,Vegesack,Vegesack
687,11,2016,8,2,19,2,5,3,1,1,0,0,0,0,0,0,8.867286943,53.06990895,Hemelingen,Hastedt
688,11,2016,8,6,11,3,1,5,1,0,0,0,0,1,0,0,8.830887201,53.076970691,Östliche Vorstadt,Fesenfeld
689,11,2016,8,6,15,3,4,2,1,1,0,0,0,0,0,1,8.784098571,53.075618285,Woltmershausen,Woltmershausen
690,12,2016,7,2,20,3,7,6,1,0,0,0,0,0,0,0,8.580430606,53.557209943,Lehe (BHV),Goethestrasse
691,11,2016,8,7,12,3,5,2,1,1,0,0,0,0,0,0,8.853544711,53.064832079,Hemelingen,Hastedt
692,11,2016,7,2,17,3,5,2,1,1,0,0,0,0,0,0,8.876597124,53.081389183,Vahr,Neue Vahr Südwest
693,11,2016,8,4,6,3,0,7,1,0,0,0,0,1,0,0,8.661476751,53.161662004,Burglesum,St.Magnus
694,11,2016,8,1,15,3,6,3,1,0,1,0,0,0,0,0,8.790066029,53.094617757,Walle,Westend
695,11,2016,8,2,15,3,0,1,1,0,0,0,0,0,0,1,8.853149551,53.1042719,Horn-Lehe,Lehe
696,11,2016,8,5,7,3,4,3,1,0,0,0,0,0,0,0,8.863046102,53.071430211,Hemelingen,Hastedt
697,11,2016,8,5,7,2,0,7,1,0,0,0,0,0,0,0,8.780955559,53.112683583,Walle,Walle
698,11,2016,8,3,13,3,5,3,1,1,0,0,0,0,0,1,8.957982762,53.048842848,Osterholz,Osterholz