,UKREIS,UJAHR,UMONAT,UWOCHENTAG,USTUNDE,UKATEGORIE,UART,UTYP1,IstRad,IstPKW,IstFuss,IstKrad,IstGkfz,IstSonstig,ULICHTVERH,STRZUSTAND,longitude,latitude,Stadtteil,Ortsteil
932,11,2016,10,6,16,3,0,7,1,1,0,0,0,0,0,0,8.893067377,53.082222825,Vahr,Neue Vahr Südost
933,11,2016,11,3,17,3,5,3,1,1,0,0,0,0,1,1,8.878505499,53.101393278,Horn-Lehe,Lehe
934,11,2016,10,2,17,3,5,3,1,1,0,0,0,0,2,1,8.785501701,53.096731001,Walle,Westend
935,11,2016,10,7,19,2,7,7,1,0,0,0,0,0,2,0,8.838031836,53.067851645,Östliche Vorstadt,Peterswerder
936,11,2016,10,3,9,3,1,5,1,1,0,0,0,0,0,0,8.865859849,53.09749196,Horn-Lehe,Horn
937,12,2016,11,6,9,3,0,7,1,1,0,0,0,0,0,1,8.588620385,53.577869677,Lehe (BHV),Eckernfeld
938,11,2016,11,5,7,3,3,6,1,0,0,0,1,0,0,0,8.805609107,53.065541904,Neustadt,Buntentor
939,12,2016,10,4,10,3,0,7,1,1,0,0,0,0,0,0,8.594270376,53.561541654,Lehe (BHV),Klushof
940,11,2016,10,3,20,3,5,3,1,1,0,0,0,0,2,0,8.87518152,53.082430093,Schwachhausen,Radio Bremen
941,11,2016,10,2,6,2,5,3,1,1,0,0,0,0,2,1,8.625262433,53.180283454,Vegesack,Unbekannt
942,11,2016,10,6,14,3,0,1,1,0,0,0,0,0,0,1,8.878388974,53.079063537,Vahr,Gartenstadt Vahr
943,11,2016,10,2,6,3,4,2,1,0,0,0,0,0,2,0,8.903496286,53.047822467,Hemelingen,Hemelingen
944,11,2016,11,6,7,3,5,3,1,0,0,0,0,1,0,1,8.835625733,53.073780148,Östliche Vorstadt,Hulsberg
945,11,2016,10,2,14,3,5,3,1,0,0,0,0,1,0,0,8.802157885,53.063803023,Neustadt,Buntentor
946,11,2016,10,5,16,3,0,5,1,0,0,0,0,1,0,0,8.80369947,53.101702804,Findorff,Weidedamm
947,11,2016,10,4,20,3,0,1,1,0,0,0,0,0,2,0,8.806307456,53.084131297,Mitte,Bahnhofsvorstadt
948,11,2016,10,6,13,3,5,3,1,1,0,0,0,0,0,1,8.804912463,53.088549123,Findorff,Findorff-Bürgerweide
949,11,2016,10,3,13,3,5,3,1,1,0,0,0,0,0,0,8.824969723,53.084567362,Schwachhausen,Bürgerpark
950,11,2016,11,2,19,2,5,3,1,0,0,0,0,0,2,0,8.800612371,53.094594469,Findorff,Regensburger Str.
951,11,2016,11,6,20,3,5,3,1,1,0,0,0,0,2,1,8.824750675,53.084162597,Schwachhausen,Barkhof
952,11,2016,10,4,15,2,5,3,1,1,0,0,0,0,0,0,8.686084571,53.173313335,Burglesum,Lesum
953,12,2016,10,3,17,3,5,3,1,1,0,0,0,0,0,1,8.596091266,53.533002797,Geestemünde,Geestendorf
954,11,2016,11,4,10,3,4,2,1,1,0,0,0,0,0,1,8.799303541,53.083891055,Mitte,Bahnhofsvorstadt
955,11,2016,10,5,14,3,5,3,1,1,0,0,0,0,0,1,8.837144696,53.082586161,Schwachhausen,Schwachhausen
956,11,2016,10,2,15,3,5,2,1,1,0,0,0,0,0,0,8.835455275,53.097159714,Schwachhausen,Neu-Schwachhausen
957,11,2016,11,5,10,3,0,1,1,0,0,0,0,0,0,1,8.630235587,53.167078348,Vegesack,Grohn
958,11,2016,11,1,21,3,5,3,1,1,0,0,0,0,2,1,8.796404156,53.06897503,Neustadt,Neustadt
959,11,2016,10,7,16,3,0,7,1,0,0,0,0,0,0,1,8.926232695,53.097604788,Oberneuland,Unbekannt
960,12,2016,11,3,7,3,0,7,1,0,0,0,0,0,0,1,8.590542774,53.539808206,Geestemünde,Geestemünde-Nord
961,12,2016,10,4,20,2,0,7,1,1,0,0,0,0,2,0,8.612636767,53.52943394,Geestemünde,Bürgerpark (BHV)
962,11,2016,10,1,17,3,5,2,1,1,0,0,0,0,2,1,8.820246287,53.084041434,Schwachhausen,Barkhof
963,11,2016,10,6,15,3,0,1,1,0,0,0,0,0,0,1,8.810615651,53.081874609,Mitte,Bahnhofsvorstadt
964,11,2016,10,3,9,3,5,3,1,1,0,0,0,0,0,0,8.800978681,53.081030574,Mitte,Altstadt
965,11,2016,11,3,8,3,5,3,1,0,0,0,0,1,0,1,8.964033675,53.061793587,Osterholz,Tenever
966,11,2016,11,7,13,3,1,5,1,1,0,0,0,0,0,1,8.755089602,53.088499616,Woltmershausen,Rablinghausen
967,11,2016,10,6,18,3,5,3,1,1,0,0,0,0,2,1,8.821691213,53.082188404,Schwachhausen,Barkhof
968,11,2016,10,3,5,3,5,2,1,1,0,0,0,0,2,1,8.80484184,53.080964552,Mitte,Bahnhofsvorstadt
969,11,2016,10,3,13,3,1,7,1,1,0,0,0,0,0,0,8.772008935,53.071641519,Woltmershausen,Woltmershausen
970,11,2016,11,4,16,3,5,3,1,1,0,0,0,0,2,1,8.897650483,53.058945762,Hemelingen,Sebaldsbrück
971,11,2016,11,3,10,2,5,2,1,0,0,0,0,1,0,1,8.852612274,53.10444922,Horn-Lehe,Lehe
972,11,2016,11,2,17,3,5,3,1,1,0,0,0,0,2,0,8.796972398,53.068586684,Neustadt,Neustadt
973,11,2016,11,2,17,3,0,3,1,1,0,0,0,0,2,0,8.949730143,53.064211567,Osterholz,Ellenerbrok-Schevemoor
974,11,2016,10,6,10,3,0,7,1,0,0,0,0,0,0,0,8.828546616,53.085202368,Schwachhausen,Bürgerpark
975,11,2016,11,5,9,3,5,3,1,0,0,0,0,1,0,1,8.739480892,53.048794049,Huchting,Kirchhuchting
976,11,2016,10,3,6,3,5,3,1,1,0,0,0,0,2,1,8.819770863,53.049489827,Neustadt,Huckelriede
977,11,2016,10,2,7,3,5,2,1,1,0,0,0,0,1,1,8.851000054,53.045321735,Obervieland,Habenhausen
978,11,2016,10,5,15,3,0,7,1,0,0,0,0,0,0,1,8.822239131,53.034105512,Obervieland,Kattenturm
979,11,2016,11,3,5,2,0,7,1,0,0,0,0,0,2,1,8.902452891,53.049181607,Hemelingen,Hemelingen
980,12,2016,10,3,8,3,5,3,1,1,0,0,0,0,0,0,8.607747477,53.530273238,Geestemünde,Bürgerpark (BHV)
981,11,2016,10,2,15,3,0,1,1,0,0,0,0,0,0,1,8.886893759,53.059709904,Hemelingen,Hemelingen
982,12,2016,11,7,9,3,5,3,1,1,0,0,0,0,0,0,8.604562552,53.577474197,Lehe (BHV),Schierholz
983,11,2016,10,5,15,3,5,3,1,1,0,0,0,0,0,0,8.873253809,53.067168044,Hemelingen,Hastedt
984,11,2016,11,4,13,3,0,1,1,0,0,0,0,0,0,1,8.805726731,53.081407153,Mitte,Bahnhofsvorstadt
985,11,2016,10,1,13,2,4,6,1,0,0,0,0,0,0,0,8.784086288,53.075625732,Woltmershausen,Woltmershausen
986,11,2016,10,4,18,3,5,3,1,1,0,0,0,0,2,0,8.838033734,53.067850219,Östliche Vorstadt,Peterswerder
987,11,2016,11,6,12,3,1,7,1,1,0,0,0,0,0,0,8.936280259,53.06685072,Osterholz,Ellenerbrok-Schevemoor
988,11,2016,11,6,7,3,5,3,1,1,0,0,0,0,0,0,8.783275997,53.069726152,Neustadt,Hohentor
989,11,2016,11,2,8,2,5,2,1,1,0,0,0,0,0,0,8.819093714,53.087046512,Schwachhausen,Barkhof
990,11,2016,10,1,14,3,2,6,1,0,0,0,0,0,0,0,8.777118403,53.106599244,Walle,Walle
991,11,2016,11,4,14,3,2,6,1,0,0,0,0,0,0,1,8.851856525,53.088671584,Schwachhausen,Riensberg
992,11,2016,11,5,17,3,5,3,1,1,0,0,0,0,2,1,8.792135972,53.075238037,Neustadt,Alte Neustadt
993,11,2016,11,4,17,3,3,2,1,1,0,0,0,0,2,1,8.809168264,53.078835362,Mitte,Altstadt
994,11,2016,10,2,6,3,5,3,1,1,0,0,0,0,2,1,8.58004043,53.180281013,Blumenthal,Blumenthal
995,12,2016,10,7,11,3,5,3,1,0,0,0,0,1,0,0,8.587391806,53.536457669,Geestemünde,Geestemünde-Nord
996,11,2016,10,5,22,3,5,2,1,1,0,0,0,0,2,0,8.891846581,53.048530874,Hemelingen,Hemelingen
997,11,2016,10,3,11,3,1,5,1,1,0,0,0,0,0,0,8.807838884,53.064219339,Neustadt,Buntentor
998,11,2016,11,5,12,3,5,3,1,0,0,0,0,0,0,0,8.819471619,53.075858586,Mitte,Ostertor
999,11,2016,11,6,13,3,5,3,1,1,0,0,0,0,0,0,8.824991634,53.081148636,Schwachhausen,Barkhof
1000,11,2016,10,6,15,3,5,2,1,1,0,0,0,0,0,0,8.856903633,53.0726742,Hemelingen,Hastedt
1001,11,2016,11,4,16,3,5,3,1,1,0,0,0,0,1,1,8.789158474,53.08291211,Walle,Überseestadt
1002,11,2016,10,6,20,3,4,6,1,1,0,0,0,0,2,1,8.819116854,53.080277622,Mitte,Ostertor
1003,11,2016,10,4,16,3,5,2,1,0,0,0,0,1,0,0,8.80361921,53.072225218,Neustadt,Alte Neustadt
1004,11,2016,11,3,11,3,0,7,1,1,0,0,0,0,0,1,8.735091441,53.043963732,Huchting,Kirchhuchting
1005,11,2016,10,5,13,3,0,2,1,0,0,0,0,1,0,1,8.86482143,53.07086104,Hemelingen,Hastedt
1006,11,2016,10,3,19,3,0,1,1,0,0,0,0,0,2,1,8.825143856,53.08442857,Schwachhausen,Bürgerpark
1007,11,2016,10,5,6,3,6,4,1,0,1,0,0,0,2,1,8.702511393,53.170102808,Burglesum,Burgdamm
1008,11,2016,10,2,5,3,5,2,1,1,0,0,0,0,2,0,8.746867871,53.121831005,Häfen,Industriehäfen
1009,11,2016,11,3,10,3,3,7,1,1,0,0,0,0,0,1,8.802228836,53.069846391,Neustadt,Alte Neustadt
1010,11,2016,10,2,6,3,1,7,1,0,1,0,0,0,2,1,8.801159279,53.078305096,Mitte,Altstadt
1011,11,2016,11,1,16,3,5,2,1,1,0,0,0,0,1,0,8.56483373,53.193259815,Blumenthal,Blumenthal
1012,11,2016,10,2,19,3,2,7,1,1,0,0,0,0,1,0,8.835220427,53.084532617,Schwachhausen,Schwachhausen
1013,11,2016,10,5,20,3,5,3,1,1,0,0,0,0,2,0,8.830918448,53.074384109,Östliche Vorstadt,Steintor
1014,11,2016,11,2,8,3,5,3,1,1,0,0,0,0,0,0,8.897421758,53.058587462,Hemelingen,Sebaldsbrück
1015,11,2016,10,3,13,3,0,1,1,0,0,0,0,0,0,0,8.769665398,53.082442326,Woltmershausen,Woltmershausen
1016,12,2016,10,4,14,3,0,7,1,0,0,0,0,0,0,0,8.543578944,53.586541145,Häfen (BHV),Stadtbremisches Überseehafengebiet Bremerhaven
1017,11,2016,10,2,11,2,6,4,1,0,1,0,0,0,0,0,8.624885523,53.173019775,Vegesack,Vegesack
1018,11,2016,10,6,15,3,5,3,1,1,0,0,0,0,0,1,8.740126029,53.05141244,Huchting,Kirchhuchting
1019,11,2016,11,6,14,3,1,5,1,1,0,0,0,0,0,0,8.788533366,53.070593297,Neustadt,Hohentor
1020,11,2016,10,2,11,3,5,3,1,1,0,0,0,0,0,0,8.872321865,53.067339602,Hemelingen,Hastedt
1021,11,2016,11,6,12,3,3,6,1,0,0,0,0,0,0,0,8.845521676,53.046614505,Obervieland,Habenhausen
1022,11,2016,11,4,17,3,5,2,1,1,0,0,0,0,2,1,8.866764622,53.090946025,Schwachhausen,Radio Bremen
1023,11,2016,10,4,14,3,5,2,1,1,1,0,0,0,0,0,8.735091441,53.043963732,Huchting,Kirchhuchting
1024,11,2016,11,5,7,3,5,2,1,1,0,0,0,0,1,1,8.739195678,53.135399013,Gröpelingen,Oslebshausen
1025,11,2016,10,4,7,3,0,7,1,0,0,0,0,0,2,1,8.721049363,53.048833406,Huchting,Sodenmatt
1026,11,2016,10,2,7,3,5,3,1,1,0,0,0,0,1,1,8.874262121,53.078426847,Vahr,Gartenstadt Vahr
1027,11,2016,10,6,14,3,5,3,1,0,0,0,0,0,0,1,8.949886323,53.035368989,Hemelingen,Mahndorf
1028,11,2016,10,4,15,3,3,2,1,1,0,0,0,0,0,0,8.807286956,53.060097396,Neustadt,Huckelriede
1029,11,2016,11,5,15,3,3,6,1,0,0,0,0,1,0,0,8.800813659,53.068469852,Neustadt,Alte Neustadt
1030,11,2016,11,4,17,3,5,3,1,0,0,0,0,1,2,1,8.780250616,53.078267947,Woltmershausen,Woltmershausen
1031,11,2016,10,2,11,3,5,3,1,0,0,0,0,1,0,0,8.940560527,53.077596202,Oberneuland,Unbekannt
1032,12,2016,10,3,17,3,2,6,1,1,0,0,0,0,0,0,8.586291401,53.563601291,Lehe (BHV),Klushof
1033,12,2016,10,2,15,3,0,1,1,0,0,0,0,0,0,1,8.589412627,53.563446102,Lehe (BHV),Klushof
1034,11,2016,10,2,13,3,0,1,1,0,0,0,0,0,0,0,8.856377472,53.088814285,Schwachhausen,Radio Bremen
1035,12,2016,10,5,17,3,5,3,1,1,0,0,0,0,0,1,8.590250542,53.559095532,Lehe (BHV),Klushof
1036,11,2016,10,2,14,3,5,3,1,1,0,0,0,0,0,0,8.836550578,53.114971932,Horn-Lehe,Lehe
1037,11,2016,11,3,6,3,5,2,1,1,0,0,0,0,1,1,8.900942566,53.05928981,Hemelingen,Sebaldsbrück
1038,12,2016,10,6,14,3,5,3,1,1,0,0,0,0,0,1,8.601122883,53.497222475,Wulsdorf,Jedutenberg
1039,11,2016,10,6,11,3,0,1,1,0,0,0,0,0,0,1,8.896328236,53.079425142,Vahr,Neue Vahr Südost
1040,11,2016,10,3,8,3,1,5,1,1,0,0,0,0,1,1,8.842881437,53.095292698,Schwachhausen,Neu-Schwachhausen
1041,11,2016,11,3,18,2,5,3,1,1,0,0,0,0,2,0,8.7735374,53.110751913,Gröpelingen,Gröpelingen
1042,11,2016,11,6,19,3,4,6,1,1,0,0,0,0,2,1,8.831986411,53.077475117,Östliche Vorstadt,Fesenfeld
1043,11,2016,10,5,6,3,5,3,1,1,0,0,0,0,2,1,8.734257141,53.039985975,Huchting,Kirchhuchting
1044,11,2016,10,6,17,3,0,3,1,1,0,0,0,0,0,0,8.567041814,53.181911043,Blumenthal,Blumenthal
1045,11,2016,10,1,12,3,5,2,1,1,0,0,0,0,0,1,8.825152692,53.084318416,Schwachhausen,Bürgerpark
1046,11,2016,11,3,16,3,6,4,1,0,1,0,0,0,2,1,8.837050438,53.087290281,Schwachhausen,Bürgerpark
1047,11,2016,11,6,13,3,3,6,1,1,0,0,0,0,0,0,8.893384367,53.097096112,Horn-Lehe,Lehesterdeich
1048,11,2016,10,6,12,3,5,3,1,0,0,0,0,0,0,0,8.795298232,53.087495539,Walle,Utbremen
1049,11,2016,11,2,8,3,5,3,1,1,0,0,0,0,0,1,8.82024211,53.084031234,Schwachhausen,Barkhof
1050,11,2016,11,2,10,3,5,3,1,1,0,0,0,0,0,0,8.763299609,53.116509729,Gröpelingen,Gröpelingen
1051,11,2016,10,3,14,3,5,2,1,1,0,0,0,0,0,0,8.713020255,53.15315128,Burglesum,Burg-Grambke
1052,11,2016,11,2,18,3,5,2,1,1,0,0,0,0,2,0,8.82871286,53.072222088,Östliche Vorstadt,Steintor
1053,11,2016,11,6,12,3,5,3,1,1,0,0,0,0,0,0,8.794459405,53.069706209,Neustadt,Neustadt
1054,11,2016,10,3,16,3,5,2,1,1,0,0,0,0,0,0,8.916597929,53.044006422,Hemelingen,Arbergen
1055,11,2016,10,6,6,3,5,3,1,1,0,0,0,0,2,1,8.892477077,53.049685589,Hemelingen,Hemelingen
1056,11,2016,10,6,12,3,4,1,1,1,0,0,0,0,0,1,8.89979154,53.116457604,Horn-Lehe,Lehesterdeich
1057,11,2016,11,6,15,3,0,1,1,0,0,0,0,0,0,0,8.850788534,53.105571369,Horn-Lehe,Lehe
1058,11,2016,10,2,9,2,5,3,1,1,0,0,0,0,0,0,8.740888087,53.053073899,Huchting,Mittelshuchting
1059,11,2016,10,5,11,3,5,2,1,1,0,0,0,0,0,0,8.814997118,53.093666866,Findorff,Weidedamm
1060,11,2016,11,4,10,3,6,4,1,0,1,0,0,0,0,1,8.808823863,53.095783613,Findorff,Weidedamm
1061,11,2016,11,6,8,3,5,3,1,1,0,0,0,0,0,0,8.754778603,53.119754091,Gröpelingen,Ohlenhof
1062,11,2016,10,6,16,3,3,6,1,0,0,0,0,0,0,1,8.845809896,53.091295262,Schwachhausen,Riensberg
1063,11,2016,10,4,8,3,5,3,1,1,0,0,0,0,1,1,8.797246393,53.086443001,Mitte,Bahnhofsvorstadt
1064,11,2016,11,2,9,3,0,7,1,0,0,0,0,0,0,1,8.847202969,53.087048696,Schwachhausen,Riensberg
1065,11,2016,10,7,19,3,0,6,1,0,0,0,0,0,2,0,8.809025447,53.088335031,Findorff,Findorff-Bürgerweide
1066,11,2016,12,6,13,2,0,1,1,0,0,0,0,0,0,2,8.611115262,53.180480168,Vegesack,Fähr-Lobbendorf
1067,11,2016,12,2,9,3,5,3,1,1,0,0,0,0,0,1,8.818455641,53.077265301,Mitte,Ostertor
1068,12,2016,12,5,11,3,5,3,1,0,0,0,0,1,0,1,8.58863079,53.578163784,Lehe (BHV),Eckernfeld
1069,11,2016,11,2,16,3,9,4,1,0,1,0,0,0,1,1,8.800481767,53.078558513,Mitte,Altstadt
1070,11,2016,11,6,7,3,4,6,1,0,0,0,0,0,1,1,8.889923408,53.096902606,Horn-Lehe,Lehesterdeich
1071,11,2016,12,5,8,3,5,2,1,1,0,0,0,0,0,1,8.790904611,53.053691331,Neustadt,Neuenland
1072,11,2016,12,4,15,3,5,2,1,0,0,0,1,0,0,0,8.959230408,53.04187945,Hemelingen,Mahndorf
1073,11,2016,11,2,19,3,0,1,1,0,0,0,0,0,2,0,8.822987708,53.073652621,Mitte,Ostertor
1074,11,2016,12,3,16,3,1,5,1,1,0,0,0,0,2,0,8.827118453,53.078468229,Östliche Vorstadt,Fesenfeld
1075,11,2016,12,5,17,3,5,2,1,1,0,0,0,0,2,0,8.844818264,53.045649787,Obervieland,Habenhausen
1076,11,2016,12,6,18,3,5,1,1,1,0,0,0,0,2,0,8.893797907,53.050461359,Hemelingen,Hemelingen
1077,11,2016,11,6,17,2,5,3,1,1,0,0,0,0,2,0,8.864695223,53.10629288,Horn-Lehe,Lehe
1078,11,2016,12,6,14,3,5,3,1,0,0,1,0,0,0,0,8.697296462,53.168486832,Burglesum,Lesum
1079,11,2016,12,5,8,3,5,3,1,0,0,0,0,0,0,0,8.832110324,53.086088642,Schwachhausen,Bürgerpark
1080,11,2016,12,7,19,3,0,7,1,0,0,0,0,0,2,0,8.910371628,53.071235291,Hemelingen,Sebaldsbrück
1081,11,2016,11,4,7,3,0,7,1,1,0,0,0,0,1,1,8.792213248,53.088514008,Walle,Utbremen
1082,11,2016,12,6,10,3,0,1,1,0,0,0,0,0,0,2,8.845539539,53.106292813,Horn-Lehe,Lehe
1083,11,2016,12,3,14,3,5,2,1,1,0,0,0,0,0,1,8.923292695,53.059412885,Osterholz,Osterholz
1084,11,2016,12,3,8,3,5,2,1,1,0,0,0,0,2,0,8.815661297,53.055458318,Neustadt,Huckelriede
1085,11,2016,12,5,20,3,0,2,1,1,0,0,0,0,2,1,8.850153745,53.071237646,Östliche Vorstadt,Peterswerder
1086,11,2016,11,2,9,2,5,3,1,1,0,0,0,0,0,0,8.819661873,53.038307087,Obervieland,Kattenturm
1087,11,2016,11,3,17,3,4,2,1,1,0,0,0,0,2,0,8.84399178,53.068802431,Östliche Vorstadt,Peterswerder
1088,11,2016,11,6,8,3,0,3,1,1,0,0,0,0,0,0,8.887926578,53.066877102,Hemelingen,Sebaldsbrück
1089,11,2016,12,3,19,3,0,1,1,0,0,0,0,0,2,0,8.808357235,53.074370052,Mitte,Altstadt
1090,11,2016,12,5,9,3,5,3,1,1,0,0,0,0,0,1,8.804850372,53.065992545,Neustadt,Buntentor
1091,11,2016,12,5,17,3,5,3,1,1,0,0,0,0,2,1,8.852631104,53.067339692,Östliche Vorstadt,Peterswerder
1092,11,2016,12,7,14,3,5,3,1,1,0,0,0,0,0,0,8.610508681,53.175406436,Vegesack,Fähr-Lobbendorf
1093,11,2016,11,5,9,3,0,4,1,0,1,0,0,0,0,0,8.62222955,53.171384914,Vegesack,Vegesack
1094,11,2016,12,4,11,3,5,3,1,1,0,0,0,0,0,1,8.799858518,53.070448857,Neustadt,Alte Neustadt
1095,11,2016,12,6,13,3,0,7,1,1,0,0,0,0,0,1,8.810270536,53.081495901,Mitte,Bahnhofsvorstadt
1096,12,2016,12,4,6,3,5,2,1,1,0,0,0,0,2,0,8.598158648,53.570168503,Lehe (BHV),Klushof
1097,11,2016,12,6,17,3,4,6,1,0,0,0,0,0,2,1,8.751317836,53.064854985,Huchting,Grolland
1098,12,2016,11,3,7,3,5,2,1,1,0,0,0,0,2,2,8.608769296,53.590760505,Leherheide,Königsheide
1099,12,2016,12,5,9,2,5,3,1,1,0,0,0,0,0,0,8.608544642,53.570690483,Lehe (BHV),Schierholz
1100,11,2016,11,5,19,3,5,3,1,1,0,0,0,0,2,1,8.8567152,53.071394091,Hemelingen,Hastedt
1101,11,2016,12,6,17,3,5,3,1,1,0,0,0,0,2,0,8.940067655,53.067865925,Osterholz,Ellenerbrok-Schevemoor
1102,11,2016,12,4,11,3,5,2,1,1,0,0,0,0,0,1,8.84304366,53.081090812,Schwachhausen,Gete
1103,11,2016,12,2,8,2,5,3,1,1,0,0,0,0,1,1,8.825139161,53.084516554,Schwachhausen,Bürgerpark
1104,11,2016,11,3,16,3,4,6,1,0,0,0,0,0,0,0,8.787128515,53.075621006,Neustadt,Alte Neustadt
1105,12,2016,12,4,17,3,5,2,1,1,0,0,0,0,2,0,8.607191935,53.58609186,Leherheide,Leherheide-West
1106,11,2016,12,3,11,3,5,3,1,1,0,0,0,0,0,0,8.88034166,53.082410299,Vahr,Neue Vahr Südwest
1107,11,2016,12,5,10,3,5,7,1,0,0,0,0,1,0,0,8.809410229,53.077622253,Mitte,Altstadt
1108,11,2016,11,2,13,3,5,3,1,1,0,0,0,0,0,0,8.850670636,53.038340474,Obervieland,Habenhausen
1109,11,2016,12,2,6,3,5,3,1,0,0,0,0,1,2,1,8.79202241,53.073076516,Neustadt,Alte Neustadt
1110,12,2016,11,4,8,3,5,3,1,1,0,0,0,0,0,0,8.595662175,53.575302496,Lehe (BHV),Eckernfeld
1111,11,2016,12,6,14,3,5,3,1,1,0,0,0,0,0,0,8.811218205,53.080114999,Mitte,Bahnhofsvorstadt
1112,11,2016,12,4,13,3,3,4,1,1,1,0,0,0,0,1,8.783906805,53.067792783,Neustadt,Neustadt
1113,12,2016,12,2,14,2,0,7,1,0,0,0,0,0,0,0,8.590321761,53.523608925,Geestemünde,Geestemünde-Süd
1114,11,2016,12,6,4,3,5,2,1,1,0,0,0,0,2,1,8.910550411,53.047448176,Hemelingen,Arbergen
1115,11,2016,11,7,20,2,5,2,1,1,0,0,0,0,2,1,8.807326148,53.082318595,Mitte,Bahnhofsvorstadt
1116,11,2016,12,6,7,3,5,2,1,1,0,0,0,0,0,0,8.622771675,53.177048322,Vegesack,Vegesack
1117,11,2016,12,6,16,3,3,6,1,1,0,0,0,0,1,0,8.927438125,53.097029715,Oberneuland,Unbekannt
1118,11,2016,12,7,16,2,0,1,1,0,1,0,0,0,1,0,8.79618892,53.065642268,Neustadt,Südervorstadt
1119,11,2016,12,6,9,3,5,3,1,1,0,0,0,0,0,0,8.819718809,53.049701637,Neustadt,Huckelriede
1120,11,2016,11,4,15,3,5,3,1,1,0,0,0,0,0,0,8.786045974,53.061622931,Neustadt,Neuenland
1121,11,2016,12,2,12,3,5,3,1,1,0,0,0,0,0,1,8.775537878,53.076821653,Woltmershausen,Woltmershausen
1122,11,2016,11,4,14,3,5,2,1,0,0,0,0,1,0,0,8.791253627,53.091519162,Walle,Utbremen
1123,12,2016,12,5,15,3,5,3,1,1,0,0,0,0,0,1,8.595817433,53.510195915,Wulsdorf,Dreibergen
1124,11,2016,12,4,13,3,5,3,1,1,0,0,0,0,0,0,8.781888581,53.067274076,Neustadt,Hohentor
1125,12,2016,11,1,14,3,5,3,1,1,0,0,0,0,0,0,8.632816279,53.600620197,Leherheide,Unbekannt
1126,11,2016,12,5,1,3,1,1,1,1,0,0,0,0,2,0,8.823785705,53.077548576,Östliche Vorstadt,Fesenfeld
1127,12,2016,11,1,16,2,5,3,1,1,0,0,0,0,1,1,8.592771629,53.515605909,Wulsdorf,Dreibergen
1128,11,2016,11,4,8,2,1,6,1,0,0,0,0,0,0,0,8.728260397,53.044277902,Huchting,Sodenmatt
1129,11,2016,12,7,15,3,5,3,1,1,0,0,0,0,0,0,8.843021251,53.068950258,Östliche Vorstadt,Peterswerder
1130,11,2016,12,5,16,3,5,3,1,1,0,0,0,0,2,1,8.575713568,53.191205091,Blumenthal,Blumenthal
1131,11,2016,11,7,5,3,0,7,1,0,0,0,0,0,2,1,8.8009044,53.061724781,Neustadt,Gartenstadt Süd
1132,11,2016,12,2,14,2,5,3,1,1,0,0,0,0,0,1,8.835479407,53.038821644,Obervieland,Kattenturm
1133,11,2016,12,2,9,3,0,1,1,0,0,0,0,0,0,1,8.805028707,53.088457949,Findorff,Findorff-Bürgerweide
1134,12,2016,11,4,19,3,0,7,1,0,0,0,0,0,1,0,8.593879675,53.560661225,Lehe (BHV),Klushof
1135,11,2016,12,3,10,3,2,6,1,1,0,0,0,0,0,0,8.804841935,53.088604441,Findorff,Findorff-Bürgerweide
1136,11,2016,11,4,11,3,8,1,1,0,0,0,0,0,0,0,8.899000159,53.126872057,Unbekannt,Borgfeld
1137,11,2016,12,7,14,3,6,4,1,0,1,0,0,0,0,0,8.799469885,53.070168264,Neustadt,Alte Neustadt
1138,11,2016,12,2,2,3,0,1,1,0,0,0,0,0,2,1,8.870597417,53.090225504,Schwachhausen,Radio Bremen
1139,11,2016,12,4,9,3,3,6,1,0,0,0,0,0,0,0,8.826602512,53.085603565,Schwachhausen,Bürgerpark
1140,11,2016,11,4,11,3,5,2,1,0,0,0,0,1,0,1,8.517825259,53.21037239,Blumenthal,Rekum
1141,12,2016,12,6,11,3,4,2,1,1,0,0,0,0,0,0,8.579758521,53.547556981,Mitte (BHV),Mitte-Süd
1142,11,2016,11,4,16,3,5,2,1,1,0,0,0,0,0,0,8.870546419,53.096022812,Horn-Lehe,Horn
1143,11,2016,12,6,20,3,1,5,1,1,0,0,0,0,2,0,8.823342957,53.072980286,Östliche Vorstadt,Steintor
1144,11,2016,11,3,17,3,1,5,1,1,0,0,0,0,2,0,8.831936427,53.080985243,Schwachhausen,Gete
1145,12,2016,12,4,13,3,0,1,1,0,0,0,0,0,0,1,8.594011588,53.569168501,Lehe (BHV),Klushof
1146,11,2016,12,6,17,3,5,3,1,1,0,0,0,0,2,1,8.855141234,53.07642143,Vahr,Gartenstadt Vahr
1147,11,2016,12,7,12,3,0,5,1,1,0,0,0,0,0,0,8.92363413,53.060427647,Osterholz,Ellener Feld
1148,11,2016,11,4,18,3,0,7,1,0,0,0,1,0,2,0,8.809505618,53.06318104,Neustadt,Buntentor
1149,12,2016,11,3,6,3,5,3,1,1,0,0,0,0,2,0,8.601340517,53.53145778,Geestemünde,Bürgerpark (BHV)
1150,12,2016,12,5,17,3,5,6,1,1,0,0,0,0,2,0,8.580018635,53.54386572,Mitte (BHV),Mitte-Süd
1151,11,2016,11,3,16,3,5,3,1,0,0,0,0,1,1,0,8.800876235,53.094595856,Findorff,Regensburger Str.
1152,11,2016,12,3,12,3,1,5,1,1,0,0,0,0,0,1,8.778751829,53.099003044,Walle,Walle
1153,11,2016,12,2,5,3,5,3,1,0,0,0,0,1,2,1,8.916263072,53.071080995,Hemelingen,Sebaldsbrück
1154,11,2016,12,3,17,3,5,2,1,1,0,0,0,0,1,1,8.870561138,53.089821503,Schwachhausen,Radio Bremen
1155,11,2016,12,4,18,3,0,7,1,0,0,0,0,0,2,1,8.812950315,53.092058338,Findorff,Weidedamm
1156,11,2016,12,6,7,3,4,6,1,1,0,0,0,0,1,1,8.539340804,53.193174678,Blumenthal,Rönnebeck
1157,11,2016,12,4,13,3,5,3,1,0,0,0,0,1,0,0,8.845862845,53.073307918,Östliche Vorstadt,Hulsberg
1158,11,2016,12,7,13,3,0,7,1,0,0,0,0,0,0,1,8.789962432,53.086407264,Walle,Überseestadt