,UKREIS,UJAHR,UMONAT,UWOCHENTAG,USTUNDE,UKATEGORIE,UART,UTYP1,IstRad,IstPKW,IstFuss,IstKrad,IstGkfz,IstSonstig,ULICHTVERH,STRZUSTAND,longitude,latitude,Stadtteil,Ortsteil
1159,12,2016,11,6,13,3,5,2,1,1,0,0,0,0,0,1,8.60343689,53.523436699,Geestemünde,Grünhöfe
1160,11,2016,11,3,17,3,0,2,1,0,0,1,0,0,2,0,8.806540978,53.087284118,Findorff,Findorff-Bürgerweide
1161,11,2016,12,5,6,3,5,3,1,1,0,0,0,0,2,0,8.890998453,53.086194664,Vahr,Neue Vahr Nord
1162,11,2016,12,3,8,3,5,3,1,1,0,0,0,0,0,0,8.792189208,53.075276428,Neustadt,Alte Neustadt
1163,11,2016,12,4,3,3,0,7,1,0,0,0,0,0,2,0,8.822642844,53.074673047,Östliche Vorstadt,Steintor
1164,11,2016,11,3,9,3,1,5,1,1,0,0,0,0,0,0,8.88708053,53.062759242,Hemelingen,Sebaldsbrück
1165,12,2016,12,2,7,3,5,3,1,1,0,0,0,0,0,2,8.595324946,53.520119261,Geestemünde,Geestemünde-Süd
1166,12,2016,12,2,17,3,5,3,1,1,0,0,0,0,2,1,8.628438233,53.526865659,Schiffdorferdamm,Schiffdorferdamm
1167,12,2016,12,1,2,3,5,3,1,1,0,0,0,0,2,1,8.569714511,53.554505741,Mitte (BHV),Mitte-Nord
1168,11,2016,12,2,7,3,5,3,1,1,0,0,0,0,1,0,8.790541064,53.098468341,Walle,Westend
1169,11,2016,12,2,17,3,3,1,1,1,0,0,0,0,0,1,8.826258078,53.079319547,Mitte,Ostertor
1170,11,2016,12,4,18,3,0,1,1,0,0,0,0,0,2,0,8.818163649,53.077737021,Mitte,Ostertor
1171,11,2016,12,3,7,3,5,2,1,1,0,0,0,0,2,0,8.848363012,53.11007913,Horn-Lehe,Lehe
1172,12,2016,12,4,18,3,5,2,1,0,0,0,0,1,2,1,8.582219797,53.55321711,Lehe (BHV),Goethestrasse
1173,11,2016,12,6,6,3,5,3,1,1,0,0,0,0,1,1,8.879708037,53.06073661,Hemelingen,Hastedt
1174,11,2016,11,4,8,2,1,7,1,1,0,0,1,0,0,0,8.832588668,53.078323901,Östliche Vorstadt,Fesenfeld
1175,12,2016,11,3,19,3,0,1,1,0,0,0,0,0,2,1,8.574623614,53.550923646,Mitte (BHV),Mitte-Nord
1176,11,2017,12,6,11,3,5,2,1,1,0,0,0,0,0,0,8.819357703000037,53.048032859000045,Obervieland,Kattenturm
1177,11,2017,11,5,14,3,5,3,1,1,0,0,0,0,0,0,8.814767080000024,53.04945069300004,Neustadt,Huckelriede
1178,11,2017,11,5,7,3,0,1,1,0,0,0,0,0,0,0,8.817741150000074,53.04890343900007,Neustadt,Huckelriede
1179,12,2017,11,4,8,3,5,3,1,1,0,0,0,0,0,0,8.575254630000074,53.54767284700006,Mitte (BHV),Mitte-Süd
1180,11,2017,6,4,15,3,5,2,1,1,0,0,0,0,0,0,8.783201364000035,53.06624431000006,Neustadt,Neuenland
1181,11,2017,6,5,13,3,0,7,1,0,0,0,0,1,0,0,8.779683698000042,53.06870806800004,Neustadt,Hohentor
1182,11,2017,5,4,13,3,5,3,1,1,0,0,0,0,0,0,8.809638192000023,53.05115636000005,Neustadt,Huckelriede
1183,11,2017,5,2,5,2,0,7,1,0,0,0,0,0,1,0,8.818875624000043,53.04861555800005,Neustadt,Huckelriede
1184,11,2017,3,5,12,3,5,3,1,0,0,0,0,1,0,0,8.765870003000032,53.06067189600003,Huchting,Grolland
1185,12,2017,3,2,13,3,5,6,1,0,0,1,0,0,0,1,8.580916561000038,53.53967299900006,Mitte (BHV),Mitte-Süd
1186,11,2017,2,4,18,3,5,3,1,1,0,0,0,0,2,0,8.793886249000025,53.09658435400007,Walle,Osterfeuerberg
1187,11,2017,2,4,17,3,1,7,1,0,0,0,0,1,2,0,8.789261489000069,53.06362080700006,Neustadt,Neustadt
1188,11,2017,2,3,16,3,0,1,1,0,0,0,0,0,0,0,8.802199095000049,53.11417692500004,Walle,Hohweg
1189,11,2017,2,3,8,3,5,3,1,1,0,0,0,0,0,0,8.83140621900003,53.03380924000004,Obervieland,Kattenturm
1190,12,2017,2,2,17,2,5,3,1,0,0,0,0,1,2,0,8.572776883000074,53.56045752200004,Lehe (BHV),Twischkamp
1191,11,2017,2,2,12,3,5,3,1,1,0,0,0,0,0,0,8.736762223000028,53.04545738100006,Huchting,Kirchhuchting
1192,11,2017,2,7,16,3,5,2,1,1,0,0,0,0,0,0,8.80689251900003,53.06037484400008,Neustadt,Huckelriede
1193,11,2017,2,6,13,2,5,2,1,1,0,0,0,0,0,1,8.758772127000043,53.11597791500003,Gröpelingen,Lindenhof
1194,11,2017,2,6,7,3,6,4,1,0,1,0,0,0,1,1,8.837279989000024,53.07179328200005,Östliche Vorstadt,Peterswerder
1195,11,2017,2,5,13,2,3,5,1,1,0,0,0,0,0,1,8.800577576000023,53.094594287000064,Findorff,Regensburger Str.
1196,11,2017,2,4,17,2,5,3,1,1,0,0,0,0,1,0,8.803906274000042,53.07237027600007,Neustadt,Alte Neustadt
1197,12,2017,1,2,18,3,5,3,1,1,0,0,0,0,2,1,8.589759804000039,53.52845815500007,Geestemünde,Geestendorf
1198,11,2017,1,2,13,2,5,3,1,1,0,0,0,0,0,1,8.57932708100003,53.18326822700004,Blumenthal,Blumenthal
1199,11,2017,1,2,14,2,3,6,1,1,0,0,0,0,0,1,8.861669449000033,53.09929393400006,Horn-Lehe,Lehe
1200,11,2017,1,2,17,3,5,3,1,1,0,0,0,0,2,1,8.872660771000028,53.10512611300004,Horn-Lehe,Lehe
1201,12,2017,1,7,14,3,5,3,1,0,0,0,0,1,0,0,8.599936050000053,53.512243366000064,Wulsdorf,Dreibergen
1202,11,2017,1,7,13,3,6,4,1,0,1,0,0,0,0,0,8.798202154000023,53.08011291800005,Mitte,Altstadt
1203,11,2017,1,7,17,3,4,2,1,1,0,0,0,0,2,0,8.813587076000033,53.09036358600008,Schwachhausen,Bürgerpark
1204,11,2017,1,6,14,3,4,2,1,1,0,0,0,0,0,0,8.847187761000043,53.08698330100003,Schwachhausen,Schwachhausen
1205,11,2017,1,6,5,3,5,3,1,1,0,0,0,0,2,0,8.87572646600006,53.06200051000008,Hemelingen,Hastedt
1206,11,2017,1,6,17,3,1,5,1,1,0,0,0,0,2,1,8.823335834000034,53.08330766400008,Schwachhausen,Barkhof
1207,11,2017,1,5,8,3,3,6,1,0,0,0,0,0,0,0,8.80129363900005,53.09179393200003,Findorff,Findorff-Bürgerweide
1208,11,2017,1,5,20,3,5,3,1,1,0,0,0,0,2,0,8.845907608000061,53.087468433000026,Schwachhausen,Riensberg
1209,11,2017,1,5,17,3,4,6,1,0,0,0,0,0,2,0,8.80916340500005,53.095163402000026,Findorff,Weidedamm
1210,12,2017,1,4,12,3,5,2,1,1,0,0,0,0,0,0,8.582264485000053,53.56085369200008,Lehe (BHV),Twischkamp
1211,11,2017,1,4,9,3,2,6,1,1,0,0,0,0,0,0,8.81731725800006,53.07305946600008,Mitte,Ostertor
1212,11,2017,1,4,11,3,5,3,1,1,0,0,0,0,0,0,8.884274577000042,53.07310647700007,Hemelingen,Sebaldsbrück
1213,11,2017,1,4,19,3,5,3,1,1,0,0,0,0,2,2,8.85005863200007,53.09464218300008,Schwachhausen,Riensberg
1214,11,2017,1,4,13,3,5,2,1,1,0,0,0,0,0,0,8.806412090000038,53.093970056000046,Findorff,Findorff-Bürgerweide
1215,11,2017,1,4,14,2,5,2,1,1,0,0,0,0,0,0,8.740079079000054,53.05141149700006,Huchting,Kirchhuchting
1216,11,2017,1,3,19,3,0,1,1,0,0,0,0,0,2,0,8.806910596000023,53.08183955300007,Mitte,Bahnhofsvorstadt
1217,11,2017,1,3,12,3,5,3,1,1,0,0,0,0,0,0,8.848996311000064,53.02808517900007,Obervieland,Arsten
1218,12,2017,1,2,9,3,5,3,1,1,0,0,0,0,0,0,8.597229635000076,53.57987021300005,Lehe (BHV),Eckernfeld
1219,11,2017,1,2,11,3,5,6,1,1,0,0,0,0,0,0,8.83368977200007,53.03323138300004,Obervieland,Arsten
1220,11,2017,1,2,2,2,0,1,1,0,0,0,0,0,2,1,8.810947444000021,53.07178040100007,Mitte,Altstadt
1221,11,2017,1,7,17,3,0,7,1,1,0,0,0,0,2,1,8.80943417100002,53.073997562000045,Mitte,Altstadt
1222,12,2017,1,6,17,3,5,3,1,0,0,0,0,1,2,1,8.588670807000028,53.56599312200007,Lehe (BHV),Klushof
1223,11,2017,1,6,9,3,5,2,1,1,0,0,0,0,0,1,8.792695082000023,53.07365944900005,Neustadt,Alte Neustadt
1224,11,2017,1,6,9,3,5,2,1,1,0,0,0,0,0,0,8.791225202000021,53.09167647100003,Walle,Westend
1225,11,2017,1,4,15,3,4,7,1,1,0,0,0,0,0,1,8.880140719000053,53.10255444400008,Horn-Lehe,Lehe
1226,11,2017,1,4,15,3,5,3,1,1,0,0,0,0,0,0,8.831354611000052,53.08125526100008,Schwachhausen,Schwachhausen
1227,11,2017,1,4,17,3,5,3,1,1,0,0,0,0,1,2,8.877307251000047,53.08224973800003,Vahr,Neue Vahr Südwest
1228,11,2017,1,3,7,3,5,3,1,1,0,0,0,0,1,0,8.846452087000046,53.04842701700005,Obervieland,Habenhausen
1229,11,2017,1,3,6,3,5,3,1,1,0,0,0,0,2,1,8.936381089000065,53.07380779700003,Osterholz,Ellenerbrok-Schevemoor
1230,11,2017,1,2,16,3,5,3,1,1,0,0,0,0,0,2,8.852215130000047,53.11136429300007,Horn-Lehe,Lehe
1231,11,2017,1,7,10,3,5,3,1,0,0,0,0,1,0,1,8.804131347000066,53.07240242700004,Neustadt,Alte Neustadt
1232,11,2017,1,5,19,3,6,4,1,0,1,0,0,0,2,1,8.806589383000073,53.09406807100004,Findorff,Regensburger Str.
1233,11,2017,1,5,7,3,0,7,1,0,0,0,0,1,2,1,8.805850651000071,53.09061802800005,Findorff,Findorff-Bürgerweide
1234,11,2017,1,5,12,3,5,3,1,1,0,0,0,0,0,1,8.896299403000057,53.07925385400006,Vahr,Neue Vahr Südost
1235,11,2017,1,5,7,3,5,2,1,1,0,0,0,0,2,1,8.887834969000039,53.10919548200008,Horn-Lehe,Lehesterdeich
1236,11,2017,1,5,16,2,5,2,1,1,0,0,0,0,2,1,8.809159717000057,53.07882740700006,Mitte,Altstadt
1237,11,2017,1,4,12,2,5,3,1,1,0,0,0,0,0,1,8.89114156200003,53.08259519200004,Vahr,Neue Vahr Nord
1238,11,2017,1,3,15,3,1,5,1,1,0,0,0,0,0,1,8.768858900000055,53.08306730600003,Woltmershausen,Woltmershausen
1239,11,2017,1,3,16,3,5,2,1,1,0,0,0,0,1,1,8.899940737000065,53.12342770800007,Unbekannt,Borgfeld
1240,11,2017,1,3,6,3,5,3,1,1,0,0,0,0,2,1,8.856590599000072,53.07136736100006,Hemelingen,Hastedt
1241,11,2017,1,3,8,3,5,3,1,1,0,0,0,0,1,1,8.825888128000031,53.07871280100005,Östliche Vorstadt,Fesenfeld
1242,11,2017,1,2,16,3,5,3,1,1,0,0,0,0,0,0,8.713857049000069,53.14164865300006,Burglesum,Burg-Grambke
1243,11,2017,1,7,13,2,0,1,1,0,0,0,0,0,0,2,8.879166171000065,53.07331876900008,Vahr,Gartenstadt Vahr
1244,11,2017,1,6,13,3,5,3,1,1,0,0,0,0,0,0,8.82496756300003,53.08456810900003,Schwachhausen,Bürgerpark
1245,11,2017,1,6,20,3,5,3,1,1,0,0,0,0,2,0,8.843336819000058,53.07333839400008,Östliche Vorstadt,Hulsberg
1246,12,2017,1,4,11,3,3,2,1,1,0,0,0,0,0,1,8.572799834000023,53.560458149000056,Lehe (BHV),Twischkamp
1247,11,2017,1,3,11,3,5,3,1,1,0,0,0,0,0,1,8.838866587000041,53.05081316900004,Obervieland,Habenhausen
1248,11,2017,1,3,13,3,3,2,1,1,0,0,0,0,0,1,8.782175668000036,53.06682878300006,Neustadt,Neuenland
1249,11,2017,1,3,7,3,1,5,1,1,0,0,0,0,1,1,8.838151493000055,53.09597462500005,Schwachhausen,Neu-Schwachhausen
1250,11,2017,1,3,22,3,0,1,1,0,0,0,0,0,2,1,8.828753180000035,53.08525373600003,Schwachhausen,Bürgerpark
1251,12,2017,1,2,13,3,3,6,1,1,0,0,0,0,0,1,8.571553798000025,53.54440588600005,Mitte (BHV),Mitte-Süd
1252,12,2017,1,2,17,3,5,3,1,1,0,0,0,0,2,1,8.603379073000042,53.52323837100005,Geestemünde,Grünhöfe
1253,12,2017,1,2,8,3,5,3,1,1,0,0,0,0,1,1,8.584717090000026,53.56077272800008,Lehe (BHV),Twischkamp
1254,11,2017,1,2,14,3,3,6,1,1,0,0,0,0,0,1,8.87881857800005,53.09083703400006,Horn-Lehe,Horn
1255,11,2017,1,2,16,3,1,5,1,1,0,0,0,0,1,1,8.809492830000067,53.07397819000005,Mitte,Altstadt
1256,11,2017,1,2,11,3,5,7,1,1,0,0,0,0,0,1,8.790027117000022,53.10413120000004,Walle,Osterfeuerberg
1257,11,2017,1,2,7,3,5,3,1,1,0,0,0,0,2,1,8.862530587000037,53.09928721400007,Horn-Lehe,Lehe
1258,11,2017,1,1,18,3,0,3,1,1,0,0,0,0,2,1,8.759520132000034,53.11993028400008,Gröpelingen,Gröpelingen
1259,12,2017,2,5,8,3,5,3,1,1,0,0,0,0,0,0,8.597109364000062,53.57525666300006,Lehe (BHV),Eckernfeld
1260,11,2017,2,7,19,3,3,6,1,1,0,0,0,1,2,0,8.815223032000063,53.07047992500003,Mitte,Ostertor
1261,11,2017,3,2,17,3,5,3,1,1,0,0,0,0,0,0,8.829269751000027,53.07006040300007,Östliche Vorstadt,Steintor
1262,11,2017,3,7,10,3,5,2,1,0,0,0,0,0,0,0,8.856531476000043,53.08872591700003,Schwachhausen,Radio Bremen
1263,11,2017,3,6,12,3,4,6,1,0,0,0,0,0,0,0,8.802017989000035,53.07143659500008,Neustadt,Alte Neustadt
1264,11,2017,3,6,15,3,3,6,1,0,0,0,0,0,0,0,8.806708030000038,53.06051868200007,Neustadt,Buntentor
1265,11,2017,3,6,13,2,6,4,1,0,1,0,0,0,0,0,8.820469875000072,53.11201453500007,Horn-Lehe,Lehe
1266,11,2017,3,6,14,3,0,7,1,0,1,0,0,0,0,0,8.760718540000028,53.11229865800004,Gröpelingen,Lindenhof
1267,11,2017,3,6,9,3,1,5,1,1,0,0,0,0,0,0,8.751956041000028,53.08986177000003,Woltmershausen,Rablinghausen
1268,11,2017,3,5,12,3,0,2,1,0,0,0,0,1,0,0,8.794949978000034,53.06720795100006,Neustadt,Südervorstadt
1269,11,2017,3,5,13,3,5,3,1,1,0,0,0,0,0,0,8.789643759000057,53.08661641200007,Walle,Utbremen
1270,11,2017,3,5,19,3,1,5,1,1,0,0,0,0,2,0,8.78115573100007,53.10700965800004,Walle,Walle
1271,11,2017,3,5,7,2,5,3,1,1,0,0,0,0,0,0,8.84647269800007,53.04846400600008,Obervieland,Habenhausen
1272,11,2017,3,5,17,3,5,3,1,0,0,0,0,1,0,0,8.825035108000066,53.08419622600008,Schwachhausen,Barkhof
1273,12,2017,2,6,14,2,3,6,1,0,0,0,0,1,0,0,8.601939019000042,53.57027328600003,Lehe (BHV),Schierholz
1274,11,2017,3,4,10,3,6,3,1,0,1,0,0,0,0,0,8.790009911000027,53.07160087600005,Neustadt,Hohentor
1275,11,2017,3,4,18,3,1,5,1,1,0,0,0,0,0,0,8.824042525000038,53.07303554000004,Östliche Vorstadt,Steintor
1276,11,2017,3,3,17,3,5,2,1,1,0,0,0,0,0,0,8.820244314000036,53.08403661700004,Schwachhausen,Barkhof
1277,11,2017,3,3,16,3,5,3,1,1,0,0,0,0,0,0,8.813544939000053,53.09037364900007,Findorff,Findorff-Bürgerweide
1278,11,2017,3,3,8,3,5,3,1,0,0,0,0,0,0,0,8.835619147000045,53.07377044100008,Östliche Vorstadt,Hulsberg
1279,11,2017,3,2,15,3,0,1,1,0,0,0,0,0,0,1,8.578647555000032,53.183397942000056,Blumenthal,Blumenthal
1280,11,2017,3,2,10,3,0,1,1,0,0,0,0,0,0,1,8.827655309000022,53.07256548000004,Östliche Vorstadt,Steintor
1281,11,2017,3,2,17,3,5,2,1,1,0,0,0,0,1,1,8.799092470000062,53.05643225600005,Neustadt,Neuenland
1282,11,2017,3,2,13,3,5,3,1,1,0,0,0,0,0,1,8.918824123000036,53.05961163600006,Osterholz,Ellener Feld
1283,11,2017,3,2,9,3,5,2,1,1,0,0,0,0,0,1,8.765574073000039,53.07412796500006,Woltmershausen,Woltmershausen
1284,12,2017,3,1,20,3,0,1,1,0,0,0,0,0,2,1,8.633794335000061,53.52264314800004,Surheide,Surheide
1285,11,2017,3,7,20,3,5,3,1,1,0,0,0,0,2,1,8.930530279000038,53.08764059900005,Oberneuland,Unbekannt
1286,12,2017,3,6,9,3,5,3,1,1,0,0,0,0,0,0,8.602294131000065,53.57201413700005,Lehe (BHV),Schierholz
1287,11,2017,3,6,12,3,5,3,1,1,0,0,0,0,0,0,8.927132111000049,53.09002478500008,Oberneuland,Unbekannt
1288,11,2017,3,6,13,3,5,2,1,1,0,0,0,0,0,0,8.804841840000051,53.08096455200007,Mitte,Bahnhofsvorstadt
1289,11,2017,3,6,7,3,3,6,1,0,0,0,0,0,0,0,8.839896169000042,53.08174187900005,Schwachhausen,Gete
1290,12,2017,3,5,16,3,5,3,1,1,0,0,0,0,0,0,8.599817546000054,53.49572773300008,Wulsdorf,Jedutenberg
1291,11,2017,3,5,17,2,5,3,1,1,0,0,0,0,0,0,8.75172270400003,53.16389861200008,Unbekannt,Blockland
1292,11,2017,3,5,15,3,5,2,1,0,0,0,0,1,0,0,8.782590785000025,53.08709175700005,Walle,Überseestadt
1293,11,2017,3,5,15,3,5,2,1,0,0,1,0,0,0,0,8.941683848000025,53.06036524300004,Osterholz,Ellenerbrok-Schevemoor
1294,11,2017,3,5,13,2,5,3,1,1,0,0,0,0,0,0,8.835827307000045,53.04826142200005,Obervieland,Kattenturm
1295,11,2017,3,4,19,1,5,3,1,0,0,0,0,1,2,0,8.722832345000029,53.05879937800006,Huchting,Mittelshuchting
1296,11,2017,3,4,19,3,1,5,1,1,0,0,0,0,2,0,8.852351254000041,53.08186490700007,Schwachhausen,Gete
1297,11,2017,3,4,13,3,5,3,1,1,0,0,0,0,0,0,8.794895857000029,53.09393061600008,Walle,Utbremen
1298,11,2017,3,4,8,3,5,2,1,1,0,0,0,0,0,1,8.847103749000041,53.08022991500008,Schwachhausen,Gete
1299,11,2017,3,3,15,3,6,4,1,0,1,0,0,0,0,0,8.820067907000066,53.07264017800003,Mitte,Ostertor
1300,11,2017,3,3,16,3,0,5,1,1,0,0,0,0,0,0,8.83772699800005,53.09502768100003,Schwachhausen,Neu-Schwachhausen
1301,11,2017,3,3,17,3,5,3,1,1,0,0,0,0,0,0,8.90236369300004,53.10108801600006,Oberneuland,Unbekannt
1302,11,2017,3,3,11,3,0,1,1,0,0,0,0,0,0,0,8.826852159000055,53.07282943700005,Östliche Vorstadt,Steintor
1303,11,2017,3,2,11,3,5,3,1,1,0,0,0,0,0,0,8.799487447000047,53.07155290800006,Neustadt,Alte Neustadt
1304,11,2017,3,2,13,3,3,7,1,1,0,0,0,0,0,0,8.761977333000061,53.08067655000008,Woltmershausen,Woltmershausen
1305,11,2017,3,2,14,3,5,3,1,1,0,0,0,0,0,0,8.738541584000075,53.13723675700004,Gröpelingen,Oslebshausen
1306,11,2017,3,1,12,3,0,1,1,0,0,0,0,0,0,0,8.828230344000076,53.16005615900008,Unbekannt,Blockland
1307,12,2017,3,6,13,3,5,2,1,1,0,0,0,0,0,0,8.58263260800004,53.521591227000044,Fischereihafen,Fischereihafen
1308,12,2017,3,6,13,3,5,1,1,1,0,0,0,0,0,0,8.584659546000069,53.55688048300004,Lehe (BHV),Goethestrasse
1309,12,2017,3,5,12,3,5,2,1,0,0,0,0,1,0,1,8.595294102000025,53.51124784700005,Wulsdorf,Dreibergen
1310,11,2017,3,5,21,3,5,2,1,0,0,1,0,0,2,1,8.893069753000077,53.049999058000026,Hemelingen,Hemelingen
1311,11,2017,3,4,10,3,5,3,1,1,0,0,0,0,0,0,8.782148043000063,53.07561699800005,Woltmershausen,Woltmershausen
1312,11,2017,3,4,18,2,0,7,1,0,0,0,0,0,1,1,8.789298693000035,53.06417769800004,Neustadt,Neustadt
1313,11,2017,3,3,12,3,5,3,1,1,0,0,0,0,0,0,8.72133886100005,53.131980817000056,Häfen,Industriehäfen
1314,11,2017,3,3,13,3,3,7,1,0,0,0,0,0,0,0,8.725820234000025,53.10035724800008,Häfen,Neustädter Hafen
1315,11,2017,3,2,10,3,5,3,1,1,0,0,0,0,0,0,8.946508425000047,53.07659145600008,Osterholz,Tenever
1316,11,2017,3,2,17,3,0,6,1,0,0,0,0,0,1,1,8.833484913000063,53.039716207000026,Obervieland,Kattenturm
1317,11,2017,3,2,13,3,4,6,1,0,0,0,0,0,0,0,8.825931942000068,53.07300568800008,Östliche Vorstadt,Steintor
1318,11,2017,3,2,15,3,5,2,1,1,0,0,0,0,0,1,8.87543054300005,53.06190690400007,Hemelingen,Hastedt
1319,11,2017,3,7,19,3,5,3,1,1,0,0,0,0,2,0,8.71296256200003,53.14527354500007,Burglesum,Burg-Grambke
1320,11,2017,3,7,15,2,5,3,1,0,0,0,0,1,0,0,8.858003477000068,53.04602494900007,Obervieland,Habenhausen
1321,11,2017,3,7,15,3,5,3,1,1,0,0,0,0,0,0,8.957574863000048,53.05744755900008,Osterholz,Tenever
1322,11,2017,3,6,14,3,5,2,1,1,0,0,0,0,0,1,8.807467856000073,53.08248038700003,Mitte,Bahnhofsvorstadt
1323,11,2017,3,6,12,2,5,3,1,0,0,0,0,1,0,0,8.853977496000027,53.08244622600006,Schwachhausen,Gete
1324,12,2017,3,5,11,3,5,3,1,1,0,0,0,0,0,0,8.601813570000047,53.59145769000003,Leherheide,Königsheide
1325,11,2017,3,5,17,3,0,3,1,1,0,0,0,0,2,1,8.781523715000048,53.08350602100006,Walle,Überseestadt
1326,11,2017,3,4,10,3,0,1,1,0,0,0,0,0,0,1,8.800439657000027,53.07880704500008,Mitte,Altstadt
1327,11,2017,3,4,13,3,0,7,1,0,0,0,0,0,0,0,8.844892126000047,53.04575763400004,Obervieland,Habenhausen
1328,11,2017,2,3,13,3,6,4,1,0,1,0,0,0,0,0,8.750001929000064,53.09290344800007,Woltmershausen,Rablinghausen
1329,11,2017,2,3,15,2,5,3,1,1,0,0,0,0,0,1,8.795603216000075,53.06763986300007,Neustadt,Neustadt
1330,11,2017,2,3,10,3,5,2,1,1,0,0,0,0,0,1,8.798785862000045,53.079805760000056,Mitte,Altstadt
1331,11,2017,2,3,15,3,5,3,1,1,0,0,0,0,0,0,8.880340901000068,53.07897347800008,Vahr,Neue Vahr Südwest
1332,11,2017,2,3,6,3,5,3,1,1,0,0,0,0,2,1,8.763544323000076,53.108971902000064,Gröpelingen,Lindenhof
1333,11,2017,2,3,19,2,5,3,1,1,0,0,0,0,2,0,8.658618895000075,53.172988823000026,Burglesum,St.Magnus
1334,11,2017,2,2,13,3,5,3,1,1,0,0,0,0,0,0,8.82266856800004,53.07457120400005,Östliche Vorstadt,Steintor
1335,11,2017,2,2,9,3,5,3,1,1,0,0,0,0,0,0,8.838691453000024,53.08275316700008,Schwachhausen,Schwachhausen
1336,11,2017,2,7,5,3,0,1,1,0,0,0,0,0,2,2,8.601944071000048,53.18012552900007,Vegesack,Fähr-Lobbendorf
1337,11,2017,2,6,7,3,5,3,1,1,0,0,0,0,0,0,8.940565832000061,53.07760136200005,Oberneuland,Unbekannt
1338,11,2017,2,6,18,3,5,2,1,1,0,0,0,0,2,1,8.802826137000068,53.079923163000046,Mitte,Altstadt
1339,11,2017,2,6,16,3,5,2,1,1,0,0,0,0,0,1,8.824539516000073,53.08421852400005,Schwachhausen,Barkhof
1340,11,2017,2,5,7,3,5,3,1,1,0,0,0,0,1,1,8.824448715000074,53.08428730700007,Schwachhausen,Barkhof
1341,11,2017,2,5,12,3,5,3,1,0,0,0,0,0,0,1,8.801892374000033,53.06779504100007,Neustadt,Buntentor
1342,11,2017,2,5,14,3,5,3,1,1,0,0,0,0,0,1,8.944847296000034,53.07532684500006,Osterholz,Ellenerbrok-Schevemoor
1343,12,2017,2,4,10,3,3,2,1,1,0,0,0,0,0,1,8.577404727000044,53.55390504600007,Mitte (BHV),Mitte-Nord
1344,11,2017,2,3,19,3,5,2,1,1,0,0,0,0,2,0,8.833577843000057,53.07061818000005,Östliche Vorstadt,Peterswerder
1345,12,2017,2,2,10,3,5,3,1,1,0,0,0,0,0,1,8.638166396000031,53.53490010000007,Schiffdorferdamm,Schiffdorferdamm
1346,12,2017,2,2,16,3,5,3,1,1,0,0,0,0,0,1,8.59097988600007,53.54399514800008,Geestemünde,Geestemünde-Nord
1347,11,2017,2,2,18,3,0,3,1,1,0,0,0,0,1,1,8.791226947000041,53.09515428100008,Walle,Westend
1348,11,2017,2,2,9,2,0,1,1,0,0,0,0,0,0,1,8.82868323100007,53.08523647100003,Schwachhausen,Bürgerpark
1349,11,2017,2,2,16,3,6,4,1,0,1,0,0,0,0,1,8.790031644000067,53.06408673100003,Neustadt,Südervorstadt
1350,11,2017,2,1,19,3,8,6,1,1,0,0,0,0,2,1,8.944457881000062,53.05707214500006,Osterholz,Osterholz
1351,11,2017,2,1,19,3,0,7,1,0,0,0,0,0,2,1,8.802599749000024,53.09747107500005,Findorff,Regensburger Str.
1352,11,2017,2,6,13,3,3,6,1,1,0,0,0,0,0,0,8.847738999000057,53.07873939000007,Schwachhausen,Gete
1353,11,2017,2,5,20,3,5,2,1,1,0,0,0,0,2,0,8.817692283000042,53.05263328600006,Neustadt,Huckelriede
1354,11,2017,2,4,8,3,5,3,1,1,0,0,0,0,0,0,8.579140094000024,53.18338458700004,Blumenthal,Blumenthal
1355,11,2017,2,4,8,3,5,3,1,1,0,0,0,0,0,0,8.822075244000075,53.04092207000008,Obervieland,Kattenturm
1356,11,2017,2,4,16,3,5,3,1,1,0,0,0,0,0,0,8.892270073000077,53.07942376600005,Vahr,Neue Vahr Südwest
1357,11,2017,2,3,13,3,5,3,1,1,0,0,0,0,0,0,8.799475261000055,53.07151457700007,Neustadt,Alte Neustadt
1358,11,2017,2,3,15,3,1,5,1,1,0,0,0,0,0,0,8.822688713000048,53.07432475300004,Mitte,Ostertor
1359,11,2017,2,3,17,3,1,3,1,1,0,0,0,0,2,0,8.78452747800003,53.08476902500007,Walle,Überseestadt
1360,11,2017,2,2,7,3,5,2,1,0,0,0,0,1,0,0,8.800451113000065,53.078795135000064,Mitte,Altstadt
1361,11,2017,2,2,10,3,5,3,1,0,0,0,0,1,0,0,8.880715158000044,53.05590338700006,Hemelingen,Hemelingen
1362,11,2017,2,6,18,3,5,3,1,1,0,0,0,0,2,0,8.802845682000054,53.10137838300005,Findorff,Weidedamm
1363,12,2017,5,3,14,3,5,3,1,1,0,0,0,0,0,0,8.597780962000058,53.58514498200003,Lehe (BHV),Speckenbüttel
1364,12,2017,5,3,11,3,5,2,1,1,0,0,0,0,0,0,8.591173886000036,53.56612086800004,Lehe (BHV),Klushof