,UKREIS,UJAHR,UMONAT,UWOCHENTAG,USTUNDE,UKATEGORIE,UART,UTYP1,IstRad,IstPKW,IstFuss,IstKrad,IstGkfz,IstSonstig,ULICHTVERH,STRZUSTAND,longitude,latitude,Stadtteil,Ortsteil
1570,11,2017,5,3,11,2,0,7,1,0,0,0,0,0,0,0,8.95100463700004,53.04166266300007,Hemelingen,Mahndorf
1571,11,2017,5,3,16,3,0,7,1,0,0,0,0,0,0,0,8.906771797000033,53.04014061700008,Hemelingen,Arbergen
1572,11,2017,5,2,10,3,5,7,1,0,0,0,0,0,0,0,8.806772198000033,53.06046066300007,Neustadt,Huckelriede
1573,11,2017,5,2,17,3,5,3,1,1,0,0,0,0,0,0,8.802241654000056,53.07948520800005,Mitte,Altstadt
1574,11,2017,5,2,6,3,4,2,1,0,0,0,0,0,0,0,8.803871524000044,53.08519803800005,Mitte,Bahnhofsvorstadt
1575,11,2017,5,2,11,3,5,7,1,0,0,0,0,1,0,0,8.816046431000075,53.07344516100005,Mitte,Ostertor
1576,11,2017,5,2,7,3,5,3,1,1,0,0,0,0,0,0,8.89456311300006,53.07945943900006,Vahr,Neue Vahr Südost
1577,11,2017,5,2,12,3,3,1,1,1,0,0,0,0,0,0,8.797718263000036,53.07673804900003,Neustadt,Alte Neustadt
1578,12,2017,5,1,19,3,7,1,1,0,0,0,0,0,0,0,8.586100195000029,53.56115296200005,Lehe (BHV),Twischkamp
1579,12,2017,5,1,2,3,4,6,1,1,0,0,0,0,2,0,8.61701473200003,53.503471096000055,Wulsdorf,Jedutenberg
1580,11,2017,5,1,13,3,5,2,1,1,0,0,0,0,0,0,8.740076238000029,53.051411898000026,Huchting,Kirchhuchting
1581,11,2017,5,1,17,3,5,3,1,1,0,0,0,0,0,0,8.886789282000052,53.10067299600007,Horn-Lehe,Lehesterdeich
1582,12,2017,5,7,8,2,0,1,1,0,0,0,0,0,0,0,8.608800747000032,53.569607948000055,Lehe (BHV),Schierholz
1583,12,2017,5,7,13,3,1,6,1,1,0,0,0,0,0,0,8.590243574000056,53.56535833700008,Lehe (BHV),Klushof
1584,11,2017,5,7,12,3,5,3,1,0,0,0,0,1,0,0,8.810636205000037,53.08186393500006,Mitte,Bahnhofsvorstadt
1585,11,2017,5,7,17,2,5,3,1,0,0,0,0,1,0,0,8.854280583000047,53.07068310100004,Östliche Vorstadt,Hulsberg
1586,11,2017,5,7,11,2,5,3,1,1,0,0,0,0,0,0,8.818113911000069,53.07772607600003,Mitte,Ostertor
1587,11,2017,5,7,13,3,2,6,1,0,0,0,0,0,0,0,8.78910247600004,53.07098253200007,Neustadt,Hohentor
1588,12,2017,5,6,18,3,5,3,1,1,0,0,0,0,0,0,8.584667897000031,53.56071076600006,Lehe (BHV),Goethestrasse
1589,12,2017,5,6,11,2,5,3,1,1,0,0,0,0,0,0,8.597446220000052,53.59126501700007,Leherheide,Königsheide
1590,11,2017,5,6,10,3,5,3,1,1,0,0,0,0,0,0,8.796991740000067,53.06854835400003,Neustadt,Südervorstadt
1591,11,2017,5,6,18,3,5,3,1,0,0,0,0,0,0,0,8.908195813000077,53.071296861000064,Hemelingen,Sebaldsbrück
1592,11,2017,5,6,17,3,0,7,1,0,1,0,0,0,0,0,8.788927224000076,53.09343518000003,Walle,Westend
1593,11,2017,5,6,17,3,5,3,1,1,0,0,0,0,0,0,8.809627166000041,53.05844794000007,Neustadt,Huckelriede
1594,11,2017,5,6,17,2,5,2,1,1,0,0,0,0,0,0,8.890661238000064,53.06303028000008,Hemelingen,Sebaldsbrück
1595,11,2017,5,6,15,3,0,7,1,0,0,0,0,0,0,0,8.80379394800002,53.06663340700004,Neustadt,Buntentor
1596,11,2017,5,5,18,3,6,7,1,0,1,0,0,0,0,0,8.828033146000053,53.071664303000034,Östliche Vorstadt,Steintor
1597,11,2017,5,5,18,3,1,7,1,1,0,0,0,1,0,0,8.770303007000052,53.08226366800005,Woltmershausen,Woltmershausen
1598,11,2017,5,5,18,3,3,6,1,1,0,0,0,0,0,0,8.722305603000052,53.15906601100005,Burglesum,Burg-Grambke
1599,12,2017,5,4,8,3,5,3,1,1,0,0,0,0,0,0,8.63855602500007,53.53088529500008,Schiffdorferdamm,Schiffdorferdamm
1600,11,2017,5,4,18,3,5,3,1,1,0,0,0,0,0,0,8.723836771000038,53.04350758800007,Huchting,Sodenmatt
1601,11,2017,5,4,8,3,3,2,1,1,0,0,0,0,0,0,8.837098604000062,53.08264797400005,Schwachhausen,Schwachhausen
1602,12,2017,5,3,8,3,2,3,1,1,0,0,0,0,0,0,8.58588792200004,53.55927083900008,Lehe (BHV),Klushof
1603,12,2017,5,3,3,3,5,3,1,1,0,0,0,0,2,0,8.603934725000045,53.57422254100004,Lehe (BHV),Schierholz
1604,11,2017,5,3,15,3,5,3,1,1,0,0,0,0,0,0,8.79262071100004,53.08270957000008,Mitte,Altstadt
1605,11,2017,5,3,15,3,5,3,1,0,0,1,0,0,0,0,8.763515206000022,53.08638573700006,Woltmershausen,Woltmershausen
1606,11,2017,5,3,13,3,5,2,1,1,0,0,0,0,0,0,8.785523615000045,53.07484878200006,Neustadt,Hohentor
1607,12,2017,5,2,7,3,3,6,1,0,0,1,0,0,0,0,8.601111304000028,53.56725791600008,Lehe (BHV),Buschkämpen
1608,11,2017,5,2,11,3,5,3,1,1,0,0,0,0,0,0,8.61895523800007,53.17914609600007,Vegesack,Vegesack
1609,11,2017,5,2,18,3,1,7,1,1,0,0,0,0,0,0,8.80088164600005,53.07115495900007,Neustadt,Alte Neustadt
1610,11,2017,5,2,15,3,5,2,1,0,0,0,0,1,0,0,8.791456620000076,53.09098241300006,Walle,Utbremen
1611,11,2017,5,2,18,2,5,3,1,1,0,0,0,0,0,0,8.56200870400005,53.18331385700003,Blumenthal,Blumenthal
1612,11,2017,5,7,19,3,0,1,1,0,0,0,0,0,0,0,8.80891966400003,53.090717821000055,Findorff,Findorff-Bürgerweide
1613,11,2017,5,7,11,3,1,5,1,1,0,0,0,0,0,0,8.874067398000022,53.10420291600008,Horn-Lehe,Lehe
1614,11,2017,5,7,18,3,1,5,1,1,0,0,0,0,0,0,8.788505543000042,53.069315937000056,Neustadt,Neustadt
1615,12,2017,5,6,13,3,4,6,1,1,0,0,0,0,0,0,8.595369508000033,53.55742574300007,Lehe (BHV),Klushof
1616,12,2017,5,6,13,3,6,1,1,0,1,0,0,0,0,0,8.597742345000029,53.53480231500004,Geestemünde,Geestendorf
1617,12,2017,5,6,12,2,5,3,1,1,0,0,0,0,0,0,8.608843252000042,53.586876053000026,Leherheide,Königsheide
1618,12,2017,5,6,13,3,5,3,1,0,0,0,0,1,0,0,8.58837180100005,53.56651088300004,Lehe (BHV),Klushof
1619,11,2017,5,6,11,3,5,3,1,1,0,0,0,0,0,0,8.779420301000073,53.07605721900006,Woltmershausen,Woltmershausen
1620,11,2017,5,6,7,3,1,7,1,1,0,0,0,0,0,0,8.842671332000066,53.06903801800007,Östliche Vorstadt,Peterswerder
1621,11,2017,5,6,7,3,0,7,1,1,0,0,0,0,0,0,8.756883763000076,53.12578013000007,Gröpelingen,Ohlenhof
1622,11,2017,5,6,15,3,3,6,1,1,0,0,0,0,0,0,8.787389229000041,53.06247507400008,Neustadt,Neuenland
1623,11,2017,5,6,9,3,3,7,1,1,0,0,0,0,0,0,8.831055755000023,53.07478923600007,Östliche Vorstadt,Fesenfeld
1624,11,2017,5,6,14,3,3,2,1,0,0,0,0,0,0,0,8.864964159000067,53.06687494500005,Hemelingen,Hastedt
1625,12,2017,5,5,11,3,2,6,1,0,0,0,0,1,0,0,8.608532697000044,53.51841134400007,Geestemünde,Grünhöfe
1626,12,2017,5,5,14,3,0,1,1,0,0,0,0,0,0,0,8.597163547000036,53.53598263500004,Geestemünde,Geestendorf
1627,11,2017,5,5,12,3,5,3,1,1,0,0,0,0,0,0,8.893336653000063,53.08242836200003,Vahr,Neue Vahr Südost
1628,12,2017,5,4,16,3,0,1,1,0,0,0,0,0,0,0,8.594477106000056,53.53147781600006,Geestemünde,Geestendorf
1629,11,2017,5,4,16,2,0,1,1,0,0,0,0,0,0,0,8.65032721800003,53.18122875700004,Vegesack,Schönebeck
1630,11,2017,5,4,19,3,0,1,1,0,0,0,0,0,0,0,8.856124802000068,53.06679579600007,Hemelingen,Hastedt
1631,11,2017,5,4,16,3,5,3,1,1,0,0,0,0,0,0,8.686084571000038,53.173313335000046,Burglesum,Lesum
1632,11,2017,5,4,18,3,3,6,1,1,0,0,0,0,0,0,8.854310075000058,53.08212644500003,Schwachhausen,Gete
1633,11,2017,5,4,7,3,0,1,1,0,0,0,0,0,0,0,8.805132361000062,53.10017050000005,Findorff,Regensburger Str.
1634,11,2017,5,3,16,3,5,3,1,1,0,0,0,0,0,0,8.836905586000057,53.09927630800007,Schwachhausen,Neu-Schwachhausen
1635,11,2017,5,3,12,3,5,2,1,0,0,0,0,0,0,0,8.802555016000042,53.09742267800005,Findorff,Regensburger Str.
1636,11,2017,5,3,16,3,4,6,1,0,0,0,0,0,0,0,8.802054377000047,53.09457429700007,Findorff,Regensburger Str.
1637,11,2017,5,3,7,3,3,5,1,1,0,0,0,0,0,1,8.809374083000023,53.07770376000008,Mitte,Altstadt
1638,11,2017,5,3,13,3,5,3,1,1,0,0,0,0,0,1,8.717266535000022,53.17292340000006,Burglesum,Burgdamm
1639,11,2017,5,3,9,3,4,6,1,0,0,0,0,0,0,1,8.91012723600005,53.09309649700003,Oberneuland,Unbekannt
1640,12,2017,5,2,14,3,5,3,1,1,0,0,0,0,0,0,8.590782055000034,53.54066817700004,Geestemünde,Geestemünde-Nord
1641,11,2017,5,2,15,2,5,3,1,1,0,0,0,0,0,0,8.661638584000059,53.16709569800008,Burglesum,St.Magnus
1642,11,2017,5,2,9,3,0,1,1,0,0,0,0,0,0,0,8.81096272600007,53.09251775100006,Findorff,Weidedamm
1643,12,2017,5,1,13,3,0,1,1,0,0,0,0,0,0,0,8.590581342000064,53.53069562600007,Geestemünde,Geestendorf
1644,11,2017,5,1,8,3,0,7,1,0,0,0,0,1,0,0,8.89075385800004,53.07144129400007,Hemelingen,Sebaldsbrück
1645,11,2017,5,1,12,2,5,3,1,0,0,0,0,0,0,0,8.816512614000032,53.070167224000045,Mitte,Ostertor
1646,11,2017,5,1,21,3,1,5,1,1,0,0,0,0,2,1,8.831784076000076,53.08600037200006,Schwachhausen,Bürgerpark
1647,11,2017,5,1,18,3,0,1,1,0,0,0,0,0,1,1,8.806823178000059,53.08967358300004,Findorff,Findorff-Bürgerweide
1648,11,2017,5,1,15,3,4,6,1,1,0,0,0,0,0,0,8.934548353000025,53.09215115000006,Oberneuland,Unbekannt
1649,12,2017,5,7,12,3,3,2,1,1,0,0,0,0,0,0,8.594980512000063,53.57019442200004,Lehe (BHV),Klushof
1650,11,2017,5,7,12,3,2,7,1,1,0,0,0,0,0,0,8.707971238000027,53.17642486300008,Burglesum,Burgdamm
1651,12,2017,5,6,12,3,5,3,1,1,0,0,0,0,0,1,8.591068948000043,53.54152254600007,Geestemünde,Geestemünde-Nord
1652,11,2017,5,6,10,3,5,3,1,1,0,0,0,0,0,1,8.858541772000024,53.11028585400004,Horn-Lehe,Lehe
1653,11,2017,5,6,11,2,0,1,1,0,0,0,0,0,0,0,8.901627443000052,53.125264438000045,Unbekannt,Borgfeld
1654,12,2017,5,5,17,3,3,6,1,0,0,0,0,1,0,0,8.563983392000068,53.58907779000003,Lehe (BHV),Speckenbüttel
1655,11,2017,5,5,6,3,4,6,1,0,0,0,0,0,0,0,8.713813870000024,53.14174356400008,Burglesum,Burg-Grambke
1656,11,2017,5,5,13,3,4,2,1,0,0,0,0,0,0,0,8.913178822000077,53.11944558100004,Unbekannt,Borgfeld
1657,11,2017,5,5,17,3,5,2,1,1,0,0,0,0,0,0,8.854447710000045,53.08242681200005,Vahr,Gartenstadt Vahr
1658,12,2017,5,4,13,3,8,1,1,0,0,0,0,0,0,0,8.597850356000038,53.58347345000004,Lehe (BHV),Eckernfeld
1659,11,2017,5,4,19,3,5,2,1,1,0,0,0,0,0,0,8.80559661600006,53.09086403200007,Findorff,Findorff-Bürgerweide
1660,11,2017,5,4,13,2,0,7,1,0,0,0,0,0,0,0,8.589438366000024,53.18315166400004,Blumenthal,Blumenthal
1661,11,2017,7,1,11,2,1,7,1,1,0,0,0,0,0,0,8.94830401400003,53.06598244100008,Osterholz,Ellenerbrok-Schevemoor
1662,11,2017,7,1,11,3,1,5,1,1,0,0,0,0,0,0,8.848321344000055,53.08886191800008,Schwachhausen,Riensberg
1663,12,2017,7,6,12,3,5,3,1,1,0,0,0,0,0,0,8.589107642000045,53.53323868600006,Geestemünde,Geestendorf
1664,11,2017,7,6,8,3,0,1,1,0,0,0,0,0,0,0,8.901981801000034,53.07338979400004,Hemelingen,Sebaldsbrück
1665,11,2017,7,6,17,3,5,3,1,1,0,0,0,0,0,0,8.944626541000048,53.06587919700007,Osterholz,Ellenerbrok-Schevemoor
1666,11,2017,7,5,16,3,5,3,1,1,0,0,0,0,0,0,8.866429261000064,53.10369340000005,Horn-Lehe,Lehe
1667,11,2017,7,5,15,3,5,3,1,1,0,0,0,0,0,0,8.890795678000075,53.05721156000004,Hemelingen,Hemelingen
1668,11,2017,7,4,16,3,4,6,1,0,0,0,0,0,0,0,8.805605248000063,53.08118198200003,Mitte,Bahnhofsvorstadt
1669,11,2017,7,4,17,3,6,4,1,0,1,0,0,0,0,0,8.834579766000047,53.03924500000005,Obervieland,Kattenturm
1670,11,2017,7,4,16,2,5,3,1,1,0,0,0,0,0,0,8.882049123000058,53.07909752500007,Vahr,Neue Vahr Südwest
1671,11,2017,7,4,15,2,3,7,1,0,0,0,0,0,0,0,8.863270864000071,53.09921148400008,Horn-Lehe,Lehe
1672,11,2017,7,3,17,3,5,2,1,1,0,0,0,0,0,1,8.796330104000049,53.08263080100005,Mitte,Altstadt
1673,11,2017,7,3,9,3,1,5,1,1,0,0,0,0,0,1,8.902812706000077,53.04869898500005,Hemelingen,Hemelingen
1674,11,2017,7,2,15,3,0,7,1,1,0,0,0,0,0,0,8.857509287000028,53.066607445000045,Hemelingen,Hastedt
1675,11,2017,7,2,12,3,5,2,1,1,0,0,0,0,0,0,8.788585241000021,53.10332719200005,Walle,Osterfeuerberg
1676,11,2017,7,2,20,2,5,3,1,1,0,0,0,0,2,1,8.892866157000071,53.082440260000055,Vahr,Neue Vahr Südost
1677,11,2017,7,1,0,3,5,3,1,1,0,0,0,0,2,1,8.626954175000037,53.16976134600003,Vegesack,Vegesack
1678,11,2017,7,7,11,3,6,4,1,0,1,0,0,0,0,1,8.805609779000065,53.081183905000046,Mitte,Bahnhofsvorstadt
1679,11,2017,7,7,23,3,4,6,1,0,0,0,0,0,2,0,8.82638158900005,53.07868954400004,Östliche Vorstadt,Fesenfeld
1680,11,2017,7,7,7,3,5,2,1,1,0,0,0,0,0,0,8.761148667000043,53.12132059700008,Gröpelingen,Gröpelingen
1681,11,2017,7,6,13,3,0,7,1,1,0,0,0,0,0,0,8.814976632000025,53.07971943100006,Mitte,Bahnhofsvorstadt
1682,11,2017,7,6,14,3,0,7,1,0,0,0,0,0,0,0,8.773866562000023,53.09994587700004,Walle,Überseestadt
1683,11,2017,7,6,14,3,0,7,1,0,0,0,0,0,0,0,8.772862022000027,53.100613828000064,Walle,Überseestadt
1684,11,2017,7,6,19,2,2,6,1,0,0,0,0,0,0,0,8.812361476000035,53.07131372400005,Mitte,Altstadt
1685,11,2017,7,6,14,3,5,3,1,1,0,0,0,0,0,0,8.838127454000073,53.08218308800008,Schwachhausen,Gete
1686,11,2017,7,5,13,3,0,7,1,0,0,0,0,0,0,0,8.823660539000059,53.07300971800004,Östliche Vorstadt,Steintor
1687,11,2017,7,5,18,3,5,3,1,0,0,0,0,0,0,0,8.766590149000024,53.11534245500008,Gröpelingen,Gröpelingen
1688,11,2017,7,5,8,3,5,3,1,1,0,0,0,0,0,0,8.730855796000071,53.09162355600006,Häfen,Neustädter Hafen
1689,11,2017,7,4,12,3,4,7,1,1,0,0,0,0,0,0,8.742624785000032,53.13026649200003,Gröpelingen,Oslebshausen
1690,11,2017,7,4,13,3,6,4,1,0,1,0,0,0,0,0,8.62817430900003,53.18655753000007,Vegesack,Unbekannt
1691,11,2017,7,4,22,2,0,7,1,0,0,0,0,0,2,1,8.870859108000047,53.09136806200007,Schwachhausen,Radio Bremen
1692,11,2017,7,4,6,3,5,2,1,1,0,0,0,0,0,0,8.92338628400006,53.05934699400007,Osterholz,Osterholz
1693,11,2017,7,3,21,3,5,3,1,1,0,0,0,0,0,0,8.93241432000002,53.06418448000005,Osterholz,Ellener Feld
1694,11,2017,7,3,15,3,5,3,1,1,0,0,0,0,0,0,8.811416290000068,53.08033371200003,Mitte,Bahnhofsvorstadt
1695,11,2017,7,3,15,3,4,2,1,1,0,0,0,0,0,0,8.728643224000052,53.03887633200003,Huchting,Kirchhuchting
1696,11,2017,7,3,6,3,0,1,1,0,0,0,0,0,0,0,8.831281836000073,53.085875058000056,Schwachhausen,Bürgerpark
1697,11,2017,7,3,17,2,5,3,1,0,0,0,0,1,0,0,8.901173154000048,53.07886855400005,Vahr,Neue Vahr Südost
1698,11,2017,7,2,10,3,5,2,1,1,0,0,0,0,0,0,8.862872324000023,53.07147351700007,Hemelingen,Hastedt
1699,11,2017,7,2,11,3,5,2,1,1,0,0,0,0,0,0,8.62618248800004,53.18384330600003,Vegesack,Unbekannt
1700,11,2017,7,2,18,3,1,5,1,1,0,0,0,0,0,0,8.802843265000035,53.06720932400003,Neustadt,Buntentor
1701,11,2017,7,1,15,3,0,1,1,0,0,0,0,0,0,1,8.819872616000055,53.08080334200008,Mitte,Bahnhofsvorstadt
1702,11,2017,7,7,10,3,0,1,1,0,0,0,0,0,0,0,8.898488747000044,53.13467503900006,Unbekannt,Borgfeld
1703,12,2017,7,6,16,3,5,3,1,1,0,0,0,0,0,0,8.59283418800004,53.55857159700008,Lehe (BHV),Klushof
1704,11,2017,7,6,14,3,0,7,1,0,0,0,0,0,0,0,8.978498029000036,53.13074098700008,Unbekannt,Borgfeld
1705,11,2017,7,6,16,3,5,3,1,1,0,0,0,0,0,0,8.948427912000056,53.05803543900004,Osterholz,Osterholz
1706,11,2017,7,6,16,3,5,3,1,0,0,0,0,1,0,0,8.698987472000056,53.09259441900008,Unbekannt,Strom
1707,11,2017,7,6,15,3,1,5,1,1,0,0,0,0,0,0,8.831992072000048,53.07105786900007,Östliche Vorstadt,Steintor
1708,11,2017,7,6,15,3,5,3,1,1,0,0,0,0,0,0,8.711037673000021,53.148331590000055,Burglesum,Burg-Grambke
1709,11,2017,7,6,11,3,0,7,1,0,0,0,0,1,0,0,8.947109173000058,53.05281468600003,Osterholz,Osterholz
1710,11,2017,7,6,15,3,5,3,1,1,0,0,0,0,0,0,8.74880749700003,53.12488157400003,Gröpelingen,Ohlenhof
1711,11,2017,7,6,5,2,5,2,1,1,0,0,0,0,0,0,8.86996748200005,53.06186273800006,Hemelingen,Hastedt
1712,11,2017,7,5,15,3,5,7,1,0,0,0,0,1,0,0,8.78079503400005,53.05798939500005,Neustadt,Neuenland
1713,11,2017,7,5,8,3,3,2,1,1,0,0,0,0,0,0,8.81694368500007,53.07855047000004,Mitte,Ostertor
1714,11,2017,7,5,14,3,2,6,1,0,0,0,0,0,0,0,8.79662490800007,53.08922580500007,Walle,Utbremen
1715,11,2017,7,4,9,3,5,3,1,1,0,0,0,0,0,1,8.787011169000039,53.08292397800005,Walle,Überseestadt
1716,11,2017,7,4,11,3,5,2,1,0,0,0,0,1,0,1,8.785411562000036,53.08867701300005,Walle,Überseestadt
1717,11,2017,7,4,19,3,1,7,1,1,0,0,0,0,0,0,8.845574673000044,53.08652368300005,Schwachhausen,Schwachhausen
1718,11,2017,7,4,15,3,5,2,1,1,0,0,0,0,0,1,8.878419200000053,53.07906566400004,Vahr,Gartenstadt Vahr
1719,12,2017,7,3,14,3,2,6,1,1,0,0,0,0,0,0,8.579687109000076,53.54533468600005,Mitte (BHV),Mitte-Süd
1720,12,2017,7,2,9,2,0,7,1,0,0,0,0,0,0,0,8.554787820000058,53.57853246600007,Häfen (BHV),Stadtbremisches Überseehafengebiet Bremerhaven
1721,11,2017,7,2,17,3,0,5,1,1,0,0,0,0,0,1,8.892466873000046,53.08305387700005,Vahr,Neue Vahr Nord
1722,11,2017,7,2,18,3,0,5,1,1,0,0,0,0,0,0,8.823328631000038,53.03135454800008,Obervieland,Kattenesch
1723,11,2017,7,2,15,3,5,2,1,1,0,0,0,0,0,0,8.811211540000045,53.08012273000003,Mitte,Bahnhofsvorstadt
1724,11,2017,7,2,16,3,4,2,1,1,0,0,0,0,0,0,8.814028584000027,53.10041614800008,Findorff,Weidedamm
1725,11,2017,7,2,0,3,3,6,1,1,0,0,0,0,2,0,8.830829719000064,53.07439386500005,Östliche Vorstadt,Steintor
1726,11,2017,7,1,11,3,5,2,1,1,0,0,0,0,0,0,8.835523330000058,53.03532964400006,Obervieland,Arsten
1727,11,2017,7,1,14,2,1,7,1,1,0,0,0,0,0,0,8.638887117000024,53.18166230600008,Vegesack,Schönebeck
1728,11,2017,7,7,22,3,4,6,1,0,0,0,0,0,2,0,8.851930723000066,53.05582565900005,Obervieland,Habenhausen
1729,11,2017,7,7,0,3,6,4,1,0,1,0,0,0,2,0,8.808233047000044,53.07450224400003,Mitte,Altstadt
1730,11,2017,7,7,0,3,0,1,1,0,0,0,0,0,2,0,8.843701097000064,53.06686279100006,Östliche Vorstadt,Peterswerder
1731,12,2017,7,6,9,3,5,3,1,1,0,0,0,0,0,0,8.536987300000021,53.60522221700006,Weddewarden,Weddewarden
1732,12,2017,7,6,16,3,6,1,1,0,1,0,0,0,0,0,8.543209622000063,53.58698108300007,Häfen (BHV),Stadtbremisches Überseehafengebiet Bremerhaven
1733,11,2017,7,6,16,3,5,2,1,1,0,0,0,0,0,0,8.896288665000043,53.08241977700004,Vahr,Neue Vahr Nord
1734,11,2017,7,6,8,3,0,7,1,0,0,0,0,0,0,0,8.75280616300006,53.121392273000026,Gröpelingen,Ohlenhof
1735,11,2017,7,5,17,3,6,4,1,0,1,0,0,0,0,0,8.851933236000036,53.05830977900007,Obervieland,Habenhausen
1736,11,2017,7,5,8,3,3,6,1,0,0,0,0,0,0,0,8.826258078000023,53.07931954700007,Mitte,Ostertor
1737,11,2017,7,5,23,3,4,6,1,0,0,0,0,0,2,0,8.824674853000033,53.08459472000004,Schwachhausen,Bürgerpark
1738,11,2017,7,4,13,3,0,1,1,0,0,0,0,0,0,0,8.819186352000031,53.07254097100008,Mitte,Ostertor
1739,11,2017,7,4,14,3,4,2,1,1,0,0,0,0,0,0,8.784345037000037,53.09638861800005,Walle,Westend
1740,11,2017,7,4,15,3,4,6,1,1,0,0,0,0,0,0,8.801389989000029,53.09064609300003,Findorff,Findorff-Bürgerweide
1741,11,2017,7,4,16,3,0,3,1,0,0,0,0,1,0,0,8.893974228000047,53.05453551900007,Hemelingen,Hemelingen
1742,11,2017,7,4,19,3,3,6,1,0,0,0,0,0,0,0,8.843399856000076,53.07217061900008,Östliche Vorstadt,Hulsberg
1743,11,2017,7,4,7,3,5,3,1,1,0,0,0,0,0,1,8.876445283000066,53.09119565700007,Horn-Lehe,Horn
1744,11,2017,7,4,9,3,5,3,1,1,0,0,0,0,0,0,8.872445167000024,53.06312661100003,Hemelingen,Hastedt
1745,11,2017,7,4,11,2,1,7,1,1,0,0,0,0,0,0,8.847234582000056,53.03301790800003,Obervieland,Arsten
1746,11,2017,7,3,19,3,4,6,1,1,0,0,0,0,0,0,8.794717933000072,53.05526003600005,Neustadt,Neuenland
1747,11,2017,7,3,9,3,5,2,1,0,0,0,0,1,0,0,8.88615148100007,53.07895717600008,Vahr,Neue Vahr Südwest
1748,12,2017,7,2,5,3,5,2,1,1,0,0,0,0,0,0,8.611905444000058,53.58760175500004,Leherheide,Leherheide-West
1749,11,2017,7,2,14,3,1,5,1,0,0,0,0,0,0,0,8.814603798000064,53.081313556000055,Mitte,Bahnhofsvorstadt
1750,11,2017,7,2,18,3,1,5,1,1,0,0,0,0,0,0,8.823338008000064,53.07255263600007,Mitte,Ostertor
1751,11,2017,7,2,20,3,5,3,1,1,0,0,0,0,0,0,8.799132563000057,53.06944918000005,Neustadt,Alte Neustadt
1752,11,2017,7,2,13,2,5,3,1,1,0,0,0,0,0,0,8.776849441000024,53.05345943400005,Neustadt,Neuenland
1753,11,2017,7,2,13,3,1,5,1,1,0,0,0,0,0,0,8.801427884000077,53.06808243000006,Neustadt,Südervorstadt
1754,11,2017,7,2,17,3,5,3,1,1,0,0,0,0,0,0,8.941745574000038,53.03812270200007,Hemelingen,Mahndorf
1755,12,2017,7,1,17,3,5,3,1,1,0,0,0,0,0,0,8.598159088000045,53.57017188600008,Lehe (BHV),Klushof
1756,11,2017,7,7,22,3,0,7,1,1,0,0,0,0,1,0,8.893112964000068,53.06037785000007,Hemelingen,Sebaldsbrück
1757,12,2017,6,6,11,3,5,3,1,1,0,0,0,0,0,1,8.586300143000074,53.51694084800005,Fischereihafen,Fischereihafen
1758,11,2017,6,6,14,3,5,3,1,1,0,0,0,0,0,1,8.757214786000077,53.07926169800004,Woltmershausen,Woltmershausen
1759,11,2017,6,5,20,3,0,7,1,1,0,0,0,0,1,1,8.853833131000044,53.08241719500006,Schwachhausen,Gete
1760,11,2017,6,5,20,3,0,7,1,0,0,0,0,0,1,1,8.739204629000028,53.11728623100004,Häfen,Industriehäfen
1761,11,2017,6,4,13,2,5,3,1,0,0,0,0,0,0,1,8.737325292000037,53.04611675900003,Huchting,Kirchhuchting
1762,11,2017,6,4,8,3,1,5,1,1,0,0,0,0,0,0,8.643937626000024,53.16488115600004,Vegesack,Grohn
1763,12,2017,6,3,13,3,5,2,1,0,0,0,0,1,0,0,8.543055089000063,53.58716515900005,Häfen (BHV),Stadtbremisches Überseehafengebiet Bremerhaven
1764,11,2017,6,3,9,3,5,3,1,1,0,0,0,0,0,0,8.799833094000064,53.07045985000008,Neustadt,Alte Neustadt
1765,11,2017,6,3,13,3,1,7,1,1,0,0,0,0,0,0,8.900970460000053,53.05929251100008,Hemelingen,Sebaldsbrück
1766,11,2017,6,3,14,3,3,6,1,1,0,0,0,0,0,0,8.850451293000049,53.07091538500004,Östliche Vorstadt,Peterswerder
1767,11,2017,7,2,15,3,5,3,1,1,0,0,0,0,0,0,8.854811064000046,53.06770681900008,Hemelingen,Hastedt
1768,11,2017,6,2,23,3,0,7,1,0,0,0,0,0,2,0,8.820226804000072,53.07517648600003,Mitte,Ostertor
1769,11,2017,8,4,18,3,5,2,1,1,0,0,0,0,0,0,8.560674869000025,53.19638775000004,Blumenthal,Lüssum-Bockhorn
1770,11,2017,6,2,16,3,5,3,1,1,0,0,0,0,0,0,8.883634867000069,53.04841123700004,Hemelingen,Hemelingen
1771,11,2017,6,1,17,3,0,7,1,0,0,0,0,0,0,1,8.827179115000035,53.08644663200005,Schwachhausen,Bürgerpark
1772,11,2017,6,1,18,3,5,3,1,1,0,0,0,0,0,1,8.784766919000049,53.07146380200004,Neustadt,Hohentor