,UKREIS,UJAHR,UMONAT,UWOCHENTAG,USTUNDE,UKATEGORIE,UART,UTYP1,IstRad,IstPKW,IstFuss,IstKrad,IstGkfz,IstSonstig,ULICHTVERH,STRZUSTAND,longitude,latitude,Stadtteil,Ortsteil
1773,11,2017,6,1,15,2,8,1,1,0,0,0,0,0,0,0,8.633492708000063,53.16580441100007,Vegesack,Grohn
1774,12,2017,6,7,16,3,6,3,1,0,1,0,0,0,0,1,8.61399448700007,53.59781116700003,Leherheide,Königsheide
1775,11,2017,6,7,12,2,2,7,1,1,0,0,0,0,0,1,8.819854219000035,53.04904220900005,Neustadt,Huckelriede
1776,11,2017,6,7,18,3,0,3,1,0,0,0,0,0,0,0,8.788369554000042,53.07048125800003,Neustadt,Hohentor
1777,12,2017,6,6,17,3,6,7,1,0,1,0,0,0,0,0,8.630574567000053,53.592825350000055,Leherheide,Leherheide-West
1778,11,2017,8,4,20,2,0,7,1,0,0,0,0,0,1,0,8.612077627000076,53.17841150500004,Vegesack,Fähr-Lobbendorf
1779,11,2017,8,4,18,3,1,5,1,1,0,0,0,0,0,0,8.754952611000022,53.11305616100003,Gröpelingen,Lindenhof
1780,11,2017,6,6,16,3,5,3,1,1,0,0,0,0,0,0,8.837798245000045,53.08510427700003,Schwachhausen,Schwachhausen
1781,11,2017,8,4,1,3,5,3,1,1,0,0,0,0,2,0,8.89327628500007,53.04711091600007,Hemelingen,Hemelingen
1782,11,2017,6,6,12,3,5,3,1,1,0,0,0,0,0,0,8.805996726000046,53.092447898000046,Findorff,Findorff-Bürgerweide
1783,11,2017,6,6,23,3,1,5,1,0,0,0,0,1,2,1,8.82972503800005,53.07789401100007,Östliche Vorstadt,Fesenfeld
1784,11,2017,6,6,12,3,5,3,1,1,0,0,0,0,0,1,8.81876749600002,53.05314735400003,Neustadt,Huckelriede
1785,11,2017,6,5,20,3,5,3,1,1,0,0,0,0,0,1,8.854075665000039,53.082551686000045,Schwachhausen,Radio Bremen
1786,11,2017,6,5,13,3,5,2,1,1,0,0,0,0,0,0,8.833708673000046,53.07104709800007,Östliche Vorstadt,Steintor
1787,11,2017,6,4,18,3,0,1,1,0,0,0,0,0,0,0,8.851252240000065,53.08542794600004,Schwachhausen,Radio Bremen
1788,11,2017,6,4,11,3,5,3,1,1,0,0,0,0,0,0,8.893153103000031,53.082222313000045,Vahr,Neue Vahr Südost
1789,11,2017,6,4,9,3,5,3,1,1,0,0,0,0,0,0,8.832020405000037,53.06864817900004,Östliche Vorstadt,Steintor
1790,11,2017,8,4,16,2,1,5,1,1,0,0,0,0,0,0,8.791857847000074,53.06843290900008,Neustadt,Neustadt
1791,12,2017,8,3,10,3,0,7,1,1,0,0,0,0,0,0,8.586697872000059,53.53798153100007,Geestemünde,Geestemünde-Nord
1792,11,2017,6,4,10,3,5,3,1,1,0,0,0,0,0,0,8.806329073000029,53.07344152700006,Mitte,Altstadt
1793,11,2017,6,4,15,3,5,2,1,1,0,0,0,0,0,0,8.78985592500004,53.07150000000007,Neustadt,Hohentor
1794,11,2017,6,4,8,2,5,2,1,0,0,0,0,1,0,0,8.841016909000075,53.085645999000064,Schwachhausen,Schwachhausen
1795,12,2017,8,3,12,3,3,6,1,1,0,0,0,0,0,0,8.597955257000024,53.58331519100005,Lehe (BHV),Eckernfeld
1796,11,2017,6,4,17,3,0,7,1,1,0,0,0,0,0,0,8.811678209000036,53.09155089800004,Findorff,Findorff-Bürgerweide
1797,12,2017,8,3,12,3,5,2,1,1,0,0,0,0,0,0,8.597907856000063,53.53342390100005,Geestemünde,Geestendorf
1798,11,2017,6,3,11,3,5,7,1,1,0,0,0,0,0,0,8.858281306000038,53.10285351400006,Horn-Lehe,Lehe
1799,11,2017,6,3,11,3,5,2,1,1,0,0,0,0,0,0,8.85409271900005,53.06865189800004,Östliche Vorstadt,Peterswerder
1800,11,2017,6,3,16,3,5,3,1,1,0,0,0,0,0,0,8.761925560000066,53.12190184200006,Gröpelingen,Ohlenhof
1801,11,2017,6,3,11,3,1,5,1,1,0,0,0,0,0,0,8.807111356000064,53.06465099000008,Neustadt,Buntentor
1802,11,2017,6,3,17,2,6,4,1,0,1,0,0,0,0,0,8.792391595000026,53.09934422000004,Walle,Osterfeuerberg
1803,11,2017,6,3,18,2,5,3,1,1,0,0,0,0,0,0,8.854832697000063,53.07647939600008,Schwachhausen,Gete
1804,12,2017,6,2,19,3,0,7,1,0,0,0,0,0,0,0,8.596396231000028,53.52779304100005,Geestemünde,Geestendorf
1805,11,2017,6,2,10,3,5,3,1,1,0,0,0,0,0,0,8.88486012900006,53.05520961800005,Hemelingen,Hemelingen
1806,11,2017,6,2,19,3,5,2,1,1,0,0,0,0,0,0,8.72669161600004,53.04509869100008,Huchting,Sodenmatt
1807,12,2017,6,1,12,3,3,2,1,0,0,1,0,0,0,0,8.60394358800005,53.58430028200007,Lehe (BHV),Schierholz
1808,12,2017,6,1,21,3,5,2,1,1,0,0,0,0,0,0,8.591409442000042,53.58138537600007,Lehe (BHV),Eckernfeld
1809,11,2017,6,1,14,3,0,1,1,0,0,0,0,0,0,0,8.816674267000053,53.07013318200006,Mitte,Ostertor
1810,11,2017,6,1,16,3,0,7,1,0,0,0,0,0,0,0,8.773715973000037,53.09734655200003,Walle,Überseestadt
1811,11,2017,6,1,15,3,1,5,1,1,0,0,0,0,0,0,8.809610933000044,53.07934784600008,Mitte,Altstadt
1812,11,2017,6,7,9,3,4,3,1,1,0,0,0,0,0,0,8.804225778000045,53.07235078900004,Neustadt,Alte Neustadt
1813,11,2017,6,7,16,3,2,7,1,1,0,0,0,0,0,0,8.786515980000047,53.10068937500006,Walle,Walle
1814,11,2017,6,7,18,3,1,5,1,1,0,0,0,0,0,0,8.82325421400003,53.07280944600007,Mitte,Ostertor
1815,11,2017,8,3,18,3,0,1,1,0,0,0,0,0,0,1,8.914352496000049,53.07507523500004,Hemelingen,Sebaldsbrück
1816,12,2017,6,6,12,3,5,3,1,1,0,0,0,0,0,0,8.588350107000053,53.53991959700005,Geestemünde,Geestemünde-Nord
1817,12,2017,6,6,11,3,5,3,1,0,0,0,0,1,0,0,8.590032509000025,53.52546070600005,Geestemünde,Geestemünde-Süd
1818,11,2017,6,6,16,3,0,7,1,0,0,0,0,0,0,0,8.809950078000043,53.07953172700008,Mitte,Bahnhofsvorstadt
1819,11,2017,6,6,8,2,5,3,1,1,0,0,0,0,0,0,8.812988511000071,53.09013562600006,Findorff,Findorff-Bürgerweide
1820,11,2017,6,6,12,3,2,5,1,1,0,0,0,0,0,0,8.82382111100003,53.07929643400007,Mitte,Ostertor
1821,12,2017,6,5,15,3,5,3,1,1,0,0,0,0,0,0,8.593446485000072,53.57011093900008,Lehe (BHV),Klushof
1822,12,2017,6,5,7,3,3,2,1,1,0,0,0,0,0,0,8.593173617000048,53.57363676400007,Lehe (BHV),Eckernfeld
1823,12,2017,6,5,15,3,4,6,1,0,0,0,0,0,0,0,8.600029196000037,53.57338246400008,Lehe (BHV),Schierholz
1824,11,2017,6,5,19,3,5,2,1,1,0,0,0,0,0,1,8.83374882000004,53.08186703000007,Schwachhausen,Schwachhausen
1825,11,2017,6,5,12,3,5,3,1,1,0,0,0,0,0,0,8.891885754000043,53.113182108000046,Horn-Lehe,Lehesterdeich
1826,11,2017,8,3,17,3,5,3,1,1,0,0,0,0,0,0,8.730054492000022,53.05599908100004,Huchting,Mittelshuchting
1827,11,2017,8,3,14,3,5,3,1,1,0,0,0,0,0,0,8.785059796000041,53.102316691000055,Walle,Walle
1828,12,2017,6,4,18,3,5,3,1,1,0,0,0,0,0,0,8.601544525000065,53.50608688400007,Wulsdorf,Dreibergen
1829,11,2017,6,4,8,3,1,5,1,1,0,0,0,0,0,0,8.928846031000035,53.061116223000056,Osterholz,Ellener Feld
1830,11,2017,6,4,19,3,5,3,1,1,0,0,0,0,0,0,8.626987000000042,53.16974390500008,Vegesack,Vegesack
1831,11,2017,8,3,16,3,5,3,1,1,0,0,0,0,0,0,8.883403804000068,53.056877514000064,Hemelingen,Hemelingen
1832,11,2017,6,4,9,3,5,3,1,1,0,0,0,0,0,0,8.89702188800004,53.11839577300003,Horn-Lehe,Lehesterdeich
1833,11,2017,6,4,11,3,5,3,1,1,0,0,0,0,0,0,8.81970632100007,53.07261011500003,Mitte,Ostertor
1834,11,2017,6,4,16,3,3,6,1,1,0,0,0,0,0,0,8.811743422000063,53.09852751100004,Findorff,Weidedamm
1835,11,2017,6,4,7,3,0,7,1,0,0,0,0,0,0,0,8.843990070000075,53.06880272600006,Östliche Vorstadt,Peterswerder
1836,12,2017,7,2,13,3,5,3,1,1,0,0,0,0,0,0,8.591397753000024,53.54298699100008,Geestemünde,Geestemünde-Nord
1837,11,2017,7,2,21,3,1,7,1,1,0,0,0,0,2,0,8.843401720000031,53.09186765100003,Schwachhausen,Neu-Schwachhausen
1838,11,2017,9,5,16,3,5,3,1,1,0,0,0,0,0,1,8.851101368000059,53.08520410900008,Schwachhausen,Radio Bremen
1839,11,2017,9,5,11,3,5,2,1,1,0,0,0,0,0,0,8.85659277600007,53.071372491000034,Hemelingen,Hastedt
1840,11,2017,9,5,15,2,0,7,1,0,0,0,0,0,0,1,8.821663715000057,53.07279693500004,Mitte,Ostertor
1841,11,2017,9,5,13,3,5,2,1,1,0,0,0,0,0,1,8.76356286600003,53.10897995000005,Gröpelingen,Lindenhof
1842,11,2017,9,5,15,3,5,3,1,1,0,0,0,0,0,1,8.87814116800007,53.07941678000003,Vahr,Gartenstadt Vahr
1843,11,2017,9,4,5,3,5,2,1,1,0,0,0,0,2,1,8.915991205000068,53.07120093500004,Hemelingen,Sebaldsbrück
1844,12,2017,8,4,9,3,5,3,1,1,0,0,0,0,0,0,8.591407058000073,53.54310534900003,Geestemünde,Geestemünde-Nord
1845,11,2017,9,4,18,3,5,3,1,1,0,0,0,0,1,1,8.763791296000022,53.10631546400003,Walle,Überseestadt
1846,11,2017,9,4,6,2,5,3,1,1,0,0,0,0,1,1,8.81237634200005,53.08087098600004,Mitte,Bahnhofsvorstadt
1847,11,2017,8,4,13,3,5,3,1,1,0,0,0,0,0,0,8.81611900200005,53.08000963400008,Mitte,Bahnhofsvorstadt
1848,11,2017,9,4,17,2,5,3,1,1,0,0,0,0,0,1,8.878136882000035,53.07942131000004,Vahr,Gartenstadt Vahr
1849,12,2017,9,3,5,3,1,5,1,0,0,0,0,1,2,0,8.606049086000041,53.58912309500005,Leherheide,Königsheide
1850,11,2017,9,3,6,3,1,5,1,1,0,0,0,0,0,0,8.839991745000077,53.03243720400008,Obervieland,Arsten
1851,11,2017,9,3,11,3,5,3,1,0,0,1,0,0,0,0,8.738469809000037,53.04725099500007,Huchting,Kirchhuchting
1852,11,2017,9,3,8,3,5,2,1,1,0,0,0,0,0,1,8.92766496300004,53.07267262200003,Osterholz,Blockdiek
1853,11,2017,9,3,15,3,0,1,1,0,0,0,0,0,0,0,8.787075982000033,53.05627446700004,Neustadt,Neuenland
1854,11,2017,9,2,13,3,0,1,1,0,0,0,0,0,0,0,8.827248433000022,53.07269188000004,Östliche Vorstadt,Steintor
1855,11,2017,9,2,13,3,5,3,1,1,0,0,0,0,0,0,8.825779841000042,53.03574428300004,Obervieland,Kattenturm
1856,12,2017,9,1,14,3,0,1,1,0,0,0,0,0,0,0,8.55104467600006,53.57986610600005,Häfen (BHV),Stadtbremisches Überseehafengebiet Bremerhaven
1857,11,2017,9,1,0,3,1,7,1,1,0,0,0,0,2,0,8.789486401000033,53.07124683800004,Neustadt,Hohentor
1858,11,2017,9,7,19,3,1,7,1,1,0,0,0,0,1,1,8.657503848000033,53.17367879000005,Burglesum,St.Magnus
1859,11,2017,9,7,12,3,0,5,1,1,0,0,0,0,0,0,8.762169855000025,53.08841965300008,Woltmershausen,Woltmershausen
1860,11,2017,9,6,18,2,0,7,1,0,0,0,0,0,1,1,8.820564683000043,53.07268416300008,Mitte,Ostertor
1861,11,2017,9,6,13,3,5,3,1,1,0,0,0,0,0,1,8.813083638000023,53.05844852600006,Neustadt,Huckelriede
1862,11,2017,8,4,15,3,3,6,1,1,0,0,0,0,0,0,8.801611453000021,53.06796860400004,Neustadt,Südervorstadt
1863,11,2017,8,4,16,3,5,3,1,1,0,0,0,0,0,0,8.899783339000066,53.097459265000055,Oberneuland,Unbekannt
1864,11,2017,9,6,16,2,0,1,1,0,0,0,0,0,0,1,8.790233192000073,53.09469251600007,Walle,Westend
1865,11,2017,8,4,18,2,5,2,1,1,0,0,0,0,0,0,8.786732533000077,53.07439470100008,Neustadt,Alte Neustadt
1866,11,2017,9,6,14,3,1,5,1,1,0,0,0,0,0,1,8.933290993000071,53.06663144600003,Osterholz,Ellener Feld
1867,11,2017,8,4,15,3,7,1,1,0,0,0,0,0,0,0,8.827249805000065,53.07269140400007,Östliche Vorstadt,Steintor
1868,12,2017,8,3,7,3,5,2,1,1,0,0,0,0,0,0,8.617930191000028,53.59351872800005,Leherheide,Leherheide-West
1869,11,2017,9,6,14,3,5,2,1,1,0,0,0,0,0,1,8.825010956000028,53.08418363800007,Schwachhausen,Barkhof
1870,11,2017,9,5,9,3,6,6,1,0,1,0,0,0,0,0,8.84372660400004,53.07207296800004,Östliche Vorstadt,Hulsberg
1871,11,2017,9,5,18,3,5,2,1,1,0,0,0,0,0,0,8.82443999800006,53.08451838600007,Schwachhausen,Bürgerpark
1872,11,2017,8,3,13,3,0,2,1,1,0,0,0,0,0,0,8.755269744000032,53.12767216000003,Gröpelingen,Ohlenhof
1873,11,2017,9,4,7,3,0,6,1,1,0,0,0,0,0,1,8.85186948300003,53.088654305000034,Schwachhausen,Riensberg
1874,11,2017,9,4,10,3,5,3,1,1,0,0,0,0,0,0,8.949854106000032,53.03535187700004,Hemelingen,Mahndorf
1875,11,2017,9,4,15,3,8,1,1,0,0,0,0,0,0,0,8.820170181000037,53.04585356500007,Obervieland,Kattenturm
1876,11,2017,9,4,9,3,0,1,1,0,0,0,0,0,0,1,8.789342927000064,53.09432027300005,Walle,Westend
1877,11,2017,9,4,12,3,5,3,1,0,0,1,0,0,0,1,8.572712359000036,53.18607568900006,Blumenthal,Blumenthal
1878,11,2017,9,4,11,3,5,3,1,1,0,0,0,0,0,1,8.629980369000066,53.18898302200006,Vegesack,Unbekannt
1879,11,2017,9,4,5,3,5,3,1,1,0,0,0,0,2,1,8.857373868000025,53.088962138000056,Schwachhausen,Radio Bremen
1880,11,2017,8,3,16,3,5,2,1,1,0,0,0,0,0,1,8.784693989000061,53.09017549700008,Walle,Steffensweg
1881,11,2017,8,3,7,2,5,2,1,0,0,0,0,1,0,0,8.788161097000057,53.07647159600003,Neustadt,Alte Neustadt
1882,11,2017,9,5,13,2,3,2,1,1,0,0,0,0,0,0,8.870352590000039,53.09788361000005,Horn-Lehe,Horn
1883,11,2017,8,3,22,3,0,6,1,0,0,0,0,0,2,0,8.766168105000077,53.112352919000045,Gröpelingen,Gröpelingen
1884,11,2017,8,3,9,3,5,3,1,1,0,0,0,0,0,0,8.89105468300005,53.07147201700008,Hemelingen,Sebaldsbrück
1885,11,2017,9,3,17,3,3,7,1,0,0,0,0,0,0,0,8.852858032000029,53.08649863600005,Schwachhausen,Riensberg
1886,12,2017,9,2,15,3,0,7,1,0,0,0,0,0,0,0,8.59328255500003,53.51466142700008,Wulsdorf,Dreibergen
1887,12,2017,9,2,11,3,0,7,1,0,0,0,0,0,0,0,8.634869627000057,53.517119422000064,Surheide,Surheide
1888,12,2017,9,2,3,3,0,7,1,0,0,0,0,0,2,0,8.580720644000053,53.56364152100008,Lehe (BHV),Twischkamp
1889,11,2017,9,2,14,3,3,6,1,1,0,0,0,0,0,0,8.830090634000044,53.04126400200005,Obervieland,Kattenturm
1890,11,2017,9,2,8,3,1,5,1,1,0,0,0,0,0,0,8.621134563000055,53.17666209700008,Vegesack,Vegesack
1891,11,2017,9,2,17,3,1,3,1,1,0,0,0,0,0,0,8.85905253900006,53.04263524200008,Obervieland,Habenhausen
1892,11,2017,8,3,18,3,4,7,1,1,0,0,0,0,0,1,8.828623307000043,53.07467549500007,Östliche Vorstadt,Fesenfeld
1893,12,2017,8,2,6,3,3,2,1,1,0,0,0,0,0,0,8.604768663000073,53.52334753900004,Geestemünde,Grünhöfe
1894,12,2017,8,2,11,3,5,2,1,1,0,0,0,0,0,0,8.572621149000042,53.55144101900004,Mitte (BHV),Mitte-Nord
1895,11,2017,9,2,16,3,0,1,1,0,0,0,0,0,0,0,8.579707523000025,53.179128054000046,Blumenthal,Blumenthal
1896,11,2017,9,2,19,3,5,3,1,1,0,0,0,0,0,0,8.854491961000065,53.08826339000007,Schwachhausen,Radio Bremen
1897,11,2017,9,1,8,3,3,3,1,0,0,0,0,1,0,0,8.785662668000043,53.07107705700008,Neustadt,Hohentor
1898,12,2017,8,2,7,3,5,3,1,0,0,0,0,1,0,0,8.58601322800007,53.56431675800008,Lehe (BHV),Twischkamp
1899,11,2017,8,2,14,3,0,7,1,0,0,0,0,0,0,0,8.813583851000033,53.09039013400008,Findorff,Weidedamm
1900,11,2017,9,1,12,3,5,3,1,0,0,0,0,0,0,0,8.854715465000027,53.08174629900003,Schwachhausen,Gete
1901,11,2017,9,1,5,3,5,2,1,1,0,0,0,0,2,0,8.81362211100003,53.08546016300005,Findorff,Findorff-Bürgerweide
1902,11,2017,9,1,13,3,7,7,1,0,1,0,0,0,0,0,8.623372749000055,53.16837086100003,Vegesack,Vegesack
1903,11,2017,9,1,15,3,5,3,1,1,0,0,0,0,0,0,8.793706260000022,53.06637100700004,Neustadt,Südervorstadt
1904,12,2017,9,7,13,3,5,3,1,1,0,0,0,0,0,0,8.590955661000066,53.54115762700008,Geestemünde,Geestemünde-Nord
1905,12,2017,9,7,17,3,0,7,1,0,0,0,0,0,0,0,8.605356688000029,53.55037444200008,Geestemünde,Bürgerpark (BHV)
1906,11,2017,9,7,8,3,5,2,1,1,0,0,0,0,0,0,8.741050604000066,53.04822128800004,Huchting,Kirchhuchting
1907,11,2017,9,6,4,3,0,7,1,0,0,0,0,0,2,0,8.724685753000074,53.139160796000056,Gröpelingen,Oslebshausen
1908,11,2017,9,6,7,3,5,3,1,1,0,0,0,0,0,0,8.555805496000062,53.18583725400004,Blumenthal,Rönnebeck
1909,11,2017,9,6,16,3,5,2,1,1,0,0,0,0,0,0,8.875519083000029,53.08210598400007,Vahr,Gartenstadt Vahr
1910,11,2017,9,6,13,3,5,3,1,1,0,0,0,0,0,0,8.804627097000036,53.09183930800003,Findorff,Findorff-Bürgerweide
1911,11,2017,8,2,10,3,2,6,1,0,0,0,0,1,0,0,8.782741024000075,53.10946615000006,Walle,Hohweg
1912,11,2017,8,2,8,3,5,2,1,1,0,0,0,0,0,0,8.801305864000028,53.07999848300005,Mitte,Altstadt
1913,11,2017,9,5,20,3,4,6,1,1,0,0,0,0,2,1,8.837578604000043,53.07743257700008,Östliche Vorstadt,Fesenfeld
1914,11,2017,9,6,7,3,5,2,1,1,0,0,0,0,0,0,8.624508972000058,53.17719453300003,Vegesack,Vegesack
1915,12,2017,8,5,17,3,5,3,1,1,0,0,0,0,0,0,8.58040924100004,53.55553901700006,Lehe (BHV),Goethestrasse
1916,11,2017,8,5,7,3,5,2,1,1,0,0,0,0,0,0,8.836185966000073,53.07155082100007,Östliche Vorstadt,Peterswerder
1917,11,2017,8,5,15,3,5,3,1,1,0,0,0,0,0,1,8.788927195000042,53.09413968300004,Walle,Westend
1918,11,2017,8,5,12,3,5,3,1,1,0,0,0,0,0,0,8.788816746000066,53.06912940800004,Neustadt,Neustadt
1919,11,2017,9,5,18,2,0,1,1,0,0,0,0,0,0,1,8.843991780000067,53.06880243100005,Östliche Vorstadt,Peterswerder
1920,11,2017,8,5,16,3,4,1,1,1,0,0,0,0,0,1,8.571690139000054,53.19406487400005,Blumenthal,Blumenthal
1921,12,2017,8,1,0,3,1,5,1,1,0,0,0,0,2,0,8.585669936000045,53.53657848700004,Geestemünde,Geestemünde-Nord
1922,11,2017,8,4,18,3,5,3,1,1,0,0,0,0,0,0,8.835620066000047,53.07377179600008,Östliche Vorstadt,Hulsberg
1923,11,2017,8,4,17,2,5,2,1,1,0,0,0,0,0,1,8.85247915900004,53.073582154000064,Östliche Vorstadt,Hulsberg
1924,11,2017,8,4,11,3,0,7,1,0,0,0,0,0,0,0,8.844357013000035,53.07026321300003,Östliche Vorstadt,Peterswerder
1925,11,2017,8,3,7,3,5,3,1,1,0,0,0,0,0,0,8.864821430000063,53.07086104000007,Hemelingen,Hastedt
1926,11,2017,8,3,20,3,0,2,1,1,0,0,0,0,0,0,8.794949978000034,53.06720795100006,Neustadt,Südervorstadt
1927,11,2017,8,3,19,3,5,2,1,1,0,0,0,0,0,0,8.758163631000059,53.116485778000026,Gröpelingen,Lindenhof
1928,12,2017,8,1,15,3,6,7,1,0,1,0,0,0,0,0,8.585969584000054,53.56064473600003,Lehe (BHV),Goethestrasse
1929,12,2017,8,1,20,3,5,3,1,1,0,0,0,0,0,0,8.630758336000042,53.52871736700007,Schiffdorferdamm,Schiffdorferdamm
1930,11,2017,8,1,11,3,2,6,1,1,0,0,0,0,0,0,8.902563581000038,53.12703502200003,Unbekannt,Borgfeld
1931,11,2017,8,3,16,3,5,3,1,1,0,0,0,0,0,0,8.934958352000024,53.09029206200006,Oberneuland,Unbekannt
1932,11,2017,8,3,7,3,5,3,1,1,0,0,0,0,0,0,8.844126833000075,53.07520128300007,Östliche Vorstadt,Hulsberg
1933,12,2017,8,2,9,3,1,5,1,1,0,0,0,0,0,0,8.581235169000024,53.55175802700006,Lehe (BHV),Goethestrasse
1934,11,2017,8,2,13,3,3,6,1,1,0,0,0,0,0,0,8.894910055000025,53.055801548000034,Hemelingen,Hemelingen
1935,11,2017,8,2,15,3,5,3,1,1,0,0,0,0,0,0,8.556193045000043,53.18510966200006,Blumenthal,Blumenthal
1936,11,2017,8,2,21,3,0,1,1,0,0,0,0,0,2,0,8.831939894000072,53.07107444300004,Östliche Vorstadt,Steintor
1937,11,2017,8,2,9,3,5,2,1,0,0,0,0,1,0,0,8.896867827000051,53.05905988600006,Hemelingen,Sebaldsbrück
1938,11,2017,8,2,19,3,5,3,1,1,0,0,0,0,0,0,8.880342584000061,53.08240471500005,Vahr,Neue Vahr Südwest
1939,11,2017,8,2,22,3,5,2,1,0,0,0,0,0,2,0,8.863844908000033,53.06278625200008,Hemelingen,Hastedt
1940,11,2017,8,2,17,2,5,3,1,1,0,0,0,0,0,0,8.849976785000024,53.094688105000046,Schwachhausen,Riensberg
1941,11,2017,8,1,21,3,5,2,1,1,0,0,0,0,2,0,8.792526495000061,53.06563081400003,Neustadt,Südervorstadt
1942,11,2017,8,1,16,3,0,7,1,0,0,0,0,0,0,0,8.760426973000051,53.04882116800008,Huchting,Kirchhuchting
1943,12,2017,8,7,14,3,3,2,1,1,0,0,0,0,0,0,8.586296756000024,53.53695585700007,Geestemünde,Geestemünde-Nord
1944,11,2017,8,7,15,3,0,1,1,0,0,0,0,0,0,0,8.829201281000053,53.07204228400008,Östliche Vorstadt,Steintor
1945,11,2017,8,7,15,3,2,6,1,1,0,0,0,0,0,0,8.829504015000055,53.07456310200007,Östliche Vorstadt,Fesenfeld
1946,11,2017,8,7,23,3,0,7,1,0,0,0,0,0,2,0,8.634789304000037,53.17024975400005,Vegesack,Grohn
1947,11,2017,8,7,17,3,5,3,1,1,0,0,0,0,0,0,8.768632337000042,53.11267141800005,Gröpelingen,Gröpelingen
1948,11,2017,8,7,15,3,0,2,1,1,0,0,0,0,0,0,8.936258876000068,53.05869625300005,Osterholz,Ellenerbrok-Schevemoor
1949,11,2017,8,7,16,3,5,3,1,0,0,0,0,0,0,0,8.85771001300003,53.06658158600004,Hemelingen,Hastedt
1950,11,2017,8,7,10,3,4,6,1,0,0,0,0,0,0,0,8.820158469000035,53.07362489800005,Mitte,Ostertor
1951,12,2017,8,5,13,3,0,7,1,0,1,0,0,0,0,0,8.588352652000026,53.57531577600008,Lehe (BHV),Eckernfeld
1952,11,2017,8,5,9,2,5,3,1,1,0,0,0,0,0,0,8.738682114000028,53.04745283900007,Huchting,Kirchhuchting
1953,11,2017,8,5,17,3,5,3,1,1,0,0,0,0,0,0,8.825044865000052,53.08420131200006,Schwachhausen,Barkhof
1954,11,2017,8,5,22,3,3,2,1,1,0,0,0,0,2,0,8.80378982600007,53.08022482000007,Mitte,Altstadt
1955,11,2017,8,5,15,3,5,3,1,0,0,1,0,0,0,0,8.776733600000057,53.06342986200008,Neustadt,Neuenland
1956,11,2017,8,5,12,3,5,3,1,1,0,0,0,0,0,0,8.769707500000038,53.08243101500005,Woltmershausen,Woltmershausen
1957,11,2017,8,5,14,3,5,3,1,1,0,0,0,0,0,0,8.676565735000054,53.16945693900004,Burglesum,St.Magnus
1958,11,2017,8,5,15,3,4,6,1,0,0,0,0,0,0,0,8.572417233000067,53.19556056100004,Blumenthal,Blumenthal
1959,11,2017,8,7,18,3,0,3,1,0,0,0,0,1,0,0,8.79503826000007,53.064293502000055,Neustadt,Südervorstadt
1960,11,2017,8,4,10,3,5,3,1,1,0,0,0,0,0,0,8.904150483000024,53.10049610600004,Oberneuland,Unbekannt
1961,11,2017,8,4,18,3,5,3,1,1,0,0,0,0,0,0,8.792867587000046,53.06907926600008,Neustadt,Neustadt
1962,11,2017,8,4,8,3,1,1,1,1,0,0,0,0,0,1,8.843083357000069,53.08108927500007,Schwachhausen,Gete
1963,11,2017,8,4,8,3,5,3,1,1,0,0,0,0,0,0,8.930853942000056,53.07196885000008,Osterholz,Blockdiek
1964,11,2017,8,4,7,3,5,3,1,1,0,0,0,0,0,1,8.740504204000047,53.05425311300007,Huchting,Mittelshuchting
1965,11,2017,8,7,7,3,8,1,1,0,0,0,0,0,0,0,8.772015164000038,53.08181855600003,Woltmershausen,Woltmershausen
1966,12,2017,8,3,22,3,5,2,1,0,0,0,0,1,2,0,8.597274235000043,53.53599213400008,Geestemünde,Geestendorf
1967,11,2017,8,7,10,3,0,2,1,1,0,0,0,0,0,0,8.733824516000027,53.03840195800007,Huchting,Kirchhuchting
1968,12,2017,8,3,16,3,0,7,1,0,0,0,0,0,0,0,8.593613825000034,53.55045631300004,Geestemünde,Geestemünde-Nord
1969,12,2017,8,3,12,3,5,3,1,1,0,0,0,0,0,0,8.58617915900004,53.56151458000005,Lehe (BHV),Klushof
1970,11,2017,8,3,16,3,6,4,1,0,1,0,0,0,0,0,8.76185545900006,53.11458294100004,Gröpelingen,Gröpelingen
1971,11,2017,8,3,7,3,5,2,1,1,0,0,0,0,0,0,8.865958405000072,53.09755496200006,Horn-Lehe,Horn
1972,11,2017,8,3,18,3,0,7,1,1,0,0,0,0,0,0,8.625820155000042,53.17035517700003,Vegesack,Vegesack
1973,11,2017,8,3,14,3,4,6,1,0,0,0,0,1,0,0,8.808768736000047,53.07625214200005,Mitte,Altstadt
1974,11,2017,8,3,16,2,3,6,1,0,0,0,0,0,0,0,8.776330608000023,53.10364144800008,Walle,Walle
1975,11,2017,8,3,21,3,5,3,1,1,0,0,0,0,2,0,8.81479070100005,53.02967998100007,Obervieland,Kattenesch