,UKREIS,UJAHR,UMONAT,UWOCHENTAG,USTUNDE,UKATEGORIE,UART,UTYP1,IstRad,IstPKW,IstFuss,IstKrad,IstGkfz,IstSonstig,ULICHTVERH,STRZUSTAND,longitude,latitude,Stadtteil,Ortsteil
2383,11,2018,1,4,8,3,9,6,1,1,0,0,0,0,0,0,8.800410158000034,53.06995999500003,Neustadt,Alte Neustadt
2384,11,2018,1,5,18,3,5,2,1,1,0,0,0,0,2,1,8.593511799000055,53.18431110900008,Vegesack,Fähr-Lobbendorf
2385,11,2018,1,2,17,3,5,3,1,1,0,0,0,0,2,1,8.814173696000069,53.08521824300004,Findorff,Findorff-Bürgerweide
2386,11,2018,1,6,8,3,0,1,1,0,0,0,0,0,0,2,8.85560139100005,53.084331631000055,Schwachhausen,Radio Bremen
2387,11,2018,1,4,8,3,6,4,1,0,1,0,0,0,2,1,8.794424209000056,53.07456654100008,Neustadt,Alte Neustadt
2388,11,2018,1,5,13,3,5,3,1,1,0,0,0,0,0,0,8.838056588000029,53.06788540500003,Östliche Vorstadt,Peterswerder
2389,11,2018,1,5,7,2,4,6,1,0,0,0,0,0,2,1,8.787144369000032,53.07564240200003,Neustadt,Alte Neustadt
2390,11,2018,1,6,21,3,6,4,1,0,1,0,0,0,2,1,8.88057182700004,53.07672743000006,Vahr,Gartenstadt Vahr
2391,11,2018,1,6,9,3,4,2,1,1,0,0,0,0,0,1,8.811245528000029,53.09218532700004,Findorff,Findorff-Bürgerweide
2392,12,2018,1,6,7,2,0,7,1,0,0,0,0,0,1,2,8.601289296000061,53.57344813700007,Lehe (BHV),Schierholz
2393,11,2018,1,2,23,3,0,7,1,0,0,0,0,0,2,1,8.855222242000025,53.07758442900007,Schwachhausen,Gete
2394,11,2018,1,3,17,3,5,3,1,0,0,0,0,1,2,1,8.822164282000074,53.072801078000055,Mitte,Ostertor
2395,11,2018,1,7,16,2,0,3,1,0,0,0,1,0,1,0,8.95921955800003,53.04187539400005,Hemelingen,Mahndorf
2396,11,2018,1,2,5,3,5,3,1,1,0,0,0,0,2,0,8.68607892500006,53.17333814400007,Burglesum,Lesum
2397,11,2018,1,2,7,3,5,3,1,1,0,0,0,0,1,1,8.797959337000066,53.07333256900006,Neustadt,Alte Neustadt
2398,11,2018,1,6,9,3,5,2,1,1,0,0,0,0,0,0,8.603494355000066,53.18464230700005,Vegesack,Unbekannt
2399,11,2018,1,5,13,3,3,2,1,1,0,0,0,0,0,0,8.88954013600005,53.06166170200004,Hemelingen,Sebaldsbrück
2400,11,2018,1,6,6,3,5,2,1,1,0,0,0,0,2,1,8.770261929000071,53.09311446000004,Walle,Überseestadt
2401,11,2018,1,2,15,3,3,6,1,0,0,0,0,0,1,1,8.836834856000053,53.06809230300007,Östliche Vorstadt,Peterswerder
2402,11,2018,1,4,15,3,5,3,1,1,0,0,0,0,0,0,8.796708239000054,53.08920973100004,Walle,Utbremen
2403,11,2018,1,4,9,3,0,7,1,0,0,0,0,0,0,2,8.839274357000022,53.09877006700003,Schwachhausen,Neu-Schwachhausen
2404,11,2018,1,6,6,3,5,3,1,1,0,0,0,0,2,2,8.576085393000028,53.19043166500006,Blumenthal,Blumenthal
2405,11,2018,1,3,11,3,3,6,1,0,0,0,0,0,0,0,8.799135206000074,53.06939084500005,Neustadt,Alte Neustadt
2406,11,2018,1,2,11,2,5,3,1,1,0,0,0,0,0,0,8.750272589000076,53.12646333400005,Gröpelingen,Ohlenhof
2407,11,2018,1,3,17,3,5,3,1,1,0,0,0,0,2,0,8.847168921000048,53.08699092900008,Schwachhausen,Schwachhausen
2408,11,2018,1,3,12,3,5,3,1,1,0,0,0,0,0,0,8.86165012500004,53.09929103500008,Horn-Lehe,Lehe
2409,12,2018,1,2,15,3,5,3,1,1,0,0,0,0,0,1,8.591273323000053,53.559037887000045,Lehe (BHV),Klushof
2410,11,2018,1,1,16,3,3,6,1,1,0,0,0,0,1,0,8.828126419000057,53.072418113000026,Östliche Vorstadt,Steintor
2411,11,2018,1,4,17,3,6,3,1,0,1,0,0,0,2,1,8.788983895000058,53.069037611000056,Neustadt,Neustadt
2412,11,2018,1,3,10,3,4,6,1,0,0,0,0,0,0,1,8.798212658000068,53.08010498000005,Mitte,Altstadt
2413,11,2018,1,5,7,3,2,7,1,1,0,0,0,0,1,1,8.826166148000027,53.083683353000026,Schwachhausen,Bürgerpark
2414,11,2018,1,4,10,3,0,2,1,1,0,0,0,0,0,1,8.690876125000045,53.16880958100006,Burglesum,Lesum
2415,11,2018,1,7,10,3,5,3,1,1,0,0,0,0,0,0,8.890819192000038,53.10894701700005,Horn-Lehe,Lehesterdeich
2416,11,2018,1,5,10,3,5,3,1,1,0,0,0,0,0,0,8.555965153000045,53.18584597400008,Blumenthal,Blumenthal
2417,11,2018,1,2,9,3,2,2,1,1,0,0,0,0,0,1,8.54972439100004,53.19090357400006,Blumenthal,Rönnebeck
2418,11,2018,1,6,7,3,5,3,1,1,0,0,0,0,2,0,8.792660871000066,53.08278308700005,Mitte,Altstadt
2419,11,2018,1,5,21,3,0,1,1,0,0,0,0,0,2,1,8.87085184700004,53.06709085900008,Hemelingen,Hastedt
2420,11,2018,1,5,18,3,5,3,1,1,0,0,0,0,2,1,8.782588955000051,53.08709276800005,Walle,Überseestadt
2421,12,2018,1,2,7,2,0,7,1,0,1,0,0,0,2,0,8.57822565600003,53.54449449100008,Mitte (BHV),Mitte-Süd
2422,11,2018,1,6,12,3,5,3,1,1,0,0,0,0,0,1,8.786920018000046,53.10020719100004,Walle,Walle
2423,11,2018,1,3,14,3,5,2,1,0,0,0,1,0,0,0,8.713995124000064,53.13940981200005,Burglesum,Burg-Grambke
2424,11,2018,1,2,15,2,5,2,1,1,0,0,0,0,0,0,8.788572719000058,53.072901296000055,Neustadt,Hohentor
2425,11,2018,1,3,18,3,3,6,1,1,0,0,0,0,2,1,8.823788642000068,53.07760801000006,Östliche Vorstadt,Fesenfeld
2426,11,2018,2,4,7,3,5,2,1,1,0,0,0,0,1,0,8.863419385000043,53.06843806200004,Hemelingen,Hastedt
2427,11,2018,3,1,18,3,1,7,1,1,0,0,0,0,2,0,8.806090955000059,53.093903072000046,Findorff,Findorff-Bürgerweide
2428,11,2018,2,3,10,3,2,6,1,0,0,0,0,0,0,0,8.882612763000054,53.06370006600008,Hemelingen,Hastedt
2429,11,2018,3,1,21,3,5,3,1,0,0,0,0,1,2,0,8.781585557000028,53.10098626400003,Walle,Walle
2430,11,2018,2,3,22,2,5,2,1,1,0,0,0,0,2,0,8.812743451000074,53.07328870500004,Mitte,Altstadt
2431,12,2018,2,2,17,3,5,3,1,1,0,0,0,0,1,0,8.597353187000067,53.53644919300007,Geestemünde,Geestemünde-Nord
2432,11,2018,2,2,8,3,1,5,1,1,0,0,0,0,0,0,8.837049834000027,53.08271921300008,Schwachhausen,Schwachhausen
2433,11,2018,3,7,11,3,5,3,1,1,0,0,0,0,0,1,8.808801621000043,53.07844057100005,Mitte,Altstadt
2434,11,2018,2,4,22,2,0,7,1,0,0,0,0,0,2,0,8.819744618000072,53.05371163000007,Neustadt,Huckelriede
2435,12,2018,2,7,11,3,0,7,1,1,0,0,0,0,0,0,8.614388158000054,53.59314216000007,Leherheide,Königsheide
2436,11,2018,2,7,13,3,6,4,1,0,1,0,0,0,0,0,8.940609384000027,53.07902846000008,Oberneuland,Unbekannt
2437,11,2018,3,5,18,3,5,2,1,1,0,0,0,0,2,1,8.806800340000052,53.06047818000008,Neustadt,Huckelriede
2438,12,2018,2,6,18,2,5,3,1,1,0,0,0,0,2,1,8.596035182000037,53.56687859800007,Lehe (BHV),Klushof
2439,11,2018,3,4,14,3,6,4,1,0,1,0,0,0,0,0,8.86741879400006,53.06598690800007,Hemelingen,Hastedt
2440,11,2018,2,6,11,3,5,2,1,1,0,0,0,0,0,0,8.82464109700004,53.06891121800004,Östliche Vorstadt,Steintor
2441,11,2018,2,6,13,3,5,3,1,1,0,0,0,0,0,0,8.613339580000059,53.18430960400008,Vegesack,Fähr-Lobbendorf
2442,11,2018,3,6,16,3,5,2,1,1,0,0,0,0,0,1,8.804149099000028,53.07239246300003,Neustadt,Alte Neustadt
2443,11,2018,3,4,7,3,5,2,1,1,0,0,0,0,0,0,8.716726798000025,53.05652557900004,Huchting,Mittelshuchting
2444,11,2018,2,5,10,2,6,3,1,0,1,0,0,0,0,1,8.836919945000034,53.08240117700007,Schwachhausen,Gete
2445,11,2018,2,5,9,3,5,3,1,1,0,0,0,0,0,1,8.809496635000073,53.09538961900006,Findorff,Weidedamm
2446,11,2018,2,5,7,3,5,3,1,1,0,0,0,0,1,0,8.564760318000026,53.19772276200007,Blumenthal,Lüssum-Bockhorn
2447,11,2018,3,2,16,3,5,2,1,1,0,0,0,0,0,0,8.862549948000037,53.06763960800004,Hemelingen,Hastedt
2448,11,2018,2,4,13,3,3,5,1,0,0,0,0,1,0,0,8.80091898400002,53.07127708500008,Neustadt,Alte Neustadt
2449,11,2018,2,4,11,2,5,3,1,1,0,0,0,0,0,0,8.610552545000075,53.17590310300005,Vegesack,Fähr-Lobbendorf
2450,12,2018,3,5,12,3,5,3,1,1,0,0,0,0,0,0,8.591274240000075,53.55903013600005,Lehe (BHV),Klushof
2451,11,2018,2,4,8,3,5,3,1,1,0,0,0,0,0,0,8.690221680000036,53.17409835200005,Burglesum,Lesum
2452,11,2018,2,4,10,3,0,7,1,0,0,0,0,0,0,2,8.802792328000066,53.07990525000008,Mitte,Altstadt
2453,11,2018,3,3,14,3,0,7,1,0,0,0,0,0,0,0,8.577520014000072,53.18355128000008,Blumenthal,Blumenthal
2454,11,2018,2,4,14,3,5,3,1,1,0,0,0,0,0,0,8.63439657500004,53.17307386600004,Vegesack,Vegesack
2455,11,2018,3,2,9,3,5,3,1,1,0,0,0,0,0,0,8.875867400000061,53.07982775300008,Vahr,Gartenstadt Vahr
2456,11,2018,2,3,16,3,5,3,1,1,0,0,0,0,0,0,8.874284893000038,53.07840615900005,Vahr,Gartenstadt Vahr
2457,11,2018,2,3,8,3,5,3,1,1,0,0,0,0,0,1,8.827681165000058,53.08301604500008,Schwachhausen,Schwachhausen
2458,11,2018,3,6,14,3,5,3,1,1,0,0,0,0,0,1,8.714133182000069,53.13838918100004,Burglesum,Burg-Grambke
2459,11,2018,2,3,14,3,5,3,1,1,0,0,0,0,0,0,8.805092068000022,53.092051180000055,Findorff,Findorff-Bürgerweide
2460,11,2018,3,5,16,3,5,3,1,1,0,0,0,0,0,0,8.768761459000075,53.079752348000056,Woltmershausen,Woltmershausen
2461,11,2018,2,2,12,3,5,2,1,1,0,0,0,0,0,0,8.795603602000028,53.06758461200008,Neustadt,Südervorstadt
2462,12,2018,3,3,11,2,5,3,1,1,0,0,0,0,0,1,8.608810481000035,53.58681297300007,Leherheide,Königsheide
2463,11,2018,2,1,23,3,0,1,1,0,0,0,0,0,2,1,8.82764813600005,53.07256760700005,Östliche Vorstadt,Steintor
2464,11,2018,2,1,14,3,0,7,1,0,0,0,0,0,0,0,8.72172314200003,53.141813083000045,Gröpelingen,Oslebshausen
2465,11,2018,2,4,10,3,5,3,1,1,0,0,0,0,0,0,8.876511859000061,53.08103427600008,Vahr,Gartenstadt Vahr
2466,11,2018,3,4,16,3,6,4,1,0,1,0,0,0,0,0,8.825147486000049,53.08450744600003,Schwachhausen,Bürgerpark
2467,11,2018,2,1,16,3,5,3,1,1,0,0,0,0,0,1,8.87340127400006,53.08478416100007,Schwachhausen,Radio Bremen
2468,11,2018,2,6,11,3,5,3,1,1,0,0,0,0,0,0,8.804132755000069,53.07240163900008,Neustadt,Alte Neustadt
2469,11,2018,3,2,23,2,0,1,1,0,0,0,0,0,2,1,8.849104992000036,53.06837636200004,Östliche Vorstadt,Peterswerder
2470,11,2018,2,1,11,3,5,3,1,1,0,0,0,0,0,0,8.78498877000004,53.06088020600004,Neustadt,Neuenland
2471,11,2018,3,3,8,3,5,3,1,1,0,0,0,0,0,0,8.919028350000076,53.03846813800004,Hemelingen,Arbergen
2472,11,2018,2,6,7,3,0,7,1,0,0,0,0,0,0,0,8.81093820500007,53.08920003100008,Findorff,Findorff-Bürgerweide
2473,11,2018,2,6,11,3,5,2,1,1,0,0,0,0,0,0,8.83280060100003,53.07746575600004,Östliche Vorstadt,Fesenfeld
2474,12,2018,2,5,17,3,4,2,1,1,0,0,0,0,2,1,8.584749672000044,53.55685817900007,Lehe (BHV),Klushof
2475,11,2018,3,1,17,3,5,3,1,1,0,0,0,0,0,0,8.753026464000072,53.118862017000026,Gröpelingen,Lindenhof
2476,11,2018,3,2,7,3,5,3,1,1,0,0,0,0,0,1,8.815543110000021,53.05153109500003,Neustadt,Huckelriede
2477,11,2018,2,5,9,3,5,2,1,1,0,0,0,0,0,0,8.79286730900003,53.091344821000064,Walle,Utbremen
2478,11,2018,3,6,18,3,5,2,1,1,0,0,0,0,2,0,8.853548115000024,53.06489062900005,Östliche Vorstadt,Peterswerder
2479,11,2018,2,5,8,3,5,3,1,1,0,0,0,0,0,0,8.715547382000068,53.14264282700003,Burglesum,Burg-Grambke
2480,11,2018,3,6,23,3,0,7,1,0,0,0,0,0,2,0,8.960629491000077,53.06943302100007,Osterholz,Tenever
2481,11,2018,3,6,14,3,5,7,1,1,0,0,0,0,0,1,8.77368649300007,53.11090053700008,Walle,Walle
2482,11,2018,3,5,13,3,5,3,1,0,0,0,0,1,0,0,8.910933412000077,53.07734954200004,Vahr,Neue Vahr Südost
2483,12,2018,3,6,9,3,1,5,1,1,0,0,0,0,0,1,8.616750706000062,53.58603449800006,Leherheide,Leherheide-West
2484,11,2018,3,3,7,3,5,3,1,1,0,0,0,0,0,1,8.76177283800007,53.12178911800004,Gröpelingen,Gröpelingen
2485,11,2018,2,4,5,3,5,3,1,1,0,0,0,0,2,1,8.93895572300005,53.058543987000064,Osterholz,Ellenerbrok-Schevemoor
2486,11,2018,3,4,13,3,5,3,1,1,0,0,0,0,0,0,8.817659742000046,53.07849627000007,Mitte,Ostertor
2487,11,2018,2,6,14,3,5,2,1,1,0,0,0,0,0,0,8.923544303000028,53.059401904000026,Osterholz,Osterholz
2488,11,2018,2,3,8,3,5,3,1,1,0,0,0,0,1,0,8.780989961000046,53.10164040600006,Walle,Walle
2489,11,2018,2,3,7,3,0,3,1,1,0,0,0,0,0,0,8.731062224000027,53.13528010400006,Gröpelingen,Oslebshausen
2490,11,2018,3,3,15,3,4,6,1,1,0,0,0,0,0,0,8.804099012000052,53.072382247000064,Neustadt,Alte Neustadt
2491,11,2018,2,6,7,3,3,3,1,0,0,0,0,1,1,1,8.81314053500006,53.07845713500007,Mitte,Bahnhofsvorstadt
2492,11,2018,3,3,10,3,0,7,1,1,0,0,0,0,0,0,8.937093420000053,53.08879716300004,Oberneuland,Unbekannt
2493,11,2018,3,2,10,3,5,3,1,1,0,0,0,0,0,0,8.82508688400003,53.084593770000026,Schwachhausen,Bürgerpark
2494,11,2018,2,3,11,3,5,3,1,1,0,0,0,0,0,0,8.809323297000049,53.07888338200007,Mitte,Altstadt
2495,11,2018,3,4,8,3,0,7,1,1,0,0,0,0,0,0,8.779715157000055,53.05945475500005,Neustadt,Neuenland
2496,11,2018,3,2,11,3,5,3,1,1,0,0,0,0,0,0,8.881258657000046,53.10130423600003,Horn-Lehe,Lehe
2497,12,2018,3,7,15,3,5,3,1,1,0,0,0,0,0,1,8.595734624000045,53.48754180200007,Fischereihafen,Fischereihafen
2498,11,2018,2,6,12,3,5,3,1,0,0,0,1,0,0,0,8.887977094000064,53.06677648200008,Hemelingen,Sebaldsbrück
2499,12,2018,3,5,15,3,5,3,1,1,0,0,0,0,0,0,8.607594121000034,53.53525374800006,Geestemünde,Bürgerpark (BHV)
2500,11,2018,3,5,15,3,5,3,1,1,0,0,0,0,0,0,8.898359640000024,53.11996260600006,Unbekannt,Borgfeld
2501,11,2018,2,7,11,3,1,5,1,1,0,0,0,0,0,1,8.808476648000067,53.08808496100005,Findorff,Findorff-Bürgerweide
2502,11,2018,3,5,15,3,5,3,1,1,0,0,0,0,0,0,8.889269317000071,53.09884242200008,Horn-Lehe,Lehesterdeich
2503,11,2018,2,6,19,3,5,3,1,1,0,0,0,0,2,1,8.78950035500003,53.10592716400004,Walle,Hohweg
2504,11,2018,2,5,19,3,5,3,1,1,0,0,0,0,2,1,8.804443045000028,53.06211851500007,Neustadt,Buntentor
2505,12,2018,1,4,16,3,5,3,1,1,0,0,0,0,0,1,8.59029540900002,53.53483583400004,Geestemünde,Geestendorf
2506,11,2018,1,4,7,3,6,4,1,0,1,0,0,0,2,1,8.853971424000065,53.08334331500004,Schwachhausen,Radio Bremen
2507,11,2018,3,2,15,3,0,7,1,0,0,0,0,0,0,0,8.721096240000065,53.04487285300007,Huchting,Sodenmatt
2508,12,2018,1,3,8,3,1,5,1,1,0,0,0,0,0,1,8.601150442000062,53.53580891900003,Geestemünde,Bürgerpark (BHV)
2509,11,2018,2,4,15,3,6,4,1,0,1,0,0,0,0,0,8.870687675000056,53.09589829600003,Horn-Lehe,Horn
2510,11,2018,1,2,13,3,5,2,1,0,0,0,0,1,0,1,8.788522382000053,53.093937872000026,Walle,Westend
2511,11,2018,3,2,16,2,0,7,1,0,0,0,0,0,0,0,8.750064617000021,53.09287646300004,Woltmershausen,Rablinghausen
2512,11,2018,3,6,15,3,5,2,1,1,0,0,0,0,0,1,8.838308899000026,53.06783721100004,Östliche Vorstadt,Peterswerder
2513,12,2018,1,7,16,3,5,3,1,1,0,0,0,0,0,0,8.590640761000031,53.53070404300007,Geestemünde,Geestendorf
2514,11,2018,3,5,18,3,6,4,1,0,1,0,0,0,1,0,8.886635733000048,53.05161237800007,Hemelingen,Hemelingen
2515,11,2018,3,5,8,3,4,6,1,0,0,0,0,0,0,0,8.833871310000063,53.03955211300007,Obervieland,Kattenturm
2516,11,2018,3,4,14,3,0,1,1,0,0,0,0,0,0,0,8.632019598000056,53.17692491200006,Vegesack,Vegesack
2517,11,2018,3,4,17,3,5,3,1,1,0,0,0,0,0,0,8.807315823000067,53.082160087000034,Mitte,Bahnhofsvorstadt
2518,12,2018,1,5,7,3,6,4,1,0,1,0,0,0,1,1,8.590758956000059,53.56583035300008,Lehe (BHV),Klushof
2519,11,2018,3,4,22,3,4,6,1,0,0,0,0,0,2,1,8.92886367400007,53.07197177300003,Osterholz,Ellener Feld
2520,12,2018,1,5,13,3,1,7,1,1,0,0,0,0,0,0,8.63148927800006,53.59596519000007,Leherheide,Unbekannt
2521,11,2018,3,2,14,3,5,3,1,1,0,0,0,0,0,0,8.891169129000048,53.04960985500003,Hemelingen,Hemelingen
2522,11,2018,1,5,7,3,5,3,1,1,0,0,0,0,1,0,8.940558514000031,53.07758980600005,Oberneuland,Unbekannt
2523,11,2018,3,3,6,3,5,3,1,1,0,0,0,0,1,1,8.766555070000038,53.11531719900006,Gröpelingen,Gröpelingen
2524,11,2018,2,4,8,3,5,3,1,0,0,0,0,1,0,1,8.817110372000059,53.07877057000008,Mitte,Ostertor
2525,11,2018,4,6,10,3,5,3,1,1,0,0,0,0,0,1,8.85958314000004,53.07219018100005,Hemelingen,Hastedt
2526,11,2018,5,4,7,3,5,3,1,1,0,0,0,0,0,0,8.87886502400005,53.07909925500008,Vahr,Neue Vahr Südwest
2527,11,2018,4,6,11,2,5,3,1,1,0,0,0,0,0,0,8.867990145000022,53.07293937500003,Hemelingen,Hastedt
2528,11,2018,4,4,8,3,5,2,1,1,0,0,0,0,0,0,8.870608437000044,53.09485834600008,Horn-Lehe,Horn
2529,11,2018,4,6,8,2,2,6,1,0,0,0,0,0,0,0,8.791126371000075,53.091379594000045,Walle,Utbremen
2530,11,2018,4,5,18,3,4,2,1,0,0,0,0,1,0,0,8.807111888000065,53.06024916700005,Neustadt,Huckelriede
2531,11,2018,4,5,9,3,1,5,1,1,0,0,0,0,0,0,8.618656592000036,53.174741106000056,Vegesack,Vegesack
2532,11,2018,4,6,15,3,0,7,1,0,1,0,0,0,0,0,8.818299732000071,53.086405178000064,Findorff,Findorff-Bürgerweide
2533,11,2018,4,6,15,2,5,3,1,1,0,0,0,0,0,0,8.78947604800004,53.08294792700008,Walle,Überseestadt
2534,11,2018,4,2,9,2,5,3,1,1,0,0,0,0,0,0,8.896077625000032,53.11423075000005,Horn-Lehe,Lehesterdeich
2535,12,2018,4,7,21,3,6,1,1,1,1,0,0,0,2,0,8.586099650000051,53.56114691600004,Lehe (BHV),Twischkamp
2536,11,2018,4,5,9,3,5,3,1,1,0,0,0,0,0,0,8.786543619000042,53.08797561700004,Walle,Überseestadt
2537,11,2018,4,5,12,2,0,7,1,0,0,0,0,0,0,0,8.870119315000068,53.10217027200008,Horn-Lehe,Lehe
2538,11,2018,4,5,7,3,1,7,1,1,0,0,0,0,0,0,8.823020773000053,53.07356313500003,Mitte,Ostertor
2539,11,2018,4,5,15,3,5,7,1,1,0,0,0,0,0,0,8.89308423400007,53.05476335000003,Hemelingen,Hemelingen
2540,11,2018,4,5,7,3,5,3,1,1,0,0,0,0,0,0,8.795900446000076,53.106300188000034,Walle,Hohweg
2541,11,2018,4,4,15,3,5,3,1,1,0,0,0,0,0,1,8.807677234000039,53.08338870100005,Mitte,Bahnhofsvorstadt
2542,11,2018,4,5,17,3,3,6,1,0,0,0,0,0,0,0,8.805646393000075,53.07391888700005,Mitte,Altstadt
2543,11,2018,4,7,17,3,5,2,1,1,0,0,0,0,0,0,8.784994121000068,53.10222295500006,Walle,Walle
2544,11,2018,4,4,11,2,5,3,1,1,0,0,0,0,0,0,8.886731965000024,53.109510587000045,Horn-Lehe,Lehesterdeich
2545,11,2018,4,4,10,3,0,7,1,0,0,0,0,0,0,0,8.774477429000058,53.06204482100003,Neustadt,Neuenland
2546,12,2018,4,7,17,3,2,6,1,1,0,0,0,0,0,0,8.604742552000062,53.58180201800008,Lehe (BHV),Schierholz
2547,11,2018,4,4,17,3,5,3,1,1,0,0,0,0,0,1,8.823323136000056,53.07646839500006,Mitte,Ostertor
2548,11,2018,4,4,7,3,5,2,1,1,0,0,0,0,0,0,8.551091202000066,53.19772248900006,Blumenthal,Lüssum-Bockhorn
2549,11,2018,4,4,17,3,5,2,1,1,0,0,0,0,0,0,8.803187385000058,53.08466204500007,Mitte,Bahnhofsvorstadt
2550,11,2018,4,6,16,3,3,6,1,1,0,0,0,0,0,0,8.798406413000066,53.085510674000034,Mitte,Bahnhofsvorstadt
2551,12,2018,4,6,10,3,5,2,1,1,0,0,0,0,0,0,8.57524490700007,53.54766962000008,Mitte (BHV),Mitte-Süd
2552,11,2018,4,4,20,3,0,1,1,0,1,0,0,0,0,0,8.582143072000065,53.21460033400007,Blumenthal,Lüssum-Bockhorn
2553,11,2018,4,6,9,3,5,3,1,1,0,0,0,0,0,0,8.804065687000048,53.07618573900004,Mitte,Altstadt
2554,11,2018,4,4,6,3,1,7,1,1,0,0,0,0,0,0,8.802992214000028,53.06987230200008,Neustadt,Alte Neustadt
2555,12,2018,4,3,15,3,5,3,1,1,0,0,0,0,0,0,8.599960365000072,53.51224736800003,Wulsdorf,Dreibergen
2556,11,2018,4,4,21,3,5,3,1,1,0,0,0,0,2,0,8.843496808000054,53.08108550400004,Schwachhausen,Gete
2557,11,2018,4,4,5,3,5,3,1,1,0,0,0,0,2,0,8.875944272000027,53.08213190300006,Vahr,Neue Vahr Südwest
2558,12,2018,4,2,9,3,0,7,1,0,0,0,0,0,0,1,8.596659849000048,53.543319902000064,Geestemünde,Geestemünde-Nord
2559,11,2018,4,6,23,3,0,1,1,0,0,0,0,0,2,0,8.796756568000035,53.068408215000034,Neustadt,Neustadt
2560,11,2018,4,7,15,2,5,3,1,1,0,0,0,0,0,0,8.775366917000042,53.10758264200007,Walle,Walle
2561,11,2018,4,3,8,3,5,3,1,1,0,0,0,0,0,0,8.796997496000074,53.07644173200004,Neustadt,Alte Neustadt
2562,11,2018,4,3,18,2,5,2,1,0,0,0,1,0,0,0,8.788087080000025,53.07635666300007,Neustadt,Alte Neustadt
2563,11,2018,4,3,15,3,5,3,1,1,0,0,0,0,0,0,8.634547693000059,53.17308494100007,Vegesack,Vegesack
2564,11,2018,4,2,8,3,0,7,1,0,0,0,0,1,0,1,8.765723337000054,53.10889277200005,Gröpelingen,Lindenhof
2565,11,2018,4,3,18,2,0,7,1,0,0,0,0,0,0,0,8.865638231000048,53.06655723700004,Hemelingen,Hastedt
2566,11,2018,4,1,17,3,1,5,1,1,0,0,0,0,0,0,8.790318951000074,53.07045676500008,Neustadt,Neustadt
2567,12,2018,5,4,7,3,5,2,1,1,0,0,0,0,0,0,8.583241716000032,53.53628425800008,Geestemünde,Geestemünde-Nord
2568,11,2018,4,6,7,3,5,2,1,1,0,0,0,0,0,1,8.870549553000046,53.09127504500003,Schwachhausen,Radio Bremen
2569,11,2018,5,4,9,3,3,2,1,0,0,0,0,0,0,0,8.778807828000026,53.09999277400004,Walle,Walle
2570,11,2018,4,7,15,3,5,3,1,1,0,0,0,0,0,0,8.626632791000077,53.18463015300006,Vegesack,Unbekannt
2571,11,2018,4,4,17,3,5,3,1,1,0,0,0,0,0,0,8.781032788000061,53.06757025600007,Neustadt,Neuenland
2572,12,2018,4,2,12,3,5,3,1,1,0,0,0,0,0,0,8.591871844000025,53.51724062000005,Wulsdorf,Dreibergen
2573,11,2018,4,6,8,3,4,6,1,1,0,0,0,0,0,0,8.794900354000049,53.09393628300006,Walle,Utbremen
2574,11,2018,4,6,13,3,1,7,1,1,0,0,0,0,0,1,8.801265400000034,53.068186473000026,Neustadt,Südervorstadt
2575,11,2018,5,3,2,2,0,7,1,0,0,0,0,0,2,1,8.815343546000065,53.08233702200005,Mitte,Bahnhofsvorstadt
2576,11,2018,4,1,15,3,4,6,1,0,0,0,0,0,0,0,8.809776648000025,53.07849289600006,Mitte,Altstadt
2577,11,2018,4,6,12,3,5,3,1,1,0,0,0,0,0,0,8.79703242200003,53.07164995800008,Neustadt,Alte Neustadt
2578,11,2018,4,1,14,3,5,2,1,1,0,0,0,0,0,0,8.804132755000069,53.07240163900008,Neustadt,Alte Neustadt
2579,11,2018,4,7,18,3,0,7,1,0,0,0,0,0,0,0,8.82710656200004,53.08633984900007,Schwachhausen,Bürgerpark
2580,11,2018,4,7,13,3,0,1,1,0,0,0,0,0,0,0,8.852706668000053,53.04754319400007,Obervieland,Habenhausen
2581,11,2018,4,7,19,3,5,3,1,1,0,0,0,0,0,0,8.869376222000028,53.07487169000007,Vahr,Gartenstadt Vahr
2582,11,2018,4,7,16,3,5,3,1,1,0,0,0,0,0,0,8.898764707000055,53.08479677300005,Vahr,Neue Vahr Nord
2583,11,2018,4,2,9,3,1,5,1,1,0,0,0,0,0,0,8.834202603000051,53.08657512100007,Schwachhausen,Schwachhausen
2584,11,2018,4,7,19,3,5,3,1,1,0,0,0,0,1,0,8.739464517000044,53.05501630200007,Huchting,Mittelshuchting
2585,11,2018,4,7,10,3,5,3,1,1,0,0,0,0,0,0,8.817933554000035,53.05283666200006,Neustadt,Huckelriede
2586,11,2018,4,5,9,3,5,2,1,1,0,0,0,0,0,0,8.847796533000064,53.06608018800006,Östliche Vorstadt,Peterswerder
2587,11,2018,4,5,6,3,5,3,1,0,0,0,1,0,0,0,8.741110544000037,53.09134478700008,Häfen,Neustädter Hafen