,UKREIS,UJAHR,UMONAT,UWOCHENTAG,USTUNDE,UKATEGORIE,UART,UTYP1,IstRad,IstPKW,IstFuss,IstKrad,IstGkfz,IstSonstig,ULICHTVERH,STRZUSTAND,longitude,latitude,Stadtteil,Ortsteil
2588,11,2018,4,1,5,3,1,5,1,1,0,0,0,0,1,0,8.854006727000069,53.08336327200004,Schwachhausen,Radio Bremen
2589,11,2018,4,6,15,3,5,2,1,0,0,0,0,1,0,0,8.584546070000044,53.18142904000007,Blumenthal,Blumenthal
2590,11,2018,4,6,8,3,5,3,1,0,0,0,0,1,0,0,8.851261452000074,53.10484017300007,Horn-Lehe,Lehe
2591,11,2018,4,6,5,3,5,2,1,1,0,0,0,0,2,0,8.729377904000046,53.128644261000034,Häfen,Industriehäfen
2592,11,2018,4,2,14,3,5,3,1,1,0,0,0,0,0,0,8.85902840500006,53.07230733100005,Hemelingen,Hastedt
2593,12,2018,4,6,13,3,5,3,1,1,0,0,0,0,0,0,8.597961314000031,53.58204396000008,Lehe (BHV),Eckernfeld
2594,11,2018,4,5,17,3,5,2,1,1,0,0,0,0,0,0,8.899193185000058,53.12083374900004,Unbekannt,Borgfeld
2595,11,2018,4,4,16,3,5,3,1,1,0,0,0,0,0,0,8.757824331000052,53.05812947800007,Huchting,Grolland
2596,11,2018,4,4,18,3,6,4,1,0,1,0,0,0,0,0,8.812619470000072,53.05901326700007,Neustadt,Huckelriede
2597,12,2018,4,5,7,3,5,2,1,1,0,0,0,0,0,1,8.597945826000057,53.58085228700003,Lehe (BHV),Eckernfeld
2598,11,2018,4,5,16,3,5,3,1,1,0,0,0,0,0,1,8.882521759000042,53.06367941700006,Hemelingen,Hastedt
2599,11,2018,4,5,16,3,5,3,1,1,0,0,0,0,0,0,8.756491744000073,53.08821575800005,Woltmershausen,Rablinghausen
2600,11,2018,4,5,19,3,5,2,1,1,0,0,0,0,0,0,8.889515802000062,53.06159665200005,Hemelingen,Sebaldsbrück
2601,11,2018,4,3,18,3,5,2,1,0,0,1,0,0,0,0,8.832087278000074,53.06864508600006,Östliche Vorstadt,Peterswerder
2602,11,2018,4,4,8,3,1,7,1,1,0,0,0,0,0,0,8.874498489000075,53.09702908000003,Horn-Lehe,Horn
2603,11,2018,4,5,17,3,5,2,1,0,0,0,1,0,0,0,8.81857492100005,53.05187460900004,Neustadt,Huckelriede
2604,11,2018,4,4,10,2,4,6,1,0,0,0,0,0,0,0,8.963364695000053,53.06573758500008,Osterholz,Tenever
2605,11,2018,4,5,13,2,4,6,1,0,0,0,0,0,0,0,8.870621220000032,53.09602484700008,Horn-Lehe,Horn
2606,12,2018,4,1,16,3,3,6,1,1,0,0,0,0,0,0,8.58472107600005,53.54059503800005,Mitte (BHV),Mitte-Süd
2607,11,2018,5,3,16,2,5,3,1,0,0,0,0,1,0,0,8.838365206000049,53.09645026000004,Schwachhausen,Neu-Schwachhausen
2608,11,2018,4,4,5,1,5,3,1,0,0,0,1,0,2,0,8.801122897000027,53.07885083400004,Mitte,Altstadt
2609,11,2018,4,5,12,3,0,7,1,0,0,0,0,0,0,0,8.850609180000049,53.08513965000003,Schwachhausen,Radio Bremen
2610,11,2018,4,6,16,3,5,2,1,1,0,0,0,0,0,0,8.792862181000032,53.07357312400006,Neustadt,Alte Neustadt
2611,11,2018,4,4,6,3,4,6,1,0,0,0,0,0,0,0,8.813460591000023,53.07096335700004,Mitte,Altstadt
2612,11,2018,4,7,20,3,0,7,1,0,0,0,0,0,0,0,8.800802313000077,53.06832344000003,Neustadt,Südervorstadt
2613,11,2018,4,7,20,3,3,6,1,0,0,0,0,0,1,0,8.809766118000027,53.09977795700007,Findorff,Weidedamm
2614,11,2018,4,5,21,3,6,4,1,1,1,0,0,0,2,0,8.765229314000067,53.11281978300008,Gröpelingen,Lindenhof
2615,12,2018,5,4,19,2,5,3,1,1,0,0,0,0,0,0,8.593480259000046,53.53718715400004,Geestemünde,Geestemünde-Nord
2616,11,2018,4,1,0,3,3,6,1,0,1,0,0,0,2,0,8.871912374000033,53.06689188000007,Hemelingen,Hastedt
2617,11,2018,4,4,8,3,2,6,1,1,0,0,0,0,0,0,8.719501442000023,53.05669044200005,Huchting,Mittelshuchting
2618,11,2018,4,4,19,2,5,3,1,1,0,0,0,0,0,0,8.565696041000024,53.18233711600004,Blumenthal,Blumenthal
2619,11,2018,4,3,15,2,0,7,1,0,0,0,0,0,0,1,8.831685978000053,53.08113833200008,Schwachhausen,Gete
2620,11,2018,4,1,12,3,5,2,1,1,0,0,0,0,0,0,8.76314895400003,53.122743025000034,Gröpelingen,Gröpelingen
2621,11,2018,4,1,2,3,4,6,1,1,0,0,0,0,2,1,8.803595426000072,53.072348903000034,Neustadt,Alte Neustadt
2622,11,2018,4,7,10,3,5,2,1,1,0,0,0,0,0,0,8.873848285000065,53.10125990000006,Horn-Lehe,Lehe
2623,12,2018,3,7,5,3,5,3,1,1,0,0,0,0,2,1,8.58328719800005,53.554904435000026,Lehe (BHV),Goethestrasse
2624,11,2018,4,4,13,3,5,3,1,0,0,0,0,0,0,0,8.851261452000074,53.10484017300007,Horn-Lehe,Lehe
2625,11,2018,4,4,16,3,3,6,1,1,0,0,0,0,0,0,8.771807700000068,53.094803082000055,Walle,Überseestadt
2626,11,2018,4,6,17,3,0,1,1,0,0,0,0,0,0,0,8.819689169000071,53.113265571000056,Findorff,In den Hufen
2627,11,2018,4,6,18,3,1,5,1,1,0,0,0,0,0,1,8.825952185000062,53.07370644600008,Östliche Vorstadt,Steintor
2628,11,2018,5,3,19,3,0,7,1,0,0,0,0,0,0,0,8.782193409000058,53.07724654500004,Häfen,Hohentorshafen
2629,11,2018,3,7,12,3,5,3,1,1,0,0,0,0,0,1,8.79946680200004,53.06954279900003,Neustadt,Alte Neustadt
2630,11,2018,4,4,12,3,4,7,1,1,0,0,0,0,0,0,8.820542583000076,53.06936462500005,Mitte,Ostertor
2631,11,2018,3,7,17,3,5,3,1,1,0,0,0,0,0,0,8.760138840000025,53.08799765100008,Woltmershausen,Woltmershausen
2632,11,2018,4,4,18,3,5,3,1,1,0,0,0,0,0,0,8.603442786000073,53.18464394400007,Vegesack,Unbekannt
2633,11,2018,4,4,10,2,5,3,1,0,0,0,0,1,0,0,8.781543503000023,53.07770538300008,Woltmershausen,Woltmershausen
2634,11,2018,3,7,17,3,5,2,1,1,0,0,0,0,0,1,8.850620806000052,53.09436609100004,Schwachhausen,Riensberg
2635,11,2018,4,2,7,3,5,2,1,1,0,0,0,0,0,0,8.848623925000027,53.05054809100005,Obervieland,Habenhausen
2636,11,2018,4,2,15,3,1,5,1,1,0,0,0,0,0,0,8.820549017000076,53.07268261400003,Mitte,Ostertor
2637,11,2018,4,1,8,3,1,5,1,1,0,0,0,0,0,1,8.84753181800005,53.07158479000003,Östliche Vorstadt,Hulsberg
2638,11,2018,3,5,9,2,5,3,1,0,0,0,1,0,0,1,8.783999829000038,53.07556344800008,Woltmershausen,Woltmershausen
2639,11,2018,3,5,10,3,5,2,1,1,0,0,0,0,0,1,8.91992695600004,53.07307406800004,Osterholz,Blockdiek
2640,11,2018,3,5,7,3,5,3,1,1,0,0,0,0,0,1,8.876952378000055,53.101339333000055,Horn-Lehe,Lehe
2641,11,2018,4,2,15,3,5,2,1,1,0,0,0,0,0,0,8.884100662000037,53.06358237900008,Hemelingen,Sebaldsbrück
2642,11,2018,4,5,14,3,5,3,1,0,0,0,0,1,0,1,8.798078297000075,53.09053276800006,Walle,Utbremen
2643,12,2018,5,4,7,2,5,3,1,1,0,0,0,0,0,0,8.60481241900004,53.523365031000026,Geestemünde,Grünhöfe
2644,11,2018,4,4,9,3,0,3,1,1,0,0,0,0,0,1,8.791504493000048,53.06499855900006,Neustadt,Südervorstadt
2645,12,2018,4,4,7,3,6,7,1,0,1,0,0,0,0,0,8.579291731000069,53.55291345000006,Mitte (BHV),Mitte-Nord
2646,11,2018,3,3,19,3,5,3,1,1,0,0,0,0,0,0,8.877016525000045,53.08094297100007,Vahr,Neue Vahr Südwest
2647,11,2018,5,4,7,3,5,3,1,1,0,0,0,0,0,0,8.62487883600005,53.17858385000005,Vegesack,Vegesack
2648,11,2018,3,3,13,3,5,3,1,1,0,0,0,0,0,0,8.871838730000036,53.07713350200004,Vahr,Gartenstadt Vahr
2649,11,2018,3,3,16,3,0,3,1,0,0,0,0,0,0,0,8.816251032000025,53.07251031200008,Mitte,Ostertor
2650,11,2018,4,4,16,3,5,3,1,1,0,0,0,0,0,0,8.789926864000051,53.07140474300007,Neustadt,Neustadt
2651,11,2018,4,6,23,3,5,3,1,1,0,0,0,0,2,0,8.80132915400003,53.07148678900006,Neustadt,Alte Neustadt
2652,11,2018,5,5,21,3,6,4,1,0,1,0,0,0,0,0,8.807208479000053,53.082638615000064,Mitte,Bahnhofsvorstadt
2653,12,2018,5,5,6,2,5,3,1,1,0,0,0,0,0,0,8.641383399000063,53.53735130200005,Schiffdorferdamm,Schiffdorferdamm
2654,11,2018,5,7,16,3,4,6,1,1,0,0,0,0,0,0,8.765570123000032,53.16155516200007,Unbekannt,Blockland
2655,11,2018,5,1,15,3,0,1,1,0,0,0,0,0,0,0,8.613045340000042,53.19403866600004,Vegesack,Unbekannt
2656,11,2018,5,2,12,3,5,2,1,1,0,0,0,0,0,0,8.784188053000037,53.10338563300007,Walle,Walle
2657,11,2018,5,3,6,3,4,6,1,1,0,0,0,0,0,0,8.848347090000061,53.03862752100008,Obervieland,Habenhausen
2658,11,2018,5,4,17,3,3,6,1,0,0,0,0,0,0,0,8.786347457000034,53.10088571500006,Walle,Walle
2659,11,2018,5,3,17,3,0,4,1,1,1,0,0,0,0,0,8.818196688000057,53.05136362400003,Neustadt,Huckelriede
2660,12,2018,5,7,18,3,1,7,1,1,0,0,0,0,0,0,8.614187929000025,53.52964675900006,Geestemünde,Bürgerpark (BHV)
2661,11,2018,5,2,14,2,5,3,1,1,0,0,0,0,0,0,8.736376779000068,53.13369136000006,Gröpelingen,Oslebshausen
2662,11,2018,5,7,12,3,8,1,1,1,0,0,0,0,0,0,8.787016355000048,53.100090926000064,Walle,Westend
2663,11,2018,5,3,14,3,5,3,1,1,0,0,0,0,0,0,8.836986973000023,53.09925871500008,Schwachhausen,Neu-Schwachhausen
2664,11,2018,5,6,13,3,5,3,1,1,0,0,0,0,0,0,8.905977993000022,53.07844722800007,Vahr,Neue Vahr Südost
2665,12,2018,6,1,18,3,8,1,1,0,0,0,0,0,0,0,8.593769543000064,53.51383092100008,Wulsdorf,Dreibergen
2666,11,2018,5,2,11,3,5,3,1,1,0,0,0,0,0,0,8.876394636000043,53.08126811600005,Vahr,Gartenstadt Vahr
2667,11,2018,5,7,9,2,5,6,1,1,0,0,0,0,0,0,8.78203591600004,53.07738679900007,Woltmershausen,Woltmershausen
2668,11,2018,5,2,14,3,5,2,1,1,0,0,0,0,0,0,8.891969968000069,53.08034370300004,Vahr,Neue Vahr Südwest
2669,12,2018,5,3,8,3,5,3,1,1,0,0,0,0,0,0,8.600159320000046,53.531407623000064,Geestemünde,Geestendorf
2670,11,2018,6,7,17,3,5,3,1,1,0,0,0,0,0,0,8.868217671000025,53.06194058500006,Hemelingen,Hastedt
2671,12,2018,5,6,16,3,5,3,1,1,0,0,0,0,0,0,8.607591110000044,53.53523753200005,Geestemünde,Bürgerpark (BHV)
2672,11,2018,5,4,8,3,4,6,1,0,0,1,0,0,0,0,8.852619314000037,53.06050469200005,Hemelingen,Hastedt
2673,11,2018,5,6,10,3,3,6,1,1,0,0,0,1,0,0,8.868273099000021,53.09124322200006,Horn-Lehe,Horn
2674,11,2018,5,6,15,2,5,3,1,1,0,0,0,0,0,0,8.864423816000055,53.06698099100004,Hemelingen,Hastedt
2675,12,2018,5,1,20,3,5,3,1,1,0,0,0,0,0,0,8.584661525000058,53.55687999300005,Lehe (BHV),Goethestrasse
2676,11,2018,5,6,16,3,0,7,1,0,0,0,0,0,0,0,8.690202291000048,53.16918284100007,Burglesum,Lesum
2677,11,2018,5,3,11,3,3,2,1,1,0,0,0,0,0,0,8.820937999000023,53.05115975500007,Obervieland,Kattenturm
2678,11,2018,5,5,17,2,6,6,1,0,1,0,0,0,0,0,8.911743147000038,53.10774783000005,Oberneuland,Unbekannt
2679,11,2018,5,5,13,3,5,3,1,1,0,0,0,0,0,0,8.715401133000057,53.05284382700006,Huchting,Mittelshuchting
2680,11,2018,5,3,15,3,0,1,1,0,0,0,0,0,0,0,8.780506752000065,53.10066379700004,Walle,Walle
2681,11,2018,5,5,18,3,0,7,1,0,0,0,0,0,0,0,8.95327786200005,53.034265565000055,Hemelingen,Mahndorf
2682,11,2018,5,3,7,3,0,7,1,0,0,0,0,1,0,0,8.80102193600004,53.07730824200007,Mitte,Altstadt
2683,11,2018,5,5,14,3,0,1,1,0,0,0,0,0,0,0,8.834584009000025,53.08521988200005,Schwachhausen,Schwachhausen
2684,11,2018,5,5,20,3,0,5,1,1,0,0,0,0,1,0,8.828840544000059,53.07217834300008,Östliche Vorstadt,Steintor
2685,11,2018,5,2,17,3,5,3,1,1,0,0,0,0,0,0,8.70248400500003,53.17002592700004,Burglesum,Burgdamm
2686,11,2018,5,5,19,2,0,7,1,0,0,0,0,0,0,0,8.822810638000021,53.07564185400008,Mitte,Ostertor
2687,11,2018,5,5,21,2,0,7,1,0,0,0,0,0,2,0,8.91928305500005,53.04117094000003,Hemelingen,Arbergen
2688,12,2018,5,2,18,3,5,3,1,1,0,0,0,0,0,0,8.595218407000061,53.51136496000004,Wulsdorf,Dreibergen
2689,11,2018,6,6,20,3,5,3,1,1,0,0,0,0,0,0,8.796901239000022,53.06457730300008,Neustadt,Gartenstadt Süd
2690,11,2018,5,3,16,3,5,3,1,1,0,0,0,0,0,0,8.901463549000027,53.05942573800007,Hemelingen,Sebaldsbrück
2691,11,2018,5,5,17,2,3,1,1,0,0,0,0,0,0,0,8.845115247000024,53.07764127000007,Schwachhausen,Gete
2692,11,2018,5,3,7,3,5,3,1,1,0,0,0,0,0,0,8.723862059000055,53.04355584500007,Huchting,Sodenmatt
2693,12,2018,5,6,7,3,5,3,1,1,0,0,0,0,0,0,8.63841607300003,53.53204659500005,Schiffdorferdamm,Schiffdorferdamm
2694,11,2018,6,2,18,3,5,2,1,1,0,0,0,0,0,0,8.827683686000057,53.08301657300007,Schwachhausen,Schwachhausen
2695,12,2018,5,4,12,3,5,3,1,0,0,0,1,0,0,0,8.589717274000066,53.52691004400003,Geestemünde,Geestendorf
2696,11,2018,5,2,10,3,0,7,1,0,0,0,0,0,0,0,8.569132060000072,53.18123986300003,Blumenthal,Blumenthal
2697,12,2018,5,4,16,3,1,5,1,1,0,0,0,0,0,0,8.59866544700003,53.53013449000008,Geestemünde,Geestendorf
2698,11,2018,5,5,17,3,5,2,1,1,0,0,0,0,0,0,8.618806805000077,53.17819002700003,Vegesack,Fähr-Lobbendorf
2699,11,2018,5,4,15,3,5,2,1,1,0,0,0,0,0,0,8.825133329000039,53.08434090100008,Schwachhausen,Bürgerpark
2700,11,2018,5,3,19,3,5,3,1,0,0,0,0,1,0,0,8.88104118700005,53.06105966000007,Hemelingen,Hastedt
2701,11,2018,5,4,9,2,2,6,1,1,0,0,0,0,0,0,8.831064157000071,53.07604137100003,Östliche Vorstadt,Fesenfeld
2702,11,2018,5,6,8,2,5,3,1,1,0,0,0,0,0,0,8.618208060000029,53.17448806700003,Vegesack,Vegesack
2703,11,2018,6,2,12,2,0,7,1,0,0,0,0,0,0,0,8.774530816000038,53.11190108800008,Walle,Walle
2704,11,2018,5,4,13,2,6,7,1,0,1,0,0,0,0,0,8.52868552700005,53.19390455700005,Blumenthal,Farge
2705,11,2018,5,3,10,3,5,3,1,1,0,0,0,0,0,0,8.902613135000024,53.12676357200007,Unbekannt,Borgfeld
2706,11,2018,5,2,6,3,1,3,1,1,0,0,0,0,0,0,8.901428151000061,53.059422408000046,Hemelingen,Sebaldsbrück
2707,11,2018,5,4,6,3,5,3,1,1,0,0,0,0,0,0,8.695292600000073,53.16875345400007,Burglesum,Lesum
2708,11,2018,5,4,9,3,5,3,1,1,0,0,0,0,0,0,8.771389369000076,53.09501779500005,Walle,Überseestadt
2709,11,2018,5,3,16,3,0,7,1,0,0,0,0,1,0,0,8.904303285000026,53.047447215000034,Hemelingen,Hemelingen
2710,11,2018,5,5,14,3,3,6,1,1,0,0,0,0,0,0,8.601907510000046,53.18012273100004,Vegesack,Fähr-Lobbendorf
2711,12,2018,6,6,10,3,5,3,1,1,0,0,0,0,0,0,8.599992923000059,53.51225272800008,Wulsdorf,Dreibergen
2712,11,2018,5,4,15,3,6,4,1,0,1,0,0,0,0,0,8.816351990000044,53.07796870200008,Mitte,Ostertor
2713,11,2018,5,6,8,3,0,6,1,0,0,0,0,0,0,0,8.804415224000024,53.08075552100007,Mitte,Bahnhofsvorstadt
2714,11,2018,5,1,15,3,7,7,1,0,0,0,0,1,0,0,8.751365510000028,53.12974204600005,Gröpelingen,Ohlenhof
2715,11,2018,5,4,18,3,3,6,1,1,0,0,0,0,0,0,8.842162290000033,53.03184078100003,Obervieland,Arsten
2716,11,2018,5,4,17,3,6,3,1,0,1,0,0,0,0,0,8.793669636000061,53.07407498500004,Neustadt,Alte Neustadt
2717,11,2018,5,5,10,3,5,2,1,1,0,0,0,0,0,0,8.824748810000074,53.084582270000055,Schwachhausen,Bürgerpark
2718,11,2018,6,6,18,3,5,2,1,1,0,0,0,0,0,0,8.758219616000076,53.11650377900003,Gröpelingen,Lindenhof
2719,11,2018,5,3,14,3,1,7,1,1,0,0,0,0,0,0,8.751393914000062,53.12575232300003,Gröpelingen,Ohlenhof
2720,11,2018,5,3,7,3,3,6,1,1,0,0,0,0,0,0,8.852764430000036,53.073816589000046,Östliche Vorstadt,Hulsberg
2721,12,2018,5,3,21,3,0,7,1,0,0,0,0,0,1,0,8.553802544000064,53.57879138000004,Häfen (BHV),Stadtbremisches Überseehafengebiet Bremerhaven
2722,11,2018,5,4,8,3,5,2,1,1,0,0,0,0,0,0,8.898926462000077,53.12748678500003,Unbekannt,Borgfeld
2723,12,2018,5,3,16,3,5,2,1,1,0,0,0,0,0,0,8.593882996000048,53.54934027400003,Geestemünde,Geestemünde-Nord
2724,12,2018,5,5,16,3,5,3,1,1,0,0,0,0,0,0,8.601996197000062,53.57027798200005,Lehe (BHV),Schierholz
2725,12,2018,5,3,14,3,0,7,1,1,0,0,0,0,0,0,8.606788255000026,53.50973533500007,Wulsdorf,Dreibergen
2726,11,2018,5,3,16,3,4,6,1,1,0,0,0,0,0,0,8.775558172000046,53.06050681100004,Neustadt,Neuenland
2727,11,2018,5,2,14,3,5,3,1,1,0,0,0,0,0,0,8.720607021000035,53.13234271600004,Häfen,Industriehäfen
2728,11,2018,5,3,17,3,5,2,1,1,0,0,0,0,0,0,8.95939136800007,53.04719750500004,Osterholz,Osterholz
2729,11,2018,5,3,17,2,5,2,1,1,1,0,0,0,0,0,8.800136740000028,53.06234964300006,Neustadt,Buntentor
2730,11,2018,5,3,16,3,5,3,1,0,0,0,0,1,0,0,8.792684447000056,53.06573495100008,Neustadt,Südervorstadt
2731,11,2018,5,3,6,3,5,3,1,1,0,0,0,0,0,0,8.77721586000007,53.06554816800008,Neustadt,Neuenland
2732,11,2018,5,6,14,3,5,3,1,1,0,0,0,0,0,0,8.815783131000046,53.05404557900005,Neustadt,Huckelriede
2733,11,2018,5,5,15,3,1,5,1,1,0,0,0,0,0,0,8.807219658000065,53.06458814900003,Neustadt,Buntentor
2734,11,2018,5,7,19,3,5,2,1,1,0,0,0,0,0,0,8.786335481000037,53.07464544700008,Neustadt,Alte Neustadt
2735,11,2018,5,3,15,3,5,3,1,1,0,0,0,0,0,0,8.71383624200007,53.14169438900007,Burglesum,Burg-Grambke
2736,11,2018,5,2,18,2,5,2,1,1,0,0,0,0,0,0,8.711477824000042,53.16842811000004,Burglesum,Burgdamm
2737,11,2018,5,5,7,3,0,1,1,0,0,0,0,0,0,0,8.684221425000032,53.16348859500005,Burglesum,Lesum
2738,11,2018,5,3,11,3,6,4,1,0,1,0,0,0,0,0,8.822654550000038,53.07858088700005,Mitte,Ostertor
2739,11,2018,5,3,17,2,5,2,1,1,0,0,0,0,0,0,8.812783029000059,53.07331416400007,Mitte,Altstadt
2740,11,2018,5,3,11,3,5,3,1,1,0,0,0,0,0,0,8.795005522000054,53.08462660900005,Mitte,Bahnhofsvorstadt
2741,12,2018,6,1,17,3,1,5,1,1,0,0,0,0,0,0,8.568434643000046,53.54707336300004,Mitte (BHV),Mitte-Süd
2742,11,2018,5,3,14,3,5,2,1,1,0,0,0,0,0,0,8.807623327000044,53.082506419000026,Mitte,Bahnhofsvorstadt
2743,11,2018,5,3,15,3,5,3,1,1,0,0,0,0,0,0,8.870612940000058,53.09613076000005,Horn-Lehe,Horn
2744,11,2018,5,5,14,3,0,1,1,1,0,0,0,0,0,0,8.941415981000034,53.06446649500003,Osterholz,Ellenerbrok-Schevemoor
2745,11,2018,5,3,17,3,1,5,1,1,0,0,0,0,0,0,8.799150574000066,53.06802417400007,Neustadt,Südervorstadt
2746,11,2018,5,3,21,3,5,3,1,1,0,0,0,0,1,0,8.726947050000035,53.04522006800005,Huchting,Sodenmatt
2747,12,2018,5,5,12,3,0,7,1,1,0,0,0,0,0,0,8.586276686000076,53.56319975300005,Lehe (BHV),Klushof
2748,11,2018,6,1,11,3,1,1,1,1,0,0,0,0,0,0,8.732273727000063,53.05492144100003,Huchting,Mittelshuchting
2749,11,2018,5,4,22,3,5,3,1,1,0,0,0,0,2,1,8.782609999000044,53.08708115100006,Walle,Überseestadt
2750,11,2018,5,3,15,3,5,2,1,1,0,0,0,0,0,0,8.819678142000043,53.07989141000007,Mitte,Ostertor
2751,11,2018,5,3,8,3,3,2,1,1,0,0,0,0,0,0,8.741052599000056,53.05264688500006,Huchting,Kirchhuchting
2752,12,2018,5,2,17,2,0,7,1,0,0,0,0,0,0,0,8.552142078000031,53.57113972500008,Häfen (BHV),Stadtbremisches Überseehafengebiet Bremerhaven
2753,12,2018,5,1,15,3,0,7,1,1,0,0,0,0,0,0,8.582079503000045,53.55300847400008,Lehe (BHV),Goethestrasse
2754,12,2018,5,2,6,3,4,3,1,1,0,0,0,0,0,0,8.598609495000062,53.53613065300004,Geestemünde,Geestendorf
2755,11,2018,5,3,4,3,0,7,1,0,0,0,0,0,2,0,8.833363081000073,53.07100856000005,Östliche Vorstadt,Steintor
2756,11,2018,5,5,9,3,6,4,1,0,1,0,0,0,0,0,8.80746491900004,53.08248217900007,Mitte,Bahnhofsvorstadt
2757,12,2018,6,6,7,3,5,3,1,1,0,0,0,0,0,0,8.600301817000059,53.528618135000045,Geestemünde,Geestendorf
2758,11,2018,5,2,13,3,6,4,1,0,1,0,0,0,0,0,8.817053480000027,53.07650405100003,Mitte,Ostertor
2759,12,2018,5,3,20,3,5,3,1,0,0,0,0,0,0,0,8.574816362000035,53.54998335800008,Mitte (BHV),Mitte-Nord
2760,11,2018,5,2,8,3,5,3,1,1,0,0,0,0,0,0,8.785405257000036,53.07091720900007,Neustadt,Hohentor
2761,11,2018,5,5,20,3,5,3,1,1,0,0,0,0,0,0,8.79912424500003,53.05644943500005,Neustadt,Neuenland
2762,11,2018,5,2,14,3,4,6,1,1,0,0,0,0,0,0,8.762255750000065,53.09023169800008,Woltmershausen,Woltmershausen
2763,12,2018,5,3,17,3,0,7,1,1,0,0,0,0,0,0,8.565503853000052,53.55017571000008,Häfen (BHV),Stadtbremisches Überseehafengebiet Bremerhaven
2764,11,2018,5,2,18,3,3,2,1,1,0,0,0,0,0,0,8.824748810000074,53.084582270000055,Schwachhausen,Bürgerpark
2765,11,2018,5,5,17,3,5,2,1,1,0,0,0,0,0,0,8.824176787000056,53.070279955000046,Mitte,Ostertor
2766,11,2018,5,2,16,2,5,3,1,0,0,1,0,0,0,0,8.851724105000073,53.02689241000007,Obervieland,Arsten
2767,11,2018,5,1,22,3,5,3,1,1,0,0,0,0,2,0,8.82086498800004,53.03927432500007,Obervieland,Kattenturm
2768,11,2018,5,3,18,3,5,2,1,1,0,0,0,0,0,0,8.785633683000071,53.07096234100004,Neustadt,Hohentor
2769,11,2018,5,2,17,3,5,2,1,1,0,0,0,0,0,0,8.784173493000026,53.10340006700005,Walle,Walle
2770,12,2018,5,6,14,3,6,4,1,0,1,0,0,0,0,0,8.610668615000066,53.52976487200005,Geestemünde,Bürgerpark (BHV)
2771,11,2018,5,2,17,3,3,6,1,0,0,0,0,1,0,0,8.806912963000059,53.08184155900005,Mitte,Bahnhofsvorstadt
2772,11,2018,5,2,14,3,5,3,1,1,0,0,0,0,0,0,8.774952505000044,53.06240638400004,Neustadt,Neuenland
2773,11,2018,5,4,1,3,0,1,1,0,0,0,0,0,2,0,8.847881233000066,53.06610632400003,Östliche Vorstadt,Peterswerder
2774,11,2018,5,5,7,3,5,3,1,1,0,0,0,0,0,0,8.524080109000067,53.204015620000064,Blumenthal,Farge
2775,11,2018,5,2,17,3,5,3,1,1,0,0,0,0,0,0,8.78190653300004,53.05658723400006,Neustadt,Neuenland
2776,11,2018,5,1,5,3,4,6,1,0,0,0,0,0,0,0,8.684206075000077,53.16349159500004,Burglesum,Lesum
2777,11,2018,5,2,9,3,0,2,1,1,0,0,0,0,0,0,8.614214697000023,53.17622427300006,Vegesack,Vegesack
2778,11,2018,5,2,18,3,5,3,1,1,0,0,0,0,0,0,8.803610760000026,53.08013936100008,Mitte,Altstadt
2779,11,2018,5,4,9,3,5,2,1,1,0,0,0,0,0,0,8.901760576000072,53.10907580000003,Horn-Lehe,Lehesterdeich
2780,11,2018,5,1,12,3,5,7,1,1,0,0,0,0,0,0,8.828408262000039,53.03707793800004,Obervieland,Kattenturm
2781,11,2018,5,6,19,3,0,7,1,0,0,0,0,0,0,0,8.524077849000037,53.20403912800003,Blumenthal,Farge
2782,11,2018,5,2,8,3,5,3,1,1,0,0,0,0,0,0,8.729420469000047,53.03948378700005,Huchting,Kirchhuchting
2783,11,2018,5,7,17,3,5,3,1,1,0,0,0,0,0,0,8.741582613000048,53.05067430300005,Huchting,Kirchhuchting
2784,11,2018,6,2,17,2,0,1,1,0,0,0,0,1,0,0,8.947186531000057,53.05810928000005,Osterholz,Osterholz
2785,11,2018,5,2,7,3,5,3,1,0,0,0,0,1,0,0,8.773944907000043,53.05894139900005,Neustadt,Neuenland
2786,12,2018,5,1,0,3,3,6,1,1,0,0,0,0,2,0,8.57212237300007,53.551943091000055,Mitte (BHV),Mitte-Nord
2787,11,2018,5,2,18,3,4,6,1,0,0,0,0,0,0,0,8.84776493000004,53.04403871800008,Obervieland,Habenhausen
2788,11,2018,5,1,0,3,0,7,1,0,0,0,0,0,2,0,8.801365417000056,53.07905590000007,Mitte,Altstadt
2789,11,2018,5,5,18,3,1,5,1,1,0,0,0,0,0,0,8.836588783000025,53.06824324200005,Östliche Vorstadt,Peterswerder
2790,11,2018,6,7,12,2,0,7,1,0,0,0,0,0,0,0,8.827247999000065,53.084884274000046,Schwachhausen,Bürgerpark
2791,11,2018,5,4,15,3,5,3,1,1,0,0,0,0,0,0,8.575580468000055,53.191813747000026,Blumenthal,Blumenthal