,UKREIS,UJAHR,UMONAT,UWOCHENTAG,USTUNDE,UKATEGORIE,UART,UTYP1,IstRad,IstPKW,IstFuss,IstKrad,IstGkfz,IstSonstig,ULICHTVERH,STRZUSTAND,longitude,latitude,Stadtteil,Ortsteil
3201,11,2018,8,1,10,3,5,3,1,1,0,0,0,0,0,0,8.877687718000061,53.082528618000026,Schwachhausen,Radio Bremen
3202,11,2018,8,3,15,3,5,3,1,1,0,0,0,0,0,0,8.886660446000064,53.07918412000004,Vahr,Neue Vahr Südwest
3203,11,2018,7,6,10,3,5,3,1,1,0,0,0,0,0,0,8.80285440800003,53.101374760000056,Findorff,Weidedamm
3204,11,2018,8,4,19,3,7,1,1,0,0,0,0,0,0,0,8.633914012000048,53.18251259900006,Vegesack,Unbekannt
3205,11,2018,7,6,0,2,7,7,1,0,0,0,0,0,2,0,8.78121365100003,53.08785484700008,Walle,Überseestadt
3206,11,2018,8,2,18,3,5,3,1,1,0,0,0,0,1,1,8.847640452000064,53.04919238700006,Obervieland,Habenhausen
3207,11,2018,7,6,14,3,5,3,1,1,0,0,0,0,0,0,8.752014787000064,53.12211109900005,Gröpelingen,Ohlenhof
3208,11,2018,8,4,14,3,4,6,1,0,0,0,0,0,0,0,8.83750952400004,53.037784593000026,Obervieland,Arsten
3209,11,2018,7,6,13,3,5,3,1,1,0,0,0,0,0,0,8.929492566000022,53.05907453000003,Osterholz,Osterholz
3210,11,2018,7,5,17,3,5,2,1,1,0,0,0,0,0,0,8.805661549000035,53.08340057500004,Mitte,Bahnhofsvorstadt
3211,11,2018,7,5,13,3,5,3,1,1,0,0,0,0,0,0,8.750121991000071,53.12589783300007,Gröpelingen,Ohlenhof
3212,11,2018,8,2,16,3,2,3,1,1,0,0,0,0,0,1,8.882919773000026,53.10071635000003,Horn-Lehe,Lehe
3213,11,2018,8,4,13,3,5,2,1,1,0,0,0,0,0,0,8.813288690000036,53.08561729900004,Findorff,Findorff-Bürgerweide
3214,12,2018,8,7,15,3,5,3,1,1,0,0,0,0,0,1,8.593119428000023,53.55662438600007,Lehe (BHV),Klushof
3215,12,2018,8,7,14,3,1,5,1,1,0,0,0,0,0,0,8.609652624000034,53.50779669000008,Wulsdorf,Dreibergen
3216,11,2018,7,5,11,3,5,3,1,1,0,0,0,0,0,0,8.781937277000054,53.096381276000045,Walle,Steffensweg
3217,12,2018,9,4,9,3,5,3,1,1,0,0,0,0,0,1,8.578669916000024,53.58282139300008,Lehe (BHV),Speckenbüttel
3218,11,2018,9,4,15,3,5,3,1,1,0,0,0,0,0,0,8.888055386000076,53.06875518100003,Hemelingen,Sebaldsbrück
3219,11,2018,10,3,12,3,5,2,1,1,0,0,0,0,0,0,8.57429849600004,53.200559258000055,Blumenthal,Lüssum-Bockhorn
3220,12,2018,9,4,11,3,0,7,1,0,0,0,0,0,0,1,8.54659811700003,53.58145063900008,Häfen (BHV),Stadtbremisches Überseehafengebiet Bremerhaven
3221,11,2018,10,2,22,3,0,1,1,0,0,0,0,0,2,0,8.887281118000033,53.05626641400005,Hemelingen,Hemelingen
3222,11,2018,9,4,9,3,0,7,1,0,0,0,0,1,0,0,8.800939765000066,53.06722238000003,Neustadt,Buntentor
3223,11,2018,9,3,17,2,1,5,1,1,0,0,0,0,0,0,8.831747688000064,53.07113549300004,Östliche Vorstadt,Steintor
3224,11,2018,9,5,18,3,5,3,1,1,0,0,0,0,0,0,8.872992106000027,53.08475883400007,Schwachhausen,Radio Bremen
3225,11,2018,9,4,6,3,5,3,1,0,0,0,0,0,2,1,8.803428694000047,53.08031394200003,Mitte,Altstadt
3226,11,2018,10,6,9,3,5,3,1,1,0,0,0,0,0,0,8.802868353000065,53.10136896900008,Findorff,Weidedamm
3227,11,2018,9,4,7,3,6,4,1,0,1,0,0,0,0,1,8.818443433000027,53.08000040400003,Mitte,Bahnhofsvorstadt
3228,11,2018,9,2,12,3,5,3,1,1,0,0,0,0,0,1,8.804144321000024,53.07239514500003,Neustadt,Alte Neustadt
3229,11,2018,9,6,13,3,5,3,1,0,0,0,1,0,0,0,8.742589547000023,53.11682848300006,Häfen,Industriehäfen
3230,11,2018,9,4,14,3,4,1,1,1,0,0,0,0,0,1,8.903781724000055,53.05976889800007,Hemelingen,Sebaldsbrück
3231,11,2018,8,5,8,3,5,3,1,1,0,0,0,0,0,1,8.864192100000025,53.09912724200007,Horn-Lehe,Lehe
3232,11,2018,9,4,12,3,5,3,1,1,0,0,0,0,0,1,8.622561354000027,53.169420511000055,Vegesack,Vegesack
3233,12,2018,9,2,11,3,1,7,1,1,0,0,0,0,0,0,8.592259376000072,53.55917694800007,Lehe (BHV),Klushof
3234,11,2018,10,6,14,3,5,3,1,1,0,0,0,0,0,0,8.961572796000041,53.06674799600006,Osterholz,Tenever
3235,11,2018,10,7,17,3,0,7,1,0,0,0,0,0,0,0,8.892316209000057,53.09950239500006,Horn-Lehe,Lehesterdeich
3236,12,2018,9,3,14,3,5,2,1,0,0,0,0,1,0,0,8.56904058300006,53.55177520500007,Mitte (BHV),Mitte-Nord
3237,11,2018,9,4,18,3,5,3,1,1,0,0,0,0,0,0,8.891677774000073,53.06295222000006,Hemelingen,Sebaldsbrück
3238,11,2018,10,2,7,3,5,2,1,1,0,0,0,0,0,0,8.943746860000033,53.05829780200003,Osterholz,Ellenerbrok-Schevemoor
3239,12,2018,9,3,14,3,5,2,1,1,0,0,0,0,0,0,8.592791315000056,53.55884035100007,Lehe (BHV),Klushof
3240,11,2018,10,2,5,3,1,5,1,1,0,0,0,0,2,1,8.87437514000004,53.06330464300004,Hemelingen,Hastedt
3241,12,2018,9,3,14,3,3,6,1,1,0,0,0,0,0,0,8.592810342000064,53.55882936800003,Lehe (BHV),Klushof
3242,11,2018,9,2,8,3,5,2,1,0,0,0,0,0,0,0,8.735533416000067,53.055313977000026,Huchting,Mittelshuchting
3243,11,2018,9,4,14,3,5,3,1,1,0,0,0,0,0,0,8.770266323000044,53.09311221800005,Walle,Überseestadt
3244,12,2018,9,3,16,2,5,3,1,1,0,0,0,0,0,0,8.580797494000024,53.53955269500005,Mitte (BHV),Mitte-Süd
3245,12,2018,9,3,12,2,5,3,1,1,0,0,0,0,0,0,8.588599699000042,53.53564106400006,Geestemünde,Geestemünde-Nord
3246,11,2018,10,7,14,3,3,6,1,0,0,0,0,0,0,0,8.809421446000044,53.16054722600006,Unbekannt,Blockland
3247,11,2018,9,4,7,3,0,3,1,1,0,0,0,0,0,0,8.796544634000043,53.07936663700008,Mitte,Altstadt
3248,11,2018,9,7,21,3,0,7,1,0,0,0,0,0,2,0,8.812852689000067,53.07337451500007,Mitte,Altstadt
3249,11,2018,9,3,13,3,1,1,1,1,0,0,0,0,0,0,8.613412579000055,53.18541372800007,Vegesack,Unbekannt
3250,11,2018,9,1,17,3,5,3,1,1,0,0,0,0,0,0,8.76141328500006,53.12324029800004,Gröpelingen,Ohlenhof
3251,11,2018,9,3,15,3,6,4,1,0,1,0,0,0,0,0,8.80691732300005,53.08184525500008,Mitte,Bahnhofsvorstadt
3252,12,2018,10,7,14,3,3,6,1,1,0,0,0,0,0,0,8.597868591000065,53.57999281500008,Lehe (BHV),Eckernfeld
3253,11,2018,9,7,12,3,5,3,1,1,0,0,0,0,0,0,8.882046118000062,53.07909772900007,Vahr,Neue Vahr Südwest
3254,11,2018,10,3,14,3,5,2,1,0,0,0,1,0,0,1,8.716486022000026,53.13449235000007,Häfen,Industriehäfen
3255,12,2018,9,2,15,3,6,7,1,0,1,0,0,0,0,0,8.592824528000051,53.558167411000056,Lehe (BHV),Klushof
3256,11,2018,9,4,7,3,5,3,1,1,0,0,0,0,0,0,8.824115473000063,53.03380266100004,Obervieland,Kattenturm
3257,11,2018,9,2,18,3,5,3,1,1,0,0,0,0,0,0,8.770313466000061,53.09323756100008,Walle,Überseestadt
3258,11,2018,9,1,18,3,5,3,1,1,0,0,0,0,0,0,8.853784520000033,53.090339966000045,Schwachhausen,Riensberg
3259,11,2018,9,2,13,3,5,3,1,0,0,0,0,0,0,0,8.82772932000006,53.07996489300007,Schwachhausen,Barkhof
3260,11,2018,10,3,10,3,1,5,1,0,0,0,0,1,0,0,8.831974952000053,53.07106330700003,Östliche Vorstadt,Steintor
3261,11,2018,9,2,14,3,0,4,1,0,1,0,0,0,0,0,8.87958049100007,53.10153827000005,Horn-Lehe,Lehe
3262,11,2018,9,2,17,3,1,7,1,1,0,0,0,0,0,0,8.836956678000035,53.03229095800003,Obervieland,Arsten
3263,12,2018,10,3,10,3,6,7,1,0,1,0,0,0,0,0,8.60396582200002,53.52636934000003,Geestemünde,Bürgerpark (BHV)
3264,11,2018,10,6,14,3,0,7,1,0,1,0,0,0,0,0,8.809485405000032,53.077412940000045,Mitte,Altstadt
3265,11,2018,10,2,14,3,5,3,1,0,0,0,0,1,0,1,8.812296634000063,53.09568973900008,Findorff,Weidedamm
3266,11,2018,9,3,10,2,0,7,1,0,0,0,0,0,0,0,8.870459881000045,53.09850184000004,Horn-Lehe,Lehe
3267,11,2018,9,1,23,3,6,4,1,0,1,0,0,0,2,0,8.63347045200004,53.18209907800008,Vegesack,Unbekannt
3268,11,2018,10,2,16,3,3,6,1,0,0,0,1,0,0,0,8.844184054000038,53.07533270500005,Östliche Vorstadt,Hulsberg
3269,11,2018,9,5,15,3,5,3,1,0,0,1,0,0,0,0,8.809242224000059,53.06337405100004,Neustadt,Buntentor
3270,11,2018,9,2,9,3,6,4,1,0,1,0,0,0,0,0,8.809920565000027,53.08873580200003,Findorff,Findorff-Bürgerweide
3271,12,2018,9,4,5,3,5,3,1,1,0,0,0,0,2,0,8.563735215000065,53.58866205400005,Lehe (BHV),Speckenbüttel
3272,11,2018,10,6,6,3,0,1,1,0,0,0,0,0,1,0,8.882456743000034,53.05777345200005,Hemelingen,Hemelingen
3273,11,2018,9,1,4,2,0,7,1,0,0,0,0,0,2,0,8.785539953000068,53.08317787500005,Walle,Überseestadt
3274,12,2018,10,1,16,3,5,2,1,1,0,0,0,0,0,0,8.59420050400007,53.53920465400006,Geestemünde,Geestemünde-Nord
3275,12,2018,9,7,13,3,6,4,1,0,1,0,0,0,0,0,8.579768091000062,53.54135406300003,Mitte (BHV),Mitte-Süd
3276,11,2018,9,2,7,3,5,3,1,1,0,0,0,0,0,0,8.833774461000075,53.08186695400008,Schwachhausen,Schwachhausen
3277,11,2018,10,5,15,2,6,4,1,0,1,0,0,0,0,0,8.953327862000037,53.095762198000045,Oberneuland,Unbekannt
3278,11,2018,9,7,0,3,9,6,1,1,0,0,0,0,2,0,8.912647005000053,53.09849025700004,Oberneuland,Unbekannt
3279,11,2018,10,3,12,3,5,2,1,1,0,0,0,0,0,1,8.817702391000068,53.06992458700006,Mitte,Ostertor
3280,11,2018,9,7,11,3,2,6,1,1,0,0,0,0,0,0,8.83214115800007,53.06864092200004,Östliche Vorstadt,Peterswerder
3281,12,2018,10,5,18,2,5,3,1,1,0,0,0,0,0,0,8.581960423000055,53.58411633100008,Lehe (BHV),Speckenbüttel
3282,11,2018,9,7,12,3,0,1,1,0,0,0,0,0,0,0,8.563042020000069,53.19545989900007,Blumenthal,Lüssum-Bockhorn
3283,11,2018,10,7,20,3,6,4,1,0,1,0,0,0,2,0,8.824853081000072,53.07304906200005,Östliche Vorstadt,Steintor
3284,11,2018,9,7,13,3,1,5,1,1,0,0,0,0,0,0,8.824226575000068,53.08381193200006,Schwachhausen,Barkhof
3285,11,2018,9,7,17,3,5,3,1,0,0,0,0,1,0,0,8.911348364000048,53.07843763500006,Vahr,Neue Vahr Südost
3286,11,2018,10,4,17,3,5,2,1,1,0,0,0,0,0,0,8.792107126000076,53.07303577900007,Neustadt,Alte Neustadt
3287,11,2018,9,6,14,3,0,3,1,1,0,0,0,0,0,1,8.80329604700006,53.08004130200004,Mitte,Altstadt
3288,11,2018,9,7,15,3,0,7,1,0,0,0,0,0,0,0,8.831924055000059,53.07107947300005,Östliche Vorstadt,Steintor
3289,12,2018,10,6,12,3,0,7,1,1,0,0,0,0,0,0,8.618566753000039,53.529076933000056,Geestemünde,Bürgerpark (BHV)
3290,11,2018,9,4,7,3,3,6,1,0,0,0,0,0,0,0,8.83395501700005,53.07732434100007,Östliche Vorstadt,Fesenfeld
3291,11,2018,10,7,18,3,0,7,1,0,0,0,0,0,1,0,8.813661000000025,53.08060687200003,Mitte,Bahnhofsvorstadt
3292,11,2018,9,6,7,3,5,3,1,1,0,0,0,0,0,0,8.825106532000063,53.08418854500008,Schwachhausen,Bürgerpark
3293,11,2018,10,3,16,3,2,6,1,1,0,0,0,0,0,0,8.871765096000047,53.09143614700008,Horn-Lehe,Horn
3294,11,2018,9,6,9,3,3,6,1,1,0,0,0,0,0,0,8.921117023000022,53.03761099100007,Hemelingen,Arbergen
3295,11,2018,9,6,12,3,5,3,1,1,0,0,0,0,0,1,8.704695255000047,53.15464060300008,Burglesum,Burg-Grambke
3296,11,2018,9,6,12,3,0,1,1,0,0,0,0,0,0,0,8.83156518100003,53.08128407200008,Schwachhausen,Schwachhausen
3297,11,2018,9,5,17,3,5,3,1,1,0,0,0,0,0,0,8.656489330000056,53.17460881000005,Vegesack,Schönebeck
3298,11,2018,9,6,7,3,5,3,1,1,0,0,0,0,0,0,8.604289228000027,53.17684770700004,Vegesack,Fähr-Lobbendorf
3299,11,2018,9,2,8,3,0,1,1,0,0,0,0,0,0,1,8.875225886000067,53.08243413400004,Schwachhausen,Radio Bremen
3300,11,2018,9,6,20,3,5,3,1,1,0,0,0,0,1,0,8.824427355000068,53.08426083200004,Schwachhausen,Barkhof
3301,12,2018,9,2,8,3,5,2,1,1,0,0,0,0,0,1,8.59778252700005,53.57986182300005,Lehe (BHV),Eckernfeld
3302,11,2018,9,6,21,3,5,3,1,1,0,0,0,0,2,0,8.748457278000046,53.08533661500008,Häfen,Neustädter Hafen
3303,11,2018,9,6,15,3,5,2,1,1,0,0,0,0,0,1,8.618357057000026,53.19122397600006,Vegesack,Unbekannt
3304,11,2018,9,6,17,3,5,3,1,1,0,0,0,0,0,0,8.755381816000067,53.11914730000007,Gröpelingen,Ohlenhof
3305,11,2018,9,3,20,3,0,1,1,0,0,0,0,0,2,0,8.829330189000075,53.06878371400006,Östliche Vorstadt,Steintor
3306,11,2018,9,6,17,2,6,4,1,0,1,0,0,0,0,0,8.952205758000048,53.06560142100005,Osterholz,Tenever
3307,11,2018,9,2,18,3,5,3,1,1,0,0,0,0,0,1,8.740721008000037,53.05268294200005,Huchting,Kirchhuchting
3308,11,2018,10,1,15,3,5,2,1,1,0,0,0,0,0,0,8.808856684000034,53.08307494900004,Mitte,Bahnhofsvorstadt
3309,11,2018,9,4,14,3,5,2,1,1,0,0,0,0,0,0,8.786209577000022,53.10306212400008,Walle,Walle
3310,11,2018,9,1,18,2,0,7,1,0,0,0,0,0,0,0,8.76551031300005,53.08241440700005,Woltmershausen,Woltmershausen
3311,12,2018,9,5,7,3,5,3,1,1,0,0,0,0,0,0,8.60823305200006,53.57450720300005,Lehe (BHV),Schierholz
3312,12,2018,10,7,16,3,3,6,1,1,0,0,0,0,0,0,8.595374587000038,53.55174957600008,Geestemünde,Geestemünde-Nord
3313,11,2018,9,2,10,3,5,3,1,1,0,0,0,0,0,0,8.857395226000051,53.08051737000005,Schwachhausen,Gete
3314,11,2018,10,4,11,3,6,4,1,0,1,0,0,1,0,0,8.78011218000006,53.09920952700003,Walle,Walle
3315,11,2018,9,5,12,3,5,2,1,0,0,0,0,1,0,0,8.943904016000033,53.03798752600005,Hemelingen,Mahndorf
3316,11,2018,9,4,17,3,5,3,1,1,0,0,0,0,0,0,8.825038134000067,53.08458189500004,Schwachhausen,Bürgerpark
3317,11,2018,9,5,16,3,3,6,1,1,0,0,0,0,0,0,8.938311811000062,53.08143914600004,Oberneuland,Unbekannt
3318,11,2018,10,7,17,3,5,3,1,1,0,0,0,0,0,0,8.838202491000061,53.067748134000055,Östliche Vorstadt,Peterswerder
3319,11,2018,9,5,15,3,5,3,1,1,0,0,0,0,0,1,8.571859543000073,53.196092744000055,Blumenthal,Blumenthal
3320,11,2018,9,6,8,2,4,6,1,0,0,0,0,0,0,0,8.870726252000054,53.09847968200006,Horn-Lehe,Lehe
3321,11,2018,9,5,15,2,4,6,1,0,0,0,0,0,0,0,8.850957899000036,53.04534251300004,Obervieland,Habenhausen
3322,11,2018,10,5,11,3,4,1,1,0,0,0,0,1,0,0,8.796875328000056,53.09466998700003,Findorff,Regensburger Str.
3323,11,2018,10,3,17,3,5,2,1,1,0,0,0,0,0,1,8.853314428000033,53.08292764200007,Schwachhausen,Radio Bremen
3324,11,2018,9,4,8,3,3,2,1,0,0,0,0,1,0,0,8.837377334000053,53.03784959100005,Obervieland,Arsten
3325,11,2018,9,6,13,3,5,2,1,0,0,0,0,0,0,0,8.785191260000033,53.07448831100004,Neustadt,Hohentor
3326,11,2018,9,5,17,3,5,7,1,1,0,0,0,0,0,1,8.578292194000028,53.20679391000005,Blumenthal,Lüssum-Bockhorn
3327,11,2018,9,3,19,3,5,3,1,1,0,0,0,0,1,0,8.76271704900006,53.06031657600005,Huchting,Grolland
3328,11,2018,9,5,12,3,0,7,1,0,0,0,0,0,0,0,8.739089540000066,53.13517975700006,Gröpelingen,Oslebshausen
3329,11,2018,9,6,8,3,5,3,1,0,0,0,0,0,0,0,8.807316628000024,53.082160670000064,Mitte,Bahnhofsvorstadt
3330,11,2018,9,1,18,3,0,7,1,0,0,0,0,0,0,0,8.818243549000044,53.04670740300003,Obervieland,Kattenturm
3331,11,2018,10,3,17,3,5,2,1,1,0,0,0,0,0,0,8.787577511000052,53.06983940200007,Neustadt,Neustadt
3332,11,2018,9,5,15,3,0,1,1,0,0,0,0,0,0,1,8.569774203000065,53.204520675000026,Blumenthal,Lüssum-Bockhorn
3333,11,2018,9,3,9,3,1,5,1,1,0,0,0,0,0,0,8.812567664000028,53.09084561200007,Findorff,Findorff-Bürgerweide
3334,11,2018,9,5,16,3,5,2,1,1,0,0,0,0,0,1,8.716687054000033,53.13458821500007,Häfen,Industriehäfen
3335,11,2018,9,6,12,3,4,6,1,1,0,0,0,0,0,0,8.720428682000033,53.17287646600005,Burglesum,Burgdamm
3336,11,2018,9,5,7,3,5,3,1,1,0,0,0,0,0,0,8.82333767800003,53.046018024000034,Obervieland,Kattenturm
3337,12,2018,9,3,15,3,6,7,1,0,1,0,0,0,0,0,8.592761478000057,53.51557580000008,Wulsdorf,Dreibergen
3338,11,2018,9,5,15,3,5,3,1,1,0,0,0,0,0,0,8.897585924000055,53.079364088000034,Vahr,Neue Vahr Südost
3339,12,2018,9,5,16,3,5,3,1,1,0,0,0,0,0,0,8.584287483000026,53.55617934800006,Lehe (BHV),Klushof
3340,11,2018,9,5,14,3,5,3,1,1,0,0,0,0,0,0,8.859063258000049,53.08444511400006,Schwachhausen,Radio Bremen
3341,12,2018,9,4,9,3,5,3,1,1,0,0,0,0,0,0,8.589659864000055,53.56776663000005,Lehe (BHV),Klushof
3342,11,2018,10,3,14,3,3,6,1,0,0,0,0,0,0,0,8.845390842000029,53.08427651200003,Schwachhausen,Gete
3343,11,2018,9,5,15,2,5,3,1,1,0,0,0,0,0,0,8.611131190000037,53.17530192200008,Vegesack,Fähr-Lobbendorf
3344,11,2018,9,2,14,3,5,3,1,1,0,0,0,0,0,0,8.819116063000024,53.08027714900004,Mitte,Ostertor
3345,12,2018,9,2,10,3,5,3,1,1,0,0,0,0,0,0,8.611923251000064,53.58759182200004,Leherheide,Leherheide-West
3346,11,2018,9,4,11,3,3,6,1,1,0,0,0,0,0,0,8.849644988000023,53.04151301400003,Obervieland,Habenhausen
3347,11,2018,9,4,16,3,5,3,1,1,0,0,0,0,0,0,8.811192636000044,53.08011111300005,Mitte,Bahnhofsvorstadt
3348,11,2018,9,5,12,3,5,3,1,1,0,0,0,0,0,0,8.80252474200006,53.07985466900004,Mitte,Altstadt
3349,11,2018,9,4,7,3,2,6,1,0,0,0,0,0,0,0,8.549791287000062,53.196913005000056,Blumenthal,Rönnebeck
3350,11,2018,9,4,13,3,5,3,1,0,0,0,1,0,0,0,8.751674200000025,53.08481357900007,Häfen,Neustädter Hafen
3351,11,2018,9,5,12,3,5,3,1,1,0,0,0,0,0,0,8.640027834000023,53.18797341300007,Vegesack,Schönebeck
3352,11,2018,10,6,7,3,5,3,1,0,0,0,0,0,0,0,8.850249113000075,53.07055462500006,Östliche Vorstadt,Peterswerder
3353,11,2018,9,4,13,2,5,3,1,0,0,0,0,0,0,0,8.670167879000076,53.17459540800007,Burglesum,St.Magnus
3354,11,2018,9,2,12,3,5,2,1,1,0,0,0,0,0,1,8.878562669000075,53.078932457000064,Vahr,Gartenstadt Vahr
3355,11,2018,9,3,14,2,5,3,1,0,0,0,0,1,0,0,8.871961733000035,53.06713391200003,Hemelingen,Hastedt
3356,11,2018,9,5,16,3,5,3,1,1,0,1,0,0,0,0,8.89813953600003,53.12746276400003,Unbekannt,Borgfeld
3357,11,2018,10,2,12,3,5,2,1,1,0,0,0,0,0,0,8.825077970000052,53.084203313000046,Schwachhausen,Bürgerpark
3358,11,2018,10,2,13,3,6,4,1,0,1,0,0,0,0,1,8.938750655000035,53.06377184500008,Osterholz,Ellenerbrok-Schevemoor
3359,11,2018,9,3,8,3,5,3,1,1,0,0,0,0,0,0,8.73074654800007,53.04055676600007,Huchting,Kirchhuchting
3360,11,2018,9,5,16,3,1,7,1,1,0,0,0,0,0,0,8.812990629000069,53.05856103700006,Neustadt,Huckelriede
3361,11,2018,10,5,14,3,5,3,1,1,0,0,0,0,0,0,8.800716158000057,53.07856765800005,Mitte,Altstadt
3362,11,2018,9,1,12,2,0,1,1,0,0,0,0,0,0,1,8.555801460000055,53.185839145000045,Blumenthal,Rönnebeck
3363,11,2018,9,3,7,3,5,3,1,1,0,0,0,0,0,0,8.787296777000051,53.08756992000008,Walle,Überseestadt
3364,11,2018,9,3,21,3,5,3,1,0,0,1,0,0,2,0,8.785043805000043,53.10224083600008,Walle,Walle
3365,11,2018,10,7,8,3,5,3,1,1,0,0,0,0,0,0,8.88401086600004,53.07340637200008,Hemelingen,Sebaldsbrück
3366,11,2018,10,5,11,2,3,6,1,0,0,0,0,0,0,0,8.759503432000031,53.11364553800007,Gröpelingen,Lindenhof
3367,11,2018,9,1,16,3,3,6,1,0,0,0,0,0,0,0,8.832273214000054,53.06863071400005,Östliche Vorstadt,Peterswerder
3368,12,2018,9,2,15,3,5,3,1,0,0,0,0,0,0,0,8.59795805400006,53.58506814300006,Lehe (BHV),Eckernfeld
3369,11,2018,10,7,16,3,5,3,1,1,0,0,0,0,0,0,8.741036681000026,53.05264326500003,Huchting,Kirchhuchting
3370,11,2018,9,5,16,3,6,3,1,1,1,0,0,0,0,0,8.813748290000035,53.057647280000026,Neustadt,Huckelriede
3371,11,2018,10,5,11,3,6,4,1,0,1,0,0,0,0,0,8.759744046000037,53.110193726000034,Gröpelingen,Lindenhof
3372,11,2018,10,3,11,3,5,2,1,0,0,0,1,0,0,1,8.845141132000037,53.04574763900007,Obervieland,Habenhausen
3373,11,2018,9,2,15,3,3,6,1,0,0,0,0,0,0,0,8.621723527000029,53.16865298300007,Vegesack,Vegesack
3374,11,2018,9,6,15,3,5,3,1,1,0,0,0,0,0,0,8.946996890000037,53.07601121900007,Osterholz,Ellenerbrok-Schevemoor
3375,11,2018,9,2,12,3,1,6,1,1,0,0,0,0,0,0,8.84411512500003,53.07517111300007,Östliche Vorstadt,Hulsberg
3376,11,2018,9,5,14,3,6,3,1,0,1,0,0,0,0,0,8.826210787000036,53.083663185000034,Schwachhausen,Bürgerpark
3377,12,2018,10,6,18,3,5,3,1,1,0,0,0,0,1,0,8.580409252000038,53.555587985000045,Lehe (BHV),Goethestrasse
3378,11,2018,9,2,5,3,0,7,1,0,0,0,0,0,2,1,8.81641240700003,53.10399811700006,Findorff,In den Hufen
3379,11,2018,10,3,21,3,0,7,1,0,0,0,0,0,2,0,8.808974799000055,53.07215577800008,Mitte,Altstadt
3380,11,2018,9,2,7,2,5,3,1,1,0,0,0,0,0,0,8.574854666000022,53.20145283100004,Blumenthal,Lüssum-Bockhorn
3381,11,2018,10,7,11,3,4,6,1,0,0,0,0,0,0,0,8.806461346000049,53.07319246100008,Mitte,Altstadt
3382,11,2018,9,3,7,3,5,3,1,1,0,0,0,0,0,0,8.780333650000046,53.07583821600008,Woltmershausen,Woltmershausen
3383,11,2018,10,3,16,2,0,7,1,0,0,0,0,0,0,0,8.80651027600004,53.07461488000007,Mitte,Altstadt
3384,12,2018,9,1,15,2,5,3,1,1,0,0,0,0,0,0,8.586016330000064,53.56431704400006,Lehe (BHV),Twischkamp
3385,11,2018,9,3,17,3,0,7,1,1,0,0,0,0,0,0,8.79518328100005,53.08184683600007,Mitte,Altstadt
3386,11,2018,9,5,20,3,7,7,1,0,0,0,0,0,2,0,8.800539539000056,53.09552432000004,Findorff,Regensburger Str.
3387,11,2018,9,1,17,3,6,4,1,0,1,0,0,0,0,0,8.822496198000067,53.069054513000026,Mitte,Ostertor
3388,11,2018,10,6,16,2,8,7,1,0,0,0,0,0,0,0,8.809978613000055,53.06265226800008,Neustadt,Buntentor
3389,11,2018,9,1,15,3,1,7,1,1,0,0,0,0,0,0,8.84274526400003,53.06902802600007,Östliche Vorstadt,Peterswerder
3390,11,2018,9,5,0,2,0,7,1,0,0,0,0,0,2,0,8.619822165000073,53.17404962100005,Vegesack,Vegesack
3391,11,2018,9,2,21,3,5,3,1,0,0,0,0,1,2,0,8.886354881000045,53.07151499300005,Hemelingen,Sebaldsbrück
3392,11,2018,9,6,17,3,6,4,1,0,1,0,0,0,0,0,8.852332087000036,53.086016235000045,Schwachhausen,Radio Bremen
3393,11,2018,9,1,15,3,1,5,1,1,0,0,0,0,0,0,8.81754311100002,53.079347263000045,Mitte,Ostertor
3394,11,2018,9,3,9,2,0,1,1,0,0,0,0,0,0,0,8.810468152000055,53.07185678700006,Mitte,Altstadt
3395,12,2018,9,4,17,3,5,3,1,1,0,0,0,0,0,1,8.579532105000055,53.549115062000055,Lehe (BHV),Klushof
3396,11,2018,10,6,7,3,5,2,1,1,0,0,0,0,0,0,8.854505681000035,53.06700811700006,Hemelingen,Hastedt
3397,11,2018,8,6,12,3,0,3,1,1,0,0,0,0,0,0,8.89631001500004,53.09350443100004,Horn-Lehe,Horn
3398,11,2018,9,4,17,3,5,3,1,0,0,0,0,1,0,0,8.720141169000044,53.05672448800004,Huchting,Mittelshuchting
3399,12,2018,9,1,15,3,5,2,1,0,0,0,0,1,0,0,8.594018402000074,53.53266364300004,Geestemünde,Geestendorf
3400,11,2018,10,1,17,3,0,7,1,0,0,0,0,0,0,0,8.857973296000068,53.08272388900008,Schwachhausen,Radio Bremen
3401,11,2018,8,6,13,3,6,4,1,0,1,0,0,0,0,0,8.827490191000038,53.07988263800007,Schwachhausen,Barkhof
3402,11,2018,9,1,16,3,0,7,1,0,0,0,0,0,0,0,8.882878084000026,53.10413652400007,Horn-Lehe,Lehesterdeich
3403,11,2018,9,4,17,3,5,3,1,1,0,0,0,0,0,0,8.909268719000067,53.05956293400004,Hemelingen,Sebaldsbrück