,UKREIS,UJAHR,UMONAT,UWOCHENTAG,USTUNDE,UKATEGORIE,UART,UTYP1,IstRad,IstPKW,IstFuss,IstKrad,IstGkfz,IstSonstig,ULICHTVERH,STRZUSTAND,longitude,latitude,Stadtteil,Ortsteil
3809,11,2019,2,4,8,3,5,2,1,1,0,0,0,0,0,0,8.821777691000023,53.08420445100006,Schwachhausen,Barkhof
3810,11,2019,2,3,17,3,3,6,1,1,0,0,0,0,0,0,8.824825094000062,53.084584422000034,Schwachhausen,Bürgerpark
3811,11,2019,2,3,7,3,1,6,1,1,0,0,0,0,0,0,8.819369109000036,53.04847403700006,Neustadt,Huckelriede
3812,11,2019,2,2,10,3,0,3,1,1,0,0,0,0,0,0,8.842395955000029,53.10601092500008,Schwachhausen,Neu-Schwachhausen
3813,11,2019,1,7,2,3,0,1,1,0,0,0,0,0,2,1,8.823053841000046,53.07347871400003,Östliche Vorstadt,Steintor
3814,11,2019,2,2,8,3,5,3,1,1,0,0,0,0,0,0,8.807452888000057,53.09436197300005,Findorff,Findorff-Bürgerweide
3815,11,2019,2,2,15,3,5,3,1,1,0,0,0,0,0,0,8.812599039000077,53.08084162100005,Mitte,Bahnhofsvorstadt
3816,11,2019,2,2,16,3,4,6,1,0,0,0,0,0,0,0,8.800554542000043,53.070989102000055,Neustadt,Alte Neustadt
3817,11,2019,2,2,9,3,5,2,1,1,0,0,0,0,0,0,8.848482162000039,53.05029593100005,Obervieland,Habenhausen
3818,12,2019,2,1,16,3,0,1,1,0,0,0,0,0,0,0,8.574747605000027,53.56054644100004,Lehe (BHV),Twischkamp
3819,11,2019,1,6,14,3,0,7,1,0,0,0,0,1,0,1,8.936875626000074,53.06760189600004,Osterholz,Ellenerbrok-Schevemoor
3820,11,2019,2,1,22,3,8,7,1,1,0,0,0,0,2,0,8.87753093200007,53.09780239200006,Horn-Lehe,Lehe
3821,11,2019,2,7,1,3,1,5,1,1,0,0,0,0,2,0,8.788190256000064,53.07037655300008,Neustadt,Hohentor
3822,11,2019,2,7,17,3,1,7,1,1,0,0,0,0,0,0,8.807614644000068,53.09313765700006,Findorff,Findorff-Bürgerweide
3823,11,2019,2,7,11,3,0,7,1,0,0,0,0,0,0,0,8.632052961000056,53.19178527700007,Vegesack,Unbekannt
3824,11,2019,1,6,11,3,0,1,1,0,0,0,0,0,0,2,8.790458561000037,53.06663455000006,Neustadt,Neustadt
3825,11,2019,2,7,16,3,5,3,1,0,0,0,0,0,0,0,8.79282994700003,53.06907478200003,Neustadt,Neustadt
3826,11,2019,1,5,11,3,1,5,1,1,0,0,0,0,0,1,8.79180095700002,53.08920598200007,Walle,Utbremen
3827,11,2019,1,5,13,3,5,3,1,0,0,0,0,0,0,1,8.801881611000056,53.079280194000034,Mitte,Altstadt
3828,11,2019,1,5,17,2,0,7,1,0,0,0,0,0,2,1,8.82915239600004,53.072058809000055,Östliche Vorstadt,Steintor
3829,12,2019,2,5,16,3,5,3,1,1,0,0,0,0,0,1,8.592099776000055,53.56670671000006,Lehe (BHV),Klushof
3830,11,2019,2,5,17,3,1,5,1,1,0,0,0,0,0,0,8.599121535000052,53.17992656000007,Vegesack,Fähr-Lobbendorf
3831,11,2019,1,5,15,3,0,1,1,0,0,0,0,0,0,1,8.82320990200003,53.07299542000004,Östliche Vorstadt,Steintor
3832,11,2019,2,5,17,3,1,5,1,1,0,0,0,0,0,0,8.796462363000046,53.06820260800004,Neustadt,Neustadt
3833,12,2019,4,2,13,3,1,5,1,1,0,0,0,0,0,0,8.599184163000075,53.53096276800005,Geestemünde,Geestendorf
3834,11,2019,4,2,12,2,5,3,1,1,0,0,0,0,0,0,8.723839480000038,53.04354288400003,Huchting,Sodenmatt
3835,11,2019,4,2,18,3,5,3,1,1,0,0,0,0,0,0,8.781647646000067,53.08762435800003,Walle,Überseestadt
3836,11,2019,4,2,17,2,9,1,1,1,0,0,0,0,0,0,8.871800449000034,53.099476638000056,Horn-Lehe,Lehe
3837,11,2019,4,1,13,3,0,7,1,0,0,0,0,0,0,0,8.751661800000022,53.11762204200005,Häfen,Industriehäfen
3838,12,2019,4,7,8,3,5,3,1,0,0,0,0,1,0,1,8.605321779000064,53.53067561200004,Geestemünde,Bürgerpark (BHV)
3839,12,2019,4,7,14,3,1,5,1,1,0,0,0,0,0,0,8.606796761000055,53.59821622000004,Leherheide,Königsheide
3840,11,2019,4,7,9,3,0,7,1,0,1,0,0,0,0,0,8.821298183000067,53.03985599100008,Obervieland,Kattenturm
3841,11,2019,4,7,16,3,1,5,1,1,0,0,0,0,0,0,8.572427495000056,53.20316962200008,Blumenthal,Lüssum-Bockhorn
3842,11,2019,4,6,14,3,5,3,1,1,0,0,0,0,0,0,8.819647786000075,53.03831232700003,Obervieland,Kattenturm
3843,11,2019,4,6,15,3,5,3,1,1,0,0,0,0,0,0,8.83803047500004,53.06789039300003,Östliche Vorstadt,Peterswerder
3844,12,2019,4,5,9,3,5,3,1,1,0,0,0,0,0,0,8.595204140000021,53.53897885300006,Geestemünde,Geestemünde-Nord
3845,11,2019,4,5,15,3,5,3,1,1,0,0,0,0,0,0,8.837406011000041,53.069926974000055,Östliche Vorstadt,Peterswerder
3846,11,2019,4,5,16,3,5,2,1,1,0,0,0,0,0,0,8.936711186000025,53.03834922100003,Hemelingen,Mahndorf
3847,11,2019,4,5,14,3,5,3,1,1,0,0,0,0,0,0,8.797055925000052,53.07163986400008,Neustadt,Alte Neustadt
3848,11,2019,4,4,11,3,0,7,1,0,0,0,0,0,0,0,8.822987633000025,53.07294106300003,Mitte,Ostertor
3849,12,2019,4,2,12,3,3,6,1,0,0,0,0,0,0,0,8.579246218000037,53.54637944500007,Mitte (BHV),Mitte-Süd
3850,11,2019,4,2,16,3,5,3,1,1,0,0,0,0,2,0,8.864742553000042,53.07094020000005,Hemelingen,Hastedt
3851,11,2019,4,2,11,3,5,3,1,1,0,0,0,0,0,0,8.941806173000032,53.03808257700007,Hemelingen,Mahndorf
3852,11,2019,4,1,17,3,9,6,1,0,0,0,0,0,0,0,8.831973608000055,53.07106080600005,Östliche Vorstadt,Steintor
3853,11,2019,4,1,16,3,3,6,1,0,0,0,0,0,0,0,8.866165181000042,53.06230896200003,Hemelingen,Hastedt
3854,11,2019,4,1,2,3,0,1,1,0,0,0,0,0,2,0,8.758354215000054,53.067942327000026,Huchting,Grolland
3855,11,2019,4,1,15,2,3,6,1,1,0,0,0,0,0,0,8.91362941400007,53.12339939700007,Unbekannt,Borgfeld
3856,12,2019,4,7,15,3,1,7,1,1,0,0,0,0,0,0,8.601234648000059,53.53138953900003,Geestemünde,Bürgerpark (BHV)
3857,11,2019,4,6,13,3,0,7,1,0,0,0,0,1,0,0,8.809886292000044,53.06276353200008,Neustadt,Buntentor
3858,11,2019,4,6,8,3,5,3,1,1,0,0,0,0,0,0,8.785520484000074,53.074847497000064,Neustadt,Hohentor
3859,11,2019,4,5,14,3,0,7,1,0,0,1,0,0,0,0,8.77718717600004,53.09916028500004,Walle,Walle
3860,11,2019,4,5,8,3,0,7,1,1,0,0,0,0,0,0,8.814518875000033,53.09403197700004,Findorff,Weidedamm
3861,11,2019,4,5,17,3,5,3,1,1,0,0,0,0,0,0,8.816682115000049,53.08083668000006,Mitte,Bahnhofsvorstadt
3862,11,2019,4,4,10,3,5,3,1,1,0,0,0,0,0,0,8.575075001000073,53.18146590300006,Blumenthal,Blumenthal
3863,11,2019,4,4,13,3,5,2,1,1,0,0,0,0,0,0,8.847403418000056,53.05051033800004,Obervieland,Habenhausen
3864,11,2019,4,4,16,3,0,1,1,0,0,0,0,0,0,1,8.873432623000042,53.10133900100004,Horn-Lehe,Lehe
3865,11,2019,4,4,15,3,0,1,1,0,0,0,0,0,0,1,8.826963961000047,53.07277995000004,Östliche Vorstadt,Steintor
3866,11,2019,4,3,6,3,5,3,1,0,0,0,0,1,0,0,8.73581899800007,53.14069738800004,Gröpelingen,Oslebshausen
3867,11,2019,4,3,9,3,5,7,1,1,0,0,0,0,0,0,8.796393489000025,53.06898195100007,Neustadt,Neustadt
3868,12,2019,4,2,20,3,4,2,1,1,0,0,0,0,2,0,8.595130188000041,53.53033847600005,Geestemünde,Geestendorf
3869,12,2019,4,2,17,3,5,3,1,1,0,0,0,0,0,0,8.59493079300006,53.57022027700003,Lehe (BHV),Klushof
3870,11,2019,4,2,11,3,6,3,1,0,1,0,0,0,0,0,8.89990612300005,53.09942752000006,Oberneuland,Unbekannt
3871,11,2019,4,2,10,3,0,2,1,1,0,0,0,0,0,0,8.812576791000026,53.05640594900007,Neustadt,Huckelriede
3872,11,2019,4,2,19,3,6,6,1,1,1,0,0,0,1,0,8.826344075000065,53.07941374900008,Mitte,Ostertor
3873,11,2019,4,2,16,1,5,3,1,0,0,0,0,1,0,0,8.852783095000063,53.10449966300007,Horn-Lehe,Lehe
3874,11,2019,4,2,17,2,0,7,1,0,0,0,0,0,0,0,8.80285301300006,53.06684995400008,Neustadt,Buntentor
3875,12,2019,3,1,18,3,0,7,1,1,0,0,0,0,0,0,8.592550107000022,53.515932614000064,Wulsdorf,Dreibergen
3876,11,2019,3,1,20,3,5,3,1,0,0,0,0,0,2,0,8.843622822000043,53.06889882800005,Östliche Vorstadt,Peterswerder
3877,11,2019,3,7,10,3,3,6,1,1,0,0,0,0,0,0,8.670196622000049,53.17461653300006,Burglesum,St.Magnus
3878,11,2019,3,6,13,2,5,3,1,1,0,0,0,0,0,0,8.963338081000074,53.05750462000003,Osterholz,Tenever
3879,11,2019,3,6,13,3,5,3,1,1,0,0,0,0,0,0,8.825082913000074,53.08419877300008,Schwachhausen,Barkhof
3880,11,2019,3,6,16,3,6,6,1,0,1,0,0,0,0,0,8.805713642000057,53.08794398300006,Findorff,Findorff-Bürgerweide
3881,11,2019,3,6,13,3,0,7,1,1,0,0,0,0,0,0,8.820037954000043,53.04566915200007,Obervieland,Kattenturm
3882,11,2019,3,6,15,2,5,3,1,1,0,0,0,0,0,0,8.832314410000038,53.06903173200004,Östliche Vorstadt,Steintor
3883,11,2019,3,6,14,3,5,3,1,1,0,0,0,0,0,0,8.752564850000056,53.11964050700004,Gröpelingen,Lindenhof
3884,11,2019,3,5,7,3,0,7,1,1,0,0,0,0,0,0,8.793397155000036,53.10142977300006,Walle,Osterfeuerberg
3885,11,2019,3,5,19,3,5,3,1,1,0,0,0,0,2,1,8.793839432000027,53.09195660000006,Walle,Utbremen
3886,11,2019,3,4,8,3,5,1,1,1,0,0,0,0,0,0,8.779404524000029,53.06879973500003,Neustadt,Hohentor
3887,11,2019,3,3,7,2,5,3,1,1,0,0,0,0,0,0,8.636815145000071,53.16768196700008,Vegesack,Grohn
3888,11,2019,3,3,16,3,4,6,1,0,0,0,0,0,0,1,8.733846585000038,53.04313804800006,Huchting,Kirchhuchting
3889,11,2019,3,3,9,3,5,3,1,1,0,0,0,0,0,0,8.878300747000026,53.08577939800006,Vahr,Neue Vahr Nord
3890,11,2019,3,3,12,3,5,3,1,1,0,0,0,0,0,0,8.851135011000054,53.085201909000034,Schwachhausen,Radio Bremen
3891,11,2019,3,3,8,3,5,3,1,1,0,0,0,0,0,0,8.896353145000035,53.07925830700003,Vahr,Neue Vahr Südost
3892,12,2019,3,2,15,2,5,2,1,1,0,0,0,0,0,0,8.595877163000068,53.55179167400007,Geestemünde,Geestemünde-Nord
3893,11,2019,3,2,17,3,5,7,1,1,0,0,0,0,0,0,8.87321715400003,53.08476737200005,Schwachhausen,Radio Bremen
3894,11,2019,3,2,9,3,5,3,1,1,0,0,0,0,0,1,8.796122983000032,53.08127303500004,Mitte,Altstadt
3895,11,2019,3,1,16,3,5,2,1,1,0,0,0,0,0,0,8.611719796000045,53.175119048000056,Vegesack,Vegesack
3896,11,2019,3,6,11,3,6,4,1,0,1,0,0,0,0,0,8.952382955000076,53.06335850700003,Osterholz,Tenever
3897,12,2019,3,5,6,3,4,2,1,1,0,0,0,0,2,0,8.591277431000037,53.55900317900006,Lehe (BHV),Klushof
3898,11,2019,3,5,11,2,6,4,1,0,1,0,0,0,0,0,8.801137139000048,53.06827009400007,Neustadt,Südervorstadt
3899,11,2019,3,5,16,3,1,6,1,0,0,0,0,1,0,0,8.828916693000053,53.07215225400006,Östliche Vorstadt,Steintor
3900,11,2019,3,5,17,3,5,2,1,1,0,0,0,0,0,0,8.875422890000038,53.06189711200005,Hemelingen,Hastedt
3901,11,2019,3,5,13,3,0,3,1,1,0,0,0,0,0,0,8.79120201400002,53.09157085500004,Walle,Utbremen
3902,11,2019,3,5,12,3,5,3,1,1,0,0,0,0,0,0,8.880250075000049,53.10173055200005,Horn-Lehe,Lehe
3903,11,2019,3,4,15,3,4,2,1,1,0,0,0,0,0,0,8.791210311000043,53.09157547600006,Walle,Utbremen
3904,11,2019,3,3,8,3,5,3,1,0,0,0,0,0,0,0,8.823583858000063,53.07182083300006,Östliche Vorstadt,Steintor
3905,11,2019,3,3,17,3,3,3,1,1,0,0,0,0,0,0,8.806860830000062,53.060433715000045,Neustadt,Huckelriede
3906,11,2019,3,2,13,3,5,3,1,0,0,0,0,1,0,1,8.79360461500005,53.06642130900008,Neustadt,Neustadt
3907,11,2019,3,2,14,3,0,7,1,0,0,0,0,0,0,1,8.811046709000038,53.08165141200004,Mitte,Bahnhofsvorstadt
3908,11,2019,3,6,17,3,0,7,1,1,0,0,0,0,0,0,8.815649189000055,53.07952631500007,Mitte,Bahnhofsvorstadt
3909,11,2019,3,6,15,2,5,2,1,1,0,0,0,0,0,1,8.806373743000051,53.073534118000055,Mitte,Altstadt
3910,12,2019,3,5,22,3,0,7,1,0,0,0,0,0,2,1,8.603206991000036,53.55804899000003,Lehe (BHV),Buschkämpen
3911,12,2019,3,5,16,3,5,3,1,1,0,0,0,0,0,1,8.561950892000027,53.56845218300003,Häfen (BHV),Stadtbremisches Überseehafengebiet Bremerhaven
3912,11,2019,3,5,10,3,5,3,1,1,0,0,0,0,0,1,8.852364414000021,53.07367069300005,Östliche Vorstadt,Hulsberg
3913,11,2019,3,5,9,3,5,2,1,1,0,0,0,0,0,1,8.722454132000053,53.056868629000064,Huchting,Mittelshuchting
3914,11,2019,3,4,14,3,5,3,1,1,0,0,0,0,0,1,8.790156744000058,53.09201294400003,Walle,Westend
3915,11,2019,3,4,9,3,5,2,1,1,0,0,0,0,0,1,8.827758661000075,53.08303376400005,Schwachhausen,Bürgerpark
3916,11,2019,3,4,14,3,3,2,1,0,0,0,1,0,0,1,8.792807265000022,53.06908610600004,Neustadt,Neustadt
3917,12,2019,3,3,15,3,5,7,1,1,0,0,0,0,0,1,8.594159662000038,53.56929048800004,Lehe (BHV),Klushof
3918,12,2019,3,3,14,3,5,3,1,1,0,0,0,0,0,0,8.601939019000042,53.57027328600003,Lehe (BHV),Schierholz
3919,11,2019,3,3,18,3,0,7,1,0,0,0,0,1,0,0,8.929476038000075,53.06583107200004,Osterholz,Ellener Feld
3920,12,2019,4,5,9,3,5,3,1,1,0,0,0,0,0,0,8.590986933000067,53.54138936000004,Geestemünde,Geestemünde-Nord
3921,11,2019,3,3,9,3,5,2,1,1,0,0,0,0,0,1,8.825117933000058,53.08447593100004,Schwachhausen,Bürgerpark
3922,11,2019,4,5,17,3,0,7,1,1,0,0,0,0,0,0,8.899066186000027,53.12975042600005,Unbekannt,Borgfeld
3923,11,2019,4,5,9,3,5,2,1,1,0,0,0,0,0,0,8.785606725000036,53.07489549300004,Neustadt,Hohentor
3924,11,2019,4,5,12,3,1,5,1,1,0,0,0,0,0,0,8.841597792000073,53.08575567700007,Schwachhausen,Schwachhausen
3925,11,2019,4,5,15,3,5,3,1,1,0,0,0,0,0,0,8.758024774000035,53.058176822000064,Huchting,Grolland
3926,11,2019,3,2,13,3,4,6,1,0,0,0,0,0,0,1,8.842464671000073,53.08875583400004,Schwachhausen,Neu-Schwachhausen
3927,11,2019,3,1,18,3,5,3,1,1,0,0,0,0,2,1,8.837122007000062,53.082601984000064,Schwachhausen,Schwachhausen
3928,11,2019,3,6,8,3,5,3,1,1,0,0,0,0,0,1,8.735646952000025,53.04430909200005,Huchting,Kirchhuchting
3929,11,2019,4,5,6,2,0,3,1,1,0,0,0,0,0,0,8.84573288100006,53.03311991000004,Obervieland,Arsten
3930,11,2019,3,5,17,3,5,3,1,1,0,0,0,0,0,0,8.84120867300004,53.03540655200004,Obervieland,Arsten
3931,11,2019,4,5,15,3,1,5,1,0,0,0,0,1,0,0,8.82069866300003,53.07269939100007,Mitte,Ostertor
3932,11,2019,3,5,9,2,0,7,1,0,0,0,0,0,0,1,8.827726313000028,53.07254049200003,Östliche Vorstadt,Steintor
3933,11,2019,3,5,14,3,5,3,1,1,0,0,0,0,0,0,8.862264969000023,53.102823123000064,Horn-Lehe,Lehe
3934,11,2019,3,4,7,3,5,3,1,1,0,0,0,0,0,0,8.880223538000052,53.07190454100004,Vahr,Gartenstadt Vahr
3935,11,2019,4,4,13,3,0,7,1,0,0,0,0,0,0,0,8.832115109000028,53.09257207500008,Schwachhausen,Neu-Schwachhausen
3936,11,2019,3,4,8,3,5,3,1,1,0,0,0,0,0,0,8.87071960700007,53.09589805500008,Horn-Lehe,Horn
3937,11,2019,3,4,5,3,5,3,1,1,0,0,0,0,2,1,8.711754670000062,53.17361571400005,Burglesum,Burgdamm
3938,11,2019,4,4,8,3,5,3,1,1,0,0,0,0,0,0,8.781728866000037,53.08614298900005,Walle,Überseestadt
3939,11,2019,4,4,10,3,3,7,1,1,0,0,0,0,0,0,8.875674336000031,53.06616291400008,Hemelingen,Hastedt
3940,11,2019,3,4,15,3,5,3,1,0,0,1,0,0,0,1,8.942575623000039,53.057299811000064,Osterholz,Osterholz
3941,11,2019,3,3,13,3,5,3,1,1,0,0,0,0,0,0,8.753544322000039,53.08776268700007,Woltmershausen,Rablinghausen
3942,11,2019,4,3,8,3,5,2,1,1,0,0,0,0,0,0,8.777578568000024,53.08963763000003,Walle,Überseestadt
3943,11,2019,4,3,8,3,0,7,1,0,0,0,0,0,0,0,8.827602759000058,53.078333059000045,Östliche Vorstadt,Fesenfeld
3944,11,2019,3,2,17,3,5,2,1,1,0,0,0,0,0,1,8.880476200000032,53.10160724800005,Horn-Lehe,Lehe
3945,11,2019,4,3,12,2,0,1,1,0,0,0,0,0,0,0,8.744717947000026,53.12274588300005,Häfen,Industriehäfen
3946,11,2019,3,2,14,3,5,3,1,1,0,0,0,0,0,1,8.80641294000003,53.07877113800004,Mitte,Altstadt
3947,11,2019,5,1,6,3,0,7,1,0,0,0,0,0,2,0,8.802196438000067,53.06761024700006,Neustadt,Buntentor
3948,12,2019,5,7,13,3,5,3,1,0,0,0,0,1,0,0,8.585206099000061,53.55742468500006,Lehe (BHV),Klushof
3949,12,2019,5,6,11,3,5,2,1,1,0,0,0,0,0,0,8.59617393000002,53.57220269700008,Lehe (BHV),Eckernfeld
3950,11,2019,5,6,11,2,5,3,1,1,0,0,0,0,0,0,8.736745144000054,53.14245129200003,Gröpelingen,Oslebshausen
3951,11,2019,5,6,6,3,5,2,1,1,0,0,0,0,0,0,8.82514653100003,53.08450052200004,Schwachhausen,Bürgerpark
3952,11,2019,5,6,12,3,3,2,1,0,0,0,1,0,0,0,8.778742356000066,53.06467612500006,Neustadt,Neuenland
3953,11,2019,5,6,10,3,5,2,1,1,0,0,0,0,0,0,8.80418388000004,53.07237431100003,Neustadt,Alte Neustadt
3954,12,2019,5,5,18,3,5,2,1,1,0,0,0,0,0,0,8.588147592000041,53.53601667600003,Geestemünde,Geestemünde-Nord
3955,12,2019,5,5,11,3,5,3,1,1,0,0,0,0,0,0,8.59975836500007,53.49197893500008,Wulsdorf,Jedutenberg
3956,11,2019,5,5,7,3,5,2,1,1,0,0,0,0,0,0,8.825327474000062,53.04358604300006,Obervieland,Kattenturm
3957,11,2019,5,5,9,3,5,3,1,0,0,0,1,0,0,0,8.786398346000055,53.07454861600007,Neustadt,Hohentor
3958,11,2019,5,5,7,3,3,6,1,0,0,0,0,0,0,0,8.855404348000036,53.08441669700005,Schwachhausen,Radio Bremen
3959,11,2019,5,5,15,3,5,3,1,1,0,0,0,0,0,0,8.779999662000023,53.09327346400005,Walle,Steffensweg
3960,12,2019,5,4,21,3,0,7,1,0,0,0,0,0,1,0,8.592030089000048,53.52685001900005,Geestemünde,Geestendorf
3961,12,2019,5,4,6,2,5,3,1,1,0,0,0,0,0,0,8.608249243000046,53.59780356700003,Leherheide,Königsheide
3962,11,2019,5,4,19,3,5,2,1,1,0,0,0,0,0,0,8.860868139000047,53.06339875400005,Hemelingen,Hastedt
3963,11,2019,5,4,8,3,5,3,1,1,0,0,0,0,0,1,8.821770491000052,53.08420387400008,Schwachhausen,Barkhof
3964,11,2019,5,4,18,3,6,4,1,0,1,0,0,0,0,0,8.572996999000054,53.18146580300004,Blumenthal,Blumenthal
3965,12,2019,5,3,7,3,5,3,1,1,0,0,0,0,0,0,8.585177901000066,53.55761132300006,Lehe (BHV),Goethestrasse
3966,11,2019,5,3,7,3,5,2,1,0,0,0,0,1,0,1,8.757824331000052,53.05812947800007,Huchting,Grolland
3967,11,2019,5,2,10,3,5,3,1,1,0,0,0,0,0,0,8.791064257000073,53.09150090300005,Walle,Utbremen
3968,11,2019,5,1,12,3,1,5,1,1,0,0,0,0,0,0,8.861018546000025,53.06649207700008,Hemelingen,Hastedt
3969,11,2019,5,7,10,3,1,5,1,1,0,0,0,0,0,0,8.941492544000027,53.07052720800005,Osterholz,Ellenerbrok-Schevemoor
3970,11,2019,5,7,23,3,0,1,1,0,0,0,0,0,1,0,8.787781197000072,53.07382236000007,Neustadt,Hohentor
3971,11,2019,5,7,17,3,0,7,1,0,1,0,0,0,0,0,8.57120812100004,53.18395439700004,Blumenthal,Blumenthal
3972,11,2019,5,7,23,2,0,1,1,0,0,0,0,0,2,0,8.782712523000043,53.12325466800007,Walle,Hohweg
3973,11,2019,5,7,18,3,3,6,1,0,0,0,0,1,0,0,8.88558481800004,53.05680032800007,Hemelingen,Hemelingen
3974,12,2019,5,6,16,3,5,3,1,1,0,0,0,0,0,0,8.580445014000077,53.55413615800006,Lehe (BHV),Goethestrasse
3975,11,2019,5,6,7,2,5,3,1,1,0,0,0,0,0,1,8.794906164000054,53.09397803300004,Walle,Westend
3976,11,2019,5,6,15,3,1,5,1,1,0,0,0,0,0,0,8.810673878000046,53.08051541200007,Mitte,Bahnhofsvorstadt
3977,11,2019,5,6,14,3,5,3,1,1,0,0,0,0,0,0,8.879935033000038,53.072206323000046,Vahr,Gartenstadt Vahr
3978,11,2019,5,6,13,3,5,3,1,0,0,0,0,1,0,0,8.82441543300007,53.08442667000003,Schwachhausen,Barkhof
3979,11,2019,5,5,7,3,5,3,1,1,0,0,0,0,0,0,8.951862875000074,53.07265284900007,Osterholz,Tenever
3980,11,2019,5,5,15,3,1,5,1,1,0,0,0,0,0,1,8.709615991000021,53.17536957900006,Burglesum,Burgdamm
3981,12,2019,5,4,14,3,1,5,1,1,0,0,0,0,0,0,8.580575053000075,53.55086483700006,Lehe (BHV),Klushof
3982,12,2019,5,4,20,3,5,3,1,1,0,0,0,0,0,0,8.611684978000028,53.58747540100006,Leherheide,Leherheide-West
3983,11,2019,5,4,9,3,5,3,1,1,0,0,0,0,0,0,8.740605876000075,53.12780104700005,Gröpelingen,Oslebshausen
3984,11,2019,5,4,17,3,5,3,1,1,0,0,0,0,0,0,8.886768128000028,53.10067324500005,Horn-Lehe,Lehesterdeich
3985,11,2019,5,4,17,3,1,7,1,0,0,0,0,1,0,0,8.82390041900004,53.07093195900006,Mitte,Ostertor
3986,11,2019,5,3,18,3,0,1,1,0,0,0,0,0,0,0,8.807046852000042,53.07518031500007,Mitte,Altstadt
3987,11,2019,5,3,18,3,2,6,1,1,0,1,0,0,0,0,8.715630876000034,53.05421861700006,Huchting,Mittelshuchting
3988,11,2019,5,3,16,3,5,3,1,1,0,0,0,0,0,0,8.804631149000045,53.08578731500006,Mitte,Bahnhofsvorstadt
3989,11,2019,5,3,17,3,5,2,1,1,0,0,0,0,0,0,8.58456400800003,53.18143901700006,Blumenthal,Blumenthal
3990,11,2019,4,7,22,3,5,2,1,1,0,0,0,0,2,0,8.78974575500007,53.07146382000008,Neustadt,Hohentor
3991,11,2019,4,7,15,3,1,5,1,1,0,0,0,0,0,0,8.893797051000035,53.06669443900006,Hemelingen,Sebaldsbrück
3992,11,2019,4,7,11,2,4,6,1,0,0,0,0,0,0,0,8.821472141000072,53.07912046600006,Mitte,Ostertor
3993,11,2019,4,7,12,3,0,7,1,0,0,0,0,0,0,0,8.832001741000056,53.071051726000064,Östliche Vorstadt,Steintor
3994,11,2019,4,1,15,3,0,1,1,0,0,0,0,0,0,0,8.781803040000057,53.08753703300005,Walle,Überseestadt
3995,11,2019,5,2,9,3,5,3,1,0,0,0,0,0,0,0,8.804456208000033,53.07549639000007,Mitte,Altstadt
3996,11,2019,5,2,16,3,5,2,1,1,0,0,0,0,0,0,8.744443162000039,53.13023110200004,Gröpelingen,Oslebshausen
3997,11,2019,5,2,18,3,5,3,1,1,0,0,0,0,0,0,8.758442046000027,53.05709636700004,Huchting,Grolland
3998,11,2019,5,2,15,3,5,3,1,1,0,0,0,0,0,0,8.798822510000036,53.06583985300006,Neustadt,Buntentor
3999,11,2019,5,2,7,3,5,2,1,1,0,0,0,0,0,0,8.821454860000074,53.03750184000006,Obervieland,Kattenturm
4000,11,2019,5,2,17,3,5,2,1,1,0,0,0,0,0,0,8.737046857000053,53.07972006600005,Häfen,Neustädter Hafen
4001,11,2019,5,2,19,3,5,3,1,1,0,0,0,0,1,0,8.892072202000065,53.04796758400005,Hemelingen,Hemelingen
4002,11,2019,5,2,16,3,5,2,1,1,0,0,0,0,0,0,8.882070025000075,53.07909759200004,Vahr,Neue Vahr Südwest
4003,12,2019,5,1,10,3,8,1,1,0,0,0,0,0,0,0,8.568695651000041,53.58759783300008,Lehe (BHV),Speckenbüttel
4004,11,2019,5,7,15,3,4,6,1,0,0,0,0,0,0,0,8.867925462000073,53.061427939000055,Hemelingen,Hastedt
4005,11,2019,5,7,10,3,5,3,1,1,0,0,0,0,0,0,8.831644932000074,53.08112389400003,Schwachhausen,Gete
4006,11,2019,5,7,1,3,0,7,1,0,0,0,0,0,2,0,8.854550164000045,53.08259891000006,Schwachhausen,Radio Bremen
4007,11,2019,5,6,14,3,5,3,1,1,0,0,0,0,0,0,8.843485784000052,53.08367226300004,Schwachhausen,Gete
4008,11,2019,5,6,14,3,5,3,1,1,0,0,0,0,0,0,8.84958074800005,53.08524988600004,Schwachhausen,Schwachhausen
4009,12,2019,5,5,5,3,5,3,1,1,0,0,0,0,0,1,8.566138593000062,53.56036478500005,Mitte (BHV),Mitte-Nord
4010,12,2019,5,5,11,3,5,3,1,0,0,0,0,1,0,0,8.597963481000022,53.58606821300003,Leherheide,Königsheide
4011,11,2019,5,5,12,3,0,7,1,1,0,0,0,0,0,0,8.637199163000048,53.18739084500004,Vegesack,Unbekannt
4012,11,2019,5,5,15,3,0,7,1,0,0,0,0,0,0,0,8.787374009000075,53.074058852000064,Neustadt,Alte Neustadt