,UKREIS,UJAHR,UMONAT,UWOCHENTAG,USTUNDE,UKATEGORIE,UART,UTYP1,IstRad,IstPKW,IstFuss,IstKrad,IstGkfz,IstSonstig,ULICHTVERH,STRZUSTAND,longitude,latitude,Stadtteil,Ortsteil
4013,11,2019,5,5,7,3,5,3,1,1,0,0,0,0,0,1,8.819654458000059,53.03830984500007,Obervieland,Kattenturm
4014,11,2019,5,5,7,3,0,7,1,0,1,0,0,0,0,1,8.795775438000021,53.077098515000046,Neustadt,Alte Neustadt
4015,11,2019,5,5,7,3,5,2,1,1,0,0,0,0,0,0,8.906290830000046,53.05958598000007,Hemelingen,Sebaldsbrück
4016,11,2019,5,5,19,3,5,2,1,1,0,0,0,0,0,0,8.80865906300005,53.082882030000064,Mitte,Bahnhofsvorstadt
4017,12,2019,5,4,7,2,5,2,1,1,0,0,0,0,0,0,8.608728448000022,53.58970144400007,Leherheide,Königsheide
4018,11,2019,5,4,18,3,5,2,1,1,0,0,0,0,1,0,8.76843434400007,53.09401494100007,Walle,Überseestadt
4019,11,2019,5,4,6,3,5,3,1,1,0,0,0,0,1,0,8.763546490000067,53.10892873200004,Gröpelingen,Lindenhof
4020,11,2019,5,4,9,3,6,4,1,0,1,0,0,0,0,0,8.82057016300007,53.050843144000055,Neustadt,Huckelriede
4021,11,2019,5,4,7,3,5,3,1,0,0,0,1,0,0,0,8.901498075000063,53.05942898600006,Hemelingen,Sebaldsbrück
4022,11,2019,5,3,19,3,5,3,1,1,0,0,0,0,0,0,8.785258708000072,53.08441333000008,Walle,Überseestadt
4023,11,2019,5,3,23,3,0,7,1,0,0,0,0,0,2,0,8.592263177000063,53.18311298400005,Blumenthal,Blumenthal
4024,11,2019,5,3,16,3,4,2,1,1,0,0,0,0,0,0,8.791802333000021,53.06159969300006,Neustadt,Gartenstadt Süd
4025,11,2019,5,3,6,3,5,3,1,1,0,0,0,0,0,1,8.964331925000067,53.063194991000046,Osterholz,Tenever
4026,12,2019,5,2,7,3,5,3,1,1,0,0,0,0,0,1,8.604539394000028,53.57746861800007,Lehe (BHV),Schierholz
4027,11,2019,5,2,9,3,5,3,1,1,0,0,0,0,0,0,8.870179145000066,53.06399433400003,Hemelingen,Hastedt
4028,11,2019,5,2,9,3,5,3,1,1,0,0,0,0,0,1,8.57809338800007,53.20647575900006,Blumenthal,Lüssum-Bockhorn
4029,11,2019,5,2,17,3,5,3,1,1,0,0,0,0,0,1,8.897450629000048,53.05857905400006,Hemelingen,Sebaldsbrück
4030,11,2019,5,1,11,3,1,5,1,1,0,0,0,0,0,1,8.80075094700004,53.09734300700006,Findorff,Regensburger Str.
4031,11,2019,5,1,10,3,5,3,1,1,0,0,0,0,0,0,8.81837321100005,53.07742415200005,Mitte,Ostertor
4032,11,2019,5,1,19,3,5,3,1,1,0,0,0,0,0,0,8.686122133000026,53.17283439900007,Burglesum,Lesum
4033,12,2019,5,6,17,2,5,3,1,1,0,0,0,0,0,0,8.588112246000037,53.53438329600005,Geestemünde,Geestendorf
4034,11,2019,5,6,15,3,5,3,1,1,0,0,0,0,0,0,8.855679187000021,53.06961289200007,Östliche Vorstadt,Peterswerder
4035,11,2019,5,6,7,3,5,3,1,1,0,0,0,0,0,0,8.619924260000062,53.17297216000003,Vegesack,Vegesack
4036,11,2019,5,6,14,3,6,4,1,0,1,0,0,0,0,0,8.846525280000037,53.10609104900004,Horn-Lehe,Lehe
4037,11,2019,5,6,9,3,5,3,1,1,0,0,0,0,0,0,8.81418241700004,53.08523081000004,Findorff,Findorff-Bürgerweide
4038,11,2019,5,5,2,3,0,7,1,0,0,0,0,0,2,0,8.810652386000072,53.08062515200004,Mitte,Bahnhofsvorstadt
4039,11,2019,5,5,11,3,5,3,1,0,0,0,0,0,0,0,8.854737596000064,53.076446962000034,Schwachhausen,Gete
4040,11,2019,5,4,17,3,6,4,1,0,1,0,0,0,0,0,8.794595811000022,53.06698444800003,Neustadt,Neustadt
4041,11,2019,4,6,20,3,1,5,1,1,0,0,0,0,2,0,8.823598368000034,53.071779047000064,Östliche Vorstadt,Steintor
4042,11,2019,5,4,9,3,1,5,1,1,0,0,0,0,0,0,8.811361562000059,53.08020742600007,Mitte,Bahnhofsvorstadt
4043,11,2019,5,4,14,3,5,3,1,1,0,0,0,0,0,0,8.740011849000041,53.05140554700006,Huchting,Kirchhuchting
4044,11,2019,5,4,5,3,1,7,1,1,0,0,0,0,1,0,8.871839660000035,53.098372880000056,Horn-Lehe,Lehe
4045,11,2019,4,3,15,3,5,2,1,1,0,0,0,0,0,0,8.693999482000038,53.18061705200006,Burglesum,Lesum
4046,11,2019,4,3,15,3,5,2,1,1,0,0,0,0,0,0,8.786200087000054,53.103058358000055,Walle,Walle
4047,11,2019,4,3,14,3,0,6,1,0,0,0,0,0,0,0,8.882052237000039,53.10329480000007,Horn-Lehe,Lehesterdeich
4048,11,2019,4,3,14,3,3,6,1,1,0,0,0,0,0,0,8.864135262000048,53.10255054900006,Horn-Lehe,Lehe
4049,11,2019,4,2,14,3,3,2,1,0,0,0,0,1,0,1,8.788437257000055,53.09395658200003,Walle,Westend
4050,11,2019,4,2,15,3,3,6,1,1,0,0,0,0,0,0,8.731375403000072,53.13087628400007,Gröpelingen,Oslebshausen
4051,11,2019,4,2,16,3,4,6,1,0,0,0,0,0,0,0,8.881989608000026,53.07554024700005,Vahr,Neue Vahr Südwest
4052,11,2019,4,2,12,3,5,3,1,1,0,0,0,0,0,1,8.828396304000023,53.08776073200005,Schwachhausen,Bürgerpark
4053,11,2019,4,7,18,2,0,1,1,0,0,0,0,0,0,0,8.620184618000053,53.17075180300003,Vegesack,Vegesack
4054,11,2019,4,6,19,3,6,4,1,0,1,0,0,0,1,1,8.847070808000069,53.08481534400005,Schwachhausen,Gete
4055,11,2019,4,6,19,3,5,3,1,1,0,0,0,0,0,0,8.951138425000067,53.06220462500005,Osterholz,Tenever
4056,11,2019,4,1,14,3,0,7,1,0,0,0,0,0,0,0,8.704239703000042,53.15675900900004,Burglesum,Burg-Grambke
4057,11,2019,4,6,14,3,5,3,1,1,0,0,0,0,0,1,8.93061728300006,53.03857947100005,Hemelingen,Arbergen
4058,11,2019,4,6,12,3,0,3,1,1,0,0,0,0,0,1,8.78833865100006,53.06305838600008,Neustadt,Neustadt
4059,11,2019,4,5,5,3,3,6,1,0,0,0,0,1,1,1,8.969900779000056,53.042747045000056,Hemelingen,Mahndorf
4060,11,2019,4,5,7,3,5,3,1,1,0,0,0,0,0,0,8.764604490000067,53.08301605500003,Woltmershausen,Woltmershausen
4061,11,2019,4,5,16,3,5,2,1,1,0,0,0,0,0,0,8.78753788900002,53.09957151700007,Walle,Westend
4062,11,2019,4,5,17,3,5,3,1,0,0,0,0,0,0,0,8.84713355200006,53.08700698500007,Schwachhausen,Riensberg
4063,11,2019,4,5,9,3,5,3,1,1,0,0,0,0,0,0,8.754086141000073,53.12198080500008,Gröpelingen,Ohlenhof
4064,11,2019,4,5,8,3,5,3,1,1,0,0,0,0,0,0,8.824882498000022,53.08418254300005,Schwachhausen,Barkhof
4065,11,2019,4,4,5,3,7,7,1,0,0,0,0,0,2,0,8.741337016000045,53.07932613600008,Unbekannt,Strom
4066,11,2019,4,4,18,3,1,5,1,1,0,0,0,0,0,0,8.789052609000066,53.06900043100006,Neustadt,Neustadt
4067,11,2019,4,4,19,3,4,6,1,0,0,0,0,0,0,0,8.805267245000039,53.08102369900007,Mitte,Bahnhofsvorstadt
4068,12,2019,4,3,17,3,5,3,1,1,0,0,0,0,0,0,8.583527609000043,53.58680219600007,Lehe (BHV),Speckenbüttel
4069,11,2019,4,3,13,3,3,3,1,1,0,0,0,0,0,0,8.75392230600005,53.12040746500003,Gröpelingen,Ohlenhof
4070,11,2019,4,3,19,2,5,3,1,1,0,0,0,0,1,0,8.83716054100006,53.07176794900005,Östliche Vorstadt,Peterswerder
4071,11,2019,4,3,9,3,3,2,1,1,0,0,0,0,0,0,8.824398771000062,53.08442465100006,Schwachhausen,Barkhof
4072,11,2019,4,2,21,2,6,4,1,1,1,0,0,0,0,0,8.79265839900006,53.06572909900007,Neustadt,Neustadt
4073,11,2019,4,2,17,3,5,3,1,0,0,0,0,1,0,0,8.881553792000034,53.05942032400003,Hemelingen,Hemelingen
4074,11,2019,4,1,16,3,1,7,1,1,0,0,0,0,0,0,8.954937733000065,53.06646476500004,Osterholz,Tenever
4075,11,2019,4,6,22,3,6,4,1,1,1,0,0,0,2,0,8.799814323000021,53.07037808100006,Neustadt,Alte Neustadt
4076,11,2019,4,7,12,3,5,3,1,1,0,0,0,0,0,0,8.955920719000062,53.04658589500008,Osterholz,Osterholz
4077,11,2019,7,3,6,3,5,3,1,1,0,0,0,0,0,0,8.730107480000072,53.03401440400006,Unbekannt,Unbekannt
4078,11,2019,7,2,6,3,5,3,1,1,0,0,0,0,0,0,8.918736938000052,53.04119158300006,Hemelingen,Arbergen
4079,11,2019,7,2,18,3,3,6,1,0,0,0,0,0,0,0,8.803830822000066,53.08029899200005,Mitte,Altstadt
4080,11,2019,7,2,11,3,0,2,1,1,0,0,0,0,0,0,8.931690458000048,53.06220031200007,Osterholz,Ellenerbrok-Schevemoor
4081,11,2019,7,2,7,3,5,2,1,0,0,0,0,1,0,0,8.786398346000055,53.07454861600007,Neustadt,Hohentor
4082,11,2019,7,2,9,3,1,3,1,0,0,0,0,0,0,0,8.870304824000073,53.06488049600006,Hemelingen,Hastedt
4083,11,2019,7,2,12,3,6,4,1,0,1,0,0,0,0,0,8.846502881000049,53.071590797000056,Östliche Vorstadt,Peterswerder
4084,12,2019,6,1,14,3,5,3,1,1,0,0,0,0,0,0,8.595104305000064,53.56563836500004,Lehe (BHV),Klushof
4085,12,2019,6,1,9,3,4,2,1,1,0,0,0,0,0,0,8.607601687000056,53.53528091000004,Geestemünde,Bürgerpark (BHV)
4086,11,2019,6,7,21,3,0,1,1,0,0,0,0,0,0,0,8.90633063000007,53.07136296700003,Hemelingen,Sebaldsbrück
4087,12,2019,6,6,11,3,5,3,1,1,0,0,0,0,0,0,8.599557310000023,53.53021613000004,Geestemünde,Geestendorf
4088,11,2019,6,6,13,3,7,7,1,0,0,0,0,0,0,0,8.817237379000062,53.07001660100008,Mitte,Ostertor
4089,11,2019,6,6,13,3,3,3,1,0,0,0,0,1,0,0,8.824542407000024,53.08418728100003,Schwachhausen,Barkhof
4090,11,2019,6,6,15,3,5,3,1,1,0,0,0,0,0,0,8.879747357000042,53.11256830700006,Horn-Lehe,Lehesterdeich
4091,11,2019,6,6,9,3,0,7,1,0,0,0,0,0,0,0,8.57796669000004,53.18159824500003,Blumenthal,Blumenthal
4092,11,2019,6,6,17,3,5,3,1,1,0,0,0,0,0,0,8.896271833000071,53.118530545000056,Horn-Lehe,Lehesterdeich
4093,11,2019,6,6,13,3,5,3,1,0,0,0,1,0,0,0,8.853841506000037,53.08237060100004,Schwachhausen,Gete
4094,11,2019,6,5,18,3,5,2,1,1,0,0,0,0,0,0,8.80849962000002,53.08804321700006,Findorff,Findorff-Bürgerweide
4095,11,2019,6,5,13,3,0,3,1,0,0,0,0,1,0,0,8.88748470400003,53.05054141100004,Hemelingen,Hemelingen
4096,12,2019,6,4,16,3,5,3,1,1,0,0,0,0,0,0,8.602531016000057,53.50941562600008,Wulsdorf,Dreibergen
4097,11,2019,6,4,13,3,5,2,1,1,0,0,0,0,0,0,8.919916615000034,53.07339919200007,Osterholz,Blockdiek
4098,11,2019,6,4,14,2,5,2,1,0,0,0,0,1,0,0,8.771743920000063,53.079250296000055,Woltmershausen,Woltmershausen
4099,11,2019,6,4,12,3,5,3,1,1,0,0,0,0,0,0,8.804354355000044,53.07252620600008,Mitte,Altstadt
4100,11,2019,6,4,14,3,5,2,1,1,0,0,0,0,0,0,8.809216402000061,53.078852049000034,Mitte,Altstadt
4101,11,2019,6,4,11,3,5,3,1,1,0,0,0,0,0,0,8.893566448000058,53.09839499700007,Horn-Lehe,Lehesterdeich
4102,12,2019,6,3,7,3,5,3,1,0,0,0,0,1,0,0,8.597734335000041,53.53410970600004,Geestemünde,Geestendorf
4103,11,2019,6,3,13,3,4,6,1,0,0,0,0,0,0,0,8.752817313000037,53.08934986700007,Woltmershausen,Rablinghausen
4104,11,2019,6,3,15,3,5,2,1,1,0,0,0,0,0,0,8.875976800000046,53.08213294600006,Vahr,Neue Vahr Südwest
4105,11,2019,6,3,21,3,0,2,1,1,0,0,0,0,1,0,8.835290351000026,53.06290929200003,Obervieland,Habenhausen
4106,11,2019,6,3,11,3,5,2,1,1,0,0,0,0,0,0,8.832749008000064,53.07747282100007,Östliche Vorstadt,Fesenfeld
4107,11,2019,6,3,15,3,5,2,1,1,0,0,0,0,0,0,8.939977286000044,53.080352094000034,Oberneuland,Unbekannt
4108,12,2019,6,2,16,3,0,1,1,0,0,0,0,0,0,0,8.552164748000052,53.57943065900008,Häfen (BHV),Stadtbremisches Überseehafengebiet Bremerhaven
4109,11,2019,6,2,15,3,5,3,1,1,0,0,0,0,0,0,8.791787916000033,53.09091799400005,Walle,Utbremen
4110,11,2019,6,2,14,3,2,6,1,1,0,0,0,0,0,0,8.808275868000067,53.094627985000045,Findorff,Weidedamm
4111,11,2019,6,2,14,3,1,5,1,1,0,0,0,0,0,0,8.81047010900005,53.08377760500008,Mitte,Bahnhofsvorstadt
4112,11,2019,6,2,7,3,6,4,1,0,1,0,0,0,0,0,8.908266385000047,53.03987510800005,Hemelingen,Arbergen
4113,11,2019,6,2,20,2,0,6,1,0,0,1,0,0,0,0,8.829650564000076,53.07186444400003,Östliche Vorstadt,Steintor
4114,11,2019,6,2,9,3,0,1,1,1,0,0,0,0,0,0,8.810412445000054,53.09258351100004,Findorff,Findorff-Bürgerweide
4115,11,2019,6,7,10,3,5,3,1,0,0,0,0,1,0,0,8.88747795300003,53.06228803500005,Hemelingen,Sebaldsbrück
4116,11,2019,6,7,15,3,0,1,1,0,0,0,0,0,0,0,8.585063085000058,53.18118524000005,Blumenthal,Blumenthal
4117,11,2019,6,7,17,3,5,3,1,1,0,0,0,0,0,0,8.722124509000025,53.15875509600005,Burglesum,Burg-Grambke
4118,11,2019,6,7,16,2,3,6,1,0,0,0,0,0,0,0,8.848184278000076,53.14253033800003,Unbekannt,Blockland
4119,11,2019,6,6,16,3,5,3,1,1,0,0,0,0,0,0,8.735002136000048,53.13227154500004,Gröpelingen,Oslebshausen
4120,11,2019,6,6,14,3,5,3,1,1,0,0,0,0,0,0,8.819495880000034,53.04864911200008,Neustadt,Huckelriede
4121,11,2019,6,6,16,3,0,7,1,0,0,0,0,1,0,0,8.803629009000076,53.08239799300003,Mitte,Bahnhofsvorstadt
4122,11,2019,6,6,23,3,5,2,1,1,0,0,0,0,2,0,8.819595825000022,53.08049201700004,Mitte,Ostertor
4123,11,2019,6,6,5,3,1,1,1,1,0,0,0,0,0,0,8.795682696000028,53.07538404000008,Neustadt,Alte Neustadt
4124,11,2019,6,6,14,3,3,6,1,1,0,0,0,0,0,0,8.803069306000054,53.08451433600004,Mitte,Bahnhofsvorstadt
4125,11,2019,6,5,15,3,4,7,1,1,0,0,0,0,0,0,8.802695505000031,53.08429856300006,Mitte,Bahnhofsvorstadt
4126,11,2019,6,5,12,3,1,1,1,1,0,0,0,0,0,0,8.82975183900004,53.07182788100005,Östliche Vorstadt,Steintor
4127,11,2019,6,5,23,3,0,1,1,0,0,0,0,0,2,1,8.824632845000053,53.06897099800005,Mitte,Ostertor
4128,11,2019,6,5,17,3,1,5,1,1,0,0,0,0,0,0,8.848986444000047,53.06814191200005,Östliche Vorstadt,Peterswerder
4129,11,2019,6,5,7,3,5,3,1,1,0,0,0,0,0,0,8.658359038000071,53.17425820600005,Burglesum,St.Magnus
4130,11,2019,6,5,9,3,5,3,1,1,0,0,0,0,0,0,8.763415423000026,53.11660780100004,Gröpelingen,Gröpelingen
4131,11,2019,6,5,12,3,6,4,1,0,1,0,0,0,0,0,8.801911683000071,53.08497017900004,Mitte,Bahnhofsvorstadt
4132,11,2019,6,4,7,3,5,3,1,1,0,0,0,0,0,0,8.812701467000068,53.08108574100004,Mitte,Bahnhofsvorstadt
4133,11,2019,6,4,16,2,9,7,1,1,0,0,0,0,0,0,8.57488662000003,53.19263460100007,Blumenthal,Blumenthal
4134,11,2019,6,4,14,3,0,2,1,1,0,0,0,0,0,0,8.804024879000053,53.07252157700003,Mitte,Altstadt
4135,11,2019,6,4,10,3,0,7,1,0,0,0,0,1,0,0,8.50923941700006,53.208279195000046,Blumenthal,Rekum
4136,11,2019,6,4,15,3,6,4,1,0,1,0,0,0,0,0,8.796220085000073,53.068043697000064,Neustadt,Neustadt
4137,12,2019,6,3,17,3,5,3,1,1,0,0,0,0,0,0,8.584340110000028,53.57339592500006,Lehe (BHV),Eckernfeld
4138,11,2019,6,3,13,3,1,3,1,1,0,0,0,0,0,0,8.814983962000042,53.08125821200008,Mitte,Bahnhofsvorstadt
4139,11,2019,6,3,8,3,5,3,1,1,0,0,0,0,0,0,8.804201780000028,53.072364744000026,Neustadt,Alte Neustadt
4140,12,2019,6,2,22,3,5,2,1,1,0,0,0,0,2,1,8.580057586000066,53.55026175000006,Mitte (BHV),Mitte-Nord
4141,11,2019,6,2,17,3,4,2,1,1,0,0,0,0,0,0,8.82583285100003,53.07300133900003,Östliche Vorstadt,Steintor
4142,11,2019,6,2,20,3,4,6,1,1,0,0,0,0,0,0,8.854014006000057,53.080770898000026,Schwachhausen,Gete
4143,11,2019,6,2,9,2,6,4,1,0,1,0,0,0,0,0,8.856591478000041,53.08891121400006,Schwachhausen,Riensberg
4144,11,2019,6,2,17,2,0,7,1,0,0,0,0,0,0,0,8.955715928000075,53.07600921000005,Osterholz,Tenever
4145,11,2019,6,2,7,3,5,3,1,1,0,0,0,0,0,0,8.90087191400005,53.08934969900008,Horn-Lehe,Horn
4146,11,2019,6,1,20,3,5,2,1,1,0,0,0,0,0,1,8.85913879100002,53.06370777700005,Hemelingen,Hastedt
4147,11,2019,6,1,18,3,5,3,1,0,0,0,0,0,0,0,8.907114568000054,53.12071200100007,Unbekannt,Borgfeld
4148,11,2019,6,1,16,2,0,7,1,0,0,0,0,1,0,0,8.817621632000055,53.03899253800006,Obervieland,Kattenturm
4149,11,2019,6,1,17,3,5,2,1,1,0,0,0,0,0,0,8.84671078100007,53.09267992100007,Schwachhausen,Neu-Schwachhausen
4150,11,2019,6,1,13,3,0,7,1,0,0,0,0,0,0,0,8.887990543000058,53.066743847000055,Hemelingen,Sebaldsbrück
4151,11,2019,6,7,11,3,0,1,1,0,0,0,0,0,0,0,8.82765090600003,53.072563675000026,Östliche Vorstadt,Steintor
4152,11,2019,6,7,14,3,5,3,1,1,0,0,0,0,0,0,8.818080208000026,53.07772092000005,Mitte,Ostertor
4153,11,2019,6,7,12,3,5,3,1,1,0,0,0,0,0,0,8.818079692000026,53.07772082000008,Mitte,Ostertor
4154,11,2019,6,7,15,3,4,6,1,0,0,0,0,0,0,0,8.809903900000052,53.09569616200008,Findorff,Weidedamm
4155,11,2019,6,7,18,3,5,3,1,1,0,0,0,0,0,0,8.887612458000035,53.05947314700006,Hemelingen,Hemelingen
4156,11,2019,6,6,22,3,1,5,1,0,0,0,0,1,2,0,8.868490090000023,53.09868456800007,Horn-Lehe,Lehe
4157,11,2019,6,6,16,2,0,1,1,0,0,0,0,0,0,0,8.74999357300004,53.12029685700003,Häfen,Industriehäfen
4158,11,2019,6,6,14,3,0,7,1,1,0,0,0,0,0,0,8.796078804000047,53.10295092400003,Walle,Osterfeuerberg
4159,11,2019,6,6,14,3,4,6,1,0,0,0,0,1,0,0,8.840024114000073,53.078679632000046,Schwachhausen,Gete
4160,11,2019,6,6,15,3,0,7,1,1,0,0,0,0,0,0,8.902156088000027,53.10588115000007,Oberneuland,Unbekannt
4161,11,2019,6,6,15,2,5,3,1,0,0,0,0,0,0,0,8.782034932000045,53.09589725600006,Walle,Steffensweg
4162,12,2019,6,5,10,3,5,3,1,1,0,0,0,0,0,0,8.590214177000064,53.534826346000045,Geestemünde,Geestendorf
4163,11,2019,6,5,14,3,0,1,1,0,0,0,0,0,0,0,8.814012233000028,53.073057824000045,Mitte,Altstadt
4164,11,2019,6,5,18,3,5,3,1,0,0,0,1,0,0,0,8.953750661000072,53.03410617100008,Hemelingen,Mahndorf
4165,11,2019,6,5,11,3,1,5,1,1,0,0,0,0,0,0,8.890624459000037,53.11056674000008,Horn-Lehe,Lehesterdeich
4166,12,2019,6,4,16,3,5,3,1,1,0,0,0,0,0,0,8.585222028000032,53.55744481300008,Lehe (BHV),Goethestrasse
4167,11,2019,6,4,15,3,3,2,1,1,0,0,0,0,0,1,8.861637316000042,53.09930055500007,Horn-Lehe,Lehe
4168,11,2019,6,4,15,3,5,2,1,1,0,0,0,0,0,1,8.817054907000056,53.07879685800003,Mitte,Bahnhofsvorstadt
4169,11,2019,6,4,7,3,0,7,1,0,1,0,0,0,0,0,8.58275309000004,53.18220939000008,Blumenthal,Blumenthal
4170,11,2019,6,4,13,3,4,6,1,0,0,0,0,0,0,0,8.899800991000063,53.03844489100004,Hemelingen,Hemelingen
4171,11,2019,6,3,18,3,5,2,1,1,0,0,0,0,0,0,8.823595219000026,53.07689189200005,Mitte,Ostertor
4172,11,2019,6,3,17,3,5,3,1,1,0,0,0,0,0,0,8.789263259000052,53.09730517700007,Walle,Westend
4173,11,2019,6,3,8,3,5,3,1,1,0,0,0,0,0,1,8.731051150000042,53.13526559600007,Gröpelingen,Oslebshausen
4174,11,2019,6,2,18,3,0,7,1,0,0,0,0,0,0,0,8.817148480000071,53.08358718800008,Schwachhausen,Barkhof
4175,11,2019,6,2,20,3,5,3,1,1,0,0,0,0,0,1,8.78163358300003,53.086203056000045,Walle,Überseestadt
4176,11,2019,6,1,21,3,5,3,1,1,0,0,0,0,0,0,8.875039550000054,53.08242038700007,Schwachhausen,Radio Bremen
4177,11,2019,6,7,9,3,4,6,1,1,0,0,0,0,0,1,8.842900100000065,53.03370062400006,Obervieland,Arsten
4178,11,2019,6,7,0,2,0,7,1,0,0,0,0,0,2,1,8.818442881000067,53.04256405300004,Obervieland,Kattenturm
4179,12,2019,6,6,15,3,5,3,1,1,0,0,0,0,0,0,8.588622659000066,53.577461208000045,Lehe (BHV),Eckernfeld
4180,11,2019,6,6,12,3,5,2,1,1,0,0,0,0,0,0,8.571171184000036,53.181280195000056,Blumenthal,Blumenthal
4181,11,2019,6,6,17,3,5,3,1,1,0,0,0,0,0,0,8.845314142000063,53.09110888300006,Schwachhausen,Neu-Schwachhausen
4182,11,2019,6,6,8,3,1,5,1,1,0,0,0,0,0,0,8.65069214500005,53.18035596100003,Vegesack,Schönebeck
4183,11,2019,6,6,7,3,5,3,1,0,0,0,0,1,0,0,8.938135251000062,53.06847195000006,Osterholz,Ellenerbrok-Schevemoor
4184,11,2019,6,5,11,3,1,1,1,1,0,0,0,0,0,1,8.827644182000029,53.07256574200005,Östliche Vorstadt,Steintor
4185,11,2019,6,5,19,3,1,7,1,1,0,0,0,0,0,0,8.835539910000023,53.08424508900004,Schwachhausen,Schwachhausen
4186,11,2019,6,5,17,3,5,3,1,0,0,0,0,0,0,0,8.82492219300002,53.07511625800004,Östliche Vorstadt,Steintor
4187,11,2019,6,5,17,3,5,7,1,0,0,0,0,0,0,0,8.880681786000025,53.10164110000005,Horn-Lehe,Lehe
4188,11,2019,6,4,13,3,5,3,1,1,0,0,0,0,0,0,8.800884856000039,53.08451375300007,Mitte,Bahnhofsvorstadt
4189,11,2019,6,4,19,3,0,7,1,1,0,0,0,0,0,0,8.741171139000073,53.13802712300003,Gröpelingen,Oslebshausen
4190,11,2019,6,4,13,3,5,3,1,1,0,0,0,0,0,0,8.724072979000027,53.04608889800005,Huchting,Sodenmatt
4191,11,2019,6,4,11,2,2,6,1,1,0,0,0,0,0,0,8.66994875100005,53.17464708700004,Burglesum,St.Magnus
4192,12,2019,6,3,21,3,0,7,1,0,0,0,0,0,1,0,8.594238185000052,53.51303109300005,Wulsdorf,Dreibergen
4193,11,2019,6,3,12,3,5,3,1,1,0,0,0,0,0,0,8.828873068000064,53.04178253900005,Obervieland,Kattenturm
4194,11,2019,6,3,20,3,5,3,1,0,0,0,0,0,0,0,8.80155806700003,53.07154592500007,Neustadt,Alte Neustadt
4195,11,2019,6,3,17,3,5,3,1,0,0,0,0,1,0,0,8.796930817000032,53.06853459500008,Neustadt,Neustadt
4196,11,2019,6,3,16,2,0,7,1,0,0,0,0,0,0,0,8.605804958000022,53.18456521400003,Vegesack,Fähr-Lobbendorf
4197,11,2019,6,3,18,2,3,6,1,0,0,0,0,0,0,0,8.899392245000058,53.08417885700004,Vahr,Neue Vahr Nord
4198,12,2019,6,2,17,3,5,3,1,1,0,0,0,0,0,0,8.601057489000027,53.51453852700007,Wulsdorf,Dreibergen
4199,12,2019,6,2,8,3,5,3,1,1,0,0,0,0,0,0,8.591828884000051,53.57966633800004,Lehe (BHV),Eckernfeld
4200,11,2019,6,2,8,3,0,1,1,0,0,0,0,0,0,1,8.792380625000021,53.09934188300008,Walle,Osterfeuerberg
4201,11,2019,6,2,10,3,0,1,1,0,0,0,0,0,0,1,8.804371329000048,53.07962149200006,Mitte,Altstadt
4202,11,2019,6,2,6,3,5,2,1,0,0,0,1,0,0,0,8.825122847000046,53.08434024100006,Schwachhausen,Bürgerpark
4203,11,2019,6,1,18,3,5,3,1,0,0,0,0,0,0,0,8.842764765000027,53.07230224500006,Östliche Vorstadt,Peterswerder
4204,11,2019,6,1,19,3,0,7,1,0,0,0,0,0,0,0,8.744291128000043,53.13697001600008,Gröpelingen,Oslebshausen
4205,11,2019,6,1,19,1,5,3,1,1,0,0,0,0,0,0,8.733769725000059,53.05843552400006,Huchting,Mittelshuchting
4206,11,2019,6,1,21,2,7,1,1,0,0,0,0,0,2,0,8.731386464000025,53.13522203000008,Gröpelingen,Oslebshausen
4207,11,2019,6,7,12,3,5,3,1,1,0,0,0,0,0,0,8.808944631000031,53.07854304300008,Mitte,Altstadt
4208,11,2019,6,7,11,3,7,7,1,0,0,0,0,1,0,0,8.635688410000057,53.17105037500005,Vegesack,Vegesack
4209,11,2019,6,7,13,2,5,3,1,0,0,0,0,1,0,0,8.69527622000004,53.16875540600006,Burglesum,Lesum
4210,11,2019,5,6,15,3,0,7,1,0,0,0,0,0,0,0,8.810006776000023,53.06261573400008,Neustadt,Buntentor
4211,11,2019,5,6,13,3,5,2,1,1,0,0,0,0,0,0,8.884822709000048,53.078968762000045,Vahr,Neue Vahr Südwest
4212,12,2019,5,5,18,3,5,3,1,1,0,0,0,0,0,0,8.605978153000024,53.59102747800006,Leherheide,Königsheide
4213,11,2019,5,5,18,3,5,3,1,1,0,0,0,0,0,0,8.93900012100005,53.06821852400003,Osterholz,Ellenerbrok-Schevemoor
4214,11,2019,5,5,11,3,0,7,1,0,0,0,0,0,0,0,8.65029824000004,53.17393813700005,Vegesack,Schönebeck
4215,11,2019,7,3,6,2,5,3,1,1,0,0,0,0,0,0,8.723588558000074,53.076686918000064,Unbekannt,Strom
4216,11,2019,5,5,11,3,1,5,1,1,0,0,0,0,0,0,8.809194016000049,53.06081302900003,Neustadt,Huckelriede
4217,11,2019,5,4,14,3,5,3,1,1,0,0,0,0,0,0,8.784675201000027,53.08469716900004,Walle,Überseestadt