,UKREIS,UJAHR,UMONAT,UWOCHENTAG,USTUNDE,UKATEGORIE,UART,UTYP1,IstRad,IstPKW,IstFuss,IstKrad,IstGkfz,IstSonstig,ULICHTVERH,STRZUSTAND,longitude,latitude,Stadtteil,Ortsteil
4218,11,2019,5,4,13,3,5,7,1,1,0,0,0,0,0,0,8.859135030000061,53.11100604100005,Horn-Lehe,Lehe
4219,11,2019,5,4,16,3,5,3,1,0,0,0,0,1,0,0,8.758859613000027,53.115996608000046,Gröpelingen,Lindenhof
4220,11,2019,5,4,9,3,5,3,1,1,0,0,0,0,0,0,8.833461614000043,53.09444364200005,Schwachhausen,Neu-Schwachhausen
4221,11,2019,5,4,13,3,5,3,1,1,0,0,0,0,0,0,8.794899465000071,53.09397246600008,Walle,Westend
4222,12,2019,5,3,13,3,6,7,1,0,1,0,0,0,0,0,8.598754175000067,53.53169796200007,Geestemünde,Geestendorf
4223,11,2019,5,3,19,3,0,1,1,0,0,0,0,0,1,0,8.564392915000042,53.18272069800008,Blumenthal,Blumenthal
4224,11,2019,5,3,13,2,5,2,1,1,0,0,0,0,0,0,8.96362618300003,53.06106671700008,Osterholz,Tenever
4225,11,2019,5,3,7,3,5,3,1,1,0,0,0,0,0,0,8.894607114000053,53.07945965200008,Vahr,Neue Vahr Südost
4226,11,2019,5,2,14,3,3,6,1,0,0,0,0,0,0,0,8.843642170000066,53.03142871400007,Obervieland,Arsten
4227,11,2019,5,2,18,3,5,3,1,1,0,0,0,0,0,0,8.813704981000058,53.05561212500004,Neustadt,Huckelriede
4228,11,2019,6,6,22,2,4,6,1,0,0,0,0,0,2,0,8.876493698000047,53.06598702800005,Hemelingen,Hastedt
4229,11,2019,5,2,16,3,1,3,1,0,0,0,0,1,0,0,8.856879681000066,53.07345004300004,Östliche Vorstadt,Hulsberg
4230,11,2019,8,5,18,3,5,3,1,1,0,0,0,0,0,0,8.796419748000062,53.07191560500007,Neustadt,Alte Neustadt
4231,11,2019,8,4,19,2,0,7,1,0,0,0,0,0,0,0,8.84914249600007,53.068450530000064,Östliche Vorstadt,Peterswerder
4232,11,2019,8,4,16,2,5,2,1,1,0,0,0,0,0,0,8.85655434000006,53.07135239500008,Hemelingen,Hastedt
4233,11,2019,8,4,16,2,4,6,1,0,0,0,0,0,0,0,8.857644746000062,53.06989720300004,Hemelingen,Hastedt
4234,11,2019,8,4,12,2,0,1,1,0,0,0,0,0,0,0,8.838712680000071,53.15464087800007,Unbekannt,Blockland
4235,11,2019,8,3,8,2,0,2,1,1,0,0,0,0,0,1,8.78817749500007,53.07649170600007,Neustadt,Alte Neustadt
4236,11,2019,8,3,15,3,0,1,1,1,0,0,0,0,0,0,8.812610942000049,53.08083548500008,Mitte,Bahnhofsvorstadt
4237,11,2019,8,3,18,3,6,4,1,0,1,0,0,0,0,0,8.798340361000044,53.08361911400005,Mitte,Bahnhofsvorstadt
4238,11,2019,8,3,8,3,8,1,1,0,0,0,0,0,0,1,8.808909610000057,53.07218690100007,Mitte,Altstadt
4239,11,2019,8,3,15,3,5,3,1,1,0,0,0,0,0,1,8.74071620500007,53.05268673300003,Huchting,Kirchhuchting
4240,11,2019,8,3,15,3,7,1,1,0,0,0,0,0,0,1,8.93450041400007,53.06957325300005,Osterholz,Ellenerbrok-Schevemoor
4241,11,2019,8,3,20,3,3,6,1,0,0,0,0,0,1,1,8.855198990000076,53.08117063800006,Schwachhausen,Gete
4242,12,2019,8,2,14,3,0,7,1,0,0,0,0,0,0,0,8.593891264000035,53.58748651100007,Lehe (BHV),Speckenbüttel
4243,11,2019,8,2,16,3,4,6,1,0,0,0,0,0,0,0,8.869832529000064,53.09724101300003,Horn-Lehe,Horn
4244,11,2019,8,2,9,3,4,6,1,0,0,0,0,0,0,0,8.805621722000069,53.08118562100003,Mitte,Bahnhofsvorstadt
4245,11,2019,8,1,15,3,5,3,1,0,0,1,0,0,0,0,8.776180133000025,53.09865171000007,Walle,Walle
4246,11,2019,8,7,11,3,0,1,1,0,0,0,0,0,0,0,8.805381013000044,53.07438429000007,Mitte,Altstadt
4247,11,2019,8,7,17,2,2,6,1,0,0,0,0,0,0,0,8.850173192000057,53.06774327100004,Östliche Vorstadt,Peterswerder
4248,11,2019,8,7,22,3,6,4,1,0,1,0,0,0,2,0,8.820745867000028,53.06933154300003,Mitte,Ostertor
4249,11,2019,8,7,5,3,1,1,1,1,0,0,0,0,1,0,8.800912090000054,53.06839363300003,Neustadt,Südervorstadt
4250,11,2019,8,6,14,3,5,3,1,1,0,0,0,0,0,0,8.853506646000028,53.06489928700006,Östliche Vorstadt,Peterswerder
4251,11,2019,8,6,12,2,7,7,1,0,0,0,0,1,0,0,8.796893933000035,53.06962468600005,Neustadt,Alte Neustadt
4252,11,2019,8,6,16,3,4,6,1,0,0,0,0,0,0,1,8.721558494000021,53.10640952900008,Häfen,Neustädter Hafen
4253,11,2019,8,6,13,2,5,3,1,1,0,0,0,0,0,0,8.723607360000074,53.07673642200007,Unbekannt,Strom
4254,11,2019,8,6,17,3,5,2,1,1,0,0,0,0,0,1,8.861689340000055,53.09936578800006,Horn-Lehe,Lehe
4255,12,2019,8,5,17,3,5,3,1,1,0,0,0,0,0,0,8.588654030000043,53.55915270700007,Lehe (BHV),Klushof
4256,11,2019,8,5,19,3,2,6,1,0,0,0,0,0,0,0,8.806921405000026,53.07555054400007,Mitte,Altstadt
4257,11,2019,8,5,15,3,0,7,1,0,0,0,0,0,0,0,8.648555718000068,53.17372358000006,Vegesack,Schönebeck
4258,11,2019,8,5,17,3,5,2,1,1,0,0,0,0,0,0,8.704573011000036,53.15519689100006,Burglesum,Burg-Grambke
4259,11,2019,8,5,11,3,5,3,1,1,0,0,0,0,0,0,8.571454095000036,53.18130764600005,Blumenthal,Blumenthal
4260,11,2019,8,5,8,2,5,3,1,1,0,0,0,0,0,0,8.874461303000032,53.083221879000064,Schwachhausen,Radio Bremen
4261,11,2019,8,5,22,3,0,7,1,1,0,0,0,0,2,0,8.882627662000061,53.05315141600005,Hemelingen,Hemelingen
4262,12,2019,8,4,18,3,5,3,1,1,0,0,0,0,0,1,8.57396194000006,53.54735860300008,Mitte (BHV),Mitte-Nord
4263,12,2019,8,4,19,3,0,1,1,0,0,0,0,0,1,1,8.549579919000053,53.58044039600003,Häfen (BHV),Stadtbremisches Überseehafengebiet Bremerhaven
4264,11,2019,8,4,7,3,5,2,1,1,0,0,0,0,0,0,8.808273029000077,53.094717296000056,Findorff,Weidedamm
4265,11,2019,8,4,10,3,5,3,1,1,0,0,0,0,0,0,8.816033181000023,53.08108744300006,Mitte,Bahnhofsvorstadt
4266,11,2019,8,4,7,3,5,2,1,0,0,0,1,0,0,0,8.788165339000045,53.07647322000008,Neustadt,Alte Neustadt
4267,11,2019,8,4,9,3,5,3,1,1,0,0,0,0,0,0,8.841911829000026,53.08331251000004,Schwachhausen,Schwachhausen
4268,12,2019,8,3,17,2,5,2,1,1,0,0,0,0,0,0,8.604092764000029,53.57815258800008,Lehe (BHV),Schierholz
4269,12,2019,8,3,18,3,5,2,1,1,0,0,0,0,0,1,8.586336654000036,53.53711025700005,Geestemünde,Geestemünde-Nord
4270,11,2019,8,3,14,3,1,7,1,1,0,0,0,0,0,0,8.817505598000025,53.08346863500003,Schwachhausen,Barkhof
4271,11,2019,8,3,16,3,5,3,1,0,0,0,0,0,0,0,8.854070522000029,53.07485685900008,Östliche Vorstadt,Hulsberg
4272,11,2019,8,3,9,3,0,7,1,0,0,0,1,0,0,0,8.800762621000047,53.071161018000055,Neustadt,Alte Neustadt
4273,11,2019,8,3,13,3,5,3,1,1,0,0,0,0,0,0,8.889533931000074,53.06165425400008,Hemelingen,Sebaldsbrück
4274,12,2019,8,2,6,3,0,7,1,0,0,0,0,0,0,0,8.604302956000026,53.58615039200004,Lehe (BHV),Schierholz
4275,11,2019,8,2,16,2,5,7,1,1,0,0,0,0,0,0,8.796552512000062,53.08172010300007,Mitte,Altstadt
4276,11,2019,8,6,6,3,5,2,1,1,0,0,0,0,0,0,8.895687310000028,53.03377182700007,Hemelingen,Hemelingen
4277,11,2019,8,6,19,3,0,1,1,0,0,0,0,0,0,1,8.796968795000055,53.06860932400008,Neustadt,Alte Neustadt
4278,12,2019,8,5,9,2,0,7,1,0,0,0,0,0,0,0,8.601839813000026,53.52345913300008,Geestemünde,Geestemünde-Süd
4279,11,2019,8,5,17,3,5,3,1,1,0,0,0,0,0,0,8.948884530000043,53.03593360400004,Hemelingen,Mahndorf
4280,11,2019,7,4,10,2,5,3,1,1,0,0,0,0,0,0,8.876555180000025,53.08104833400006,Vahr,Gartenstadt Vahr
4281,12,2019,7,3,11,3,0,1,1,0,0,0,0,0,0,0,8.552129834000027,53.57923754400008,Häfen (BHV),Stadtbremisches Überseehafengebiet Bremerhaven
4282,11,2019,7,3,10,3,0,3,1,1,0,0,0,0,0,0,8.725562592000074,53.13977998800004,Gröpelingen,Oslebshausen
4283,11,2019,7,3,11,2,0,7,1,1,0,0,0,0,0,0,8.608621767000045,53.18564486200006,Vegesack,Unbekannt
4284,11,2019,7,3,12,2,5,3,1,1,0,0,0,0,0,0,8.835135646000026,53.09146049900005,Schwachhausen,Neu-Schwachhausen
4285,11,2019,7,3,8,3,0,7,1,0,0,0,0,1,0,0,8.829741967000075,53.08976499500005,Schwachhausen,Bürgerpark
4286,11,2019,7,2,16,3,4,6,1,0,0,0,0,0,0,0,8.784273877000032,53.06799016000008,Neustadt,Neustadt
4287,11,2019,7,2,17,3,5,3,1,0,0,0,0,1,0,0,8.811362814000063,53.08335225000008,Mitte,Bahnhofsvorstadt
4288,11,2019,7,2,13,2,3,6,1,1,0,0,0,0,0,0,8.735476818000052,53.084239241000034,Häfen,Neustädter Hafen
4289,11,2019,8,1,4,2,0,1,1,0,0,0,0,0,2,1,8.812915301000032,53.07398211000003,Mitte,Altstadt
4290,11,2019,7,2,16,3,5,3,1,1,0,0,0,0,0,0,8.869259604000035,53.074791969000046,Vahr,Gartenstadt Vahr
4291,11,2019,7,2,16,3,6,7,1,0,1,0,0,0,0,0,8.867852870000036,53.10322984300007,Horn-Lehe,Lehe
4292,11,2019,8,7,20,3,5,2,1,1,0,0,0,0,2,1,8.739493755000069,53.04880928600005,Huchting,Kirchhuchting
4293,11,2019,8,7,1,3,5,3,1,1,0,0,0,0,2,1,8.777806564000059,53.09943921500008,Walle,Walle
4294,11,2019,8,2,15,3,3,2,1,1,0,0,0,0,0,0,8.938027307000027,53.06125083400008,Osterholz,Ellenerbrok-Schevemoor
4295,11,2019,7,1,12,3,5,2,1,1,0,0,0,0,0,0,8.82770737800007,53.083023326000045,Schwachhausen,Bürgerpark
4296,11,2019,7,1,10,3,0,7,1,0,0,0,0,0,0,0,8.804828404000034,53.07740758300008,Mitte,Altstadt
4297,11,2019,7,6,12,3,3,2,1,1,0,0,0,0,0,0,8.851660933000062,53.083772544000055,Schwachhausen,Gete
4298,12,2019,7,5,13,3,0,7,1,1,0,0,0,0,0,0,8.593079937000027,53.55707998700007,Lehe (BHV),Klushof
4299,11,2019,7,5,9,3,5,3,1,0,0,0,0,1,0,0,8.949641507000024,53.09282311900006,Oberneuland,Unbekannt
4300,11,2019,7,5,18,3,0,7,1,0,0,0,0,0,0,0,8.574683379000021,53.19282227200006,Blumenthal,Blumenthal
4301,11,2019,7,5,14,3,0,7,1,0,0,0,0,0,0,0,8.57498145300002,53.19893214100006,Blumenthal,Lüssum-Bockhorn
4302,11,2019,7,5,11,3,5,3,1,1,0,0,0,0,0,0,8.77494267000003,53.08019176300007,Woltmershausen,Woltmershausen
4303,11,2019,7,5,21,3,5,3,1,1,0,0,0,0,2,0,8.555918475000055,53.18567210600003,Blumenthal,Blumenthal
4304,11,2019,7,4,17,3,5,3,1,1,0,0,0,0,0,0,8.923448183000062,53.09112689400007,Oberneuland,Unbekannt
4305,11,2019,7,4,18,3,0,7,1,0,0,0,0,0,0,0,8.832091418000061,53.06865720400003,Östliche Vorstadt,Steintor
4306,11,2019,7,4,20,3,0,7,1,0,0,0,0,0,0,0,8.822864770000024,53.073997176000034,Östliche Vorstadt,Steintor
4307,11,2019,7,4,10,3,5,3,1,1,0,0,0,0,0,0,8.90478175100003,53.11918951900003,Unbekannt,Borgfeld
4308,11,2019,7,4,23,3,1,7,1,1,0,0,0,0,2,0,8.849159748000034,53.095229603000064,Schwachhausen,Neu-Schwachhausen
4309,11,2019,7,3,15,2,3,6,1,0,0,0,0,0,0,0,8.790012964000027,53.07165600400003,Neustadt,Hohentor
4310,11,2019,7,3,9,3,0,2,1,1,0,0,0,0,0,0,8.853990372000055,53.070716170000026,Östliche Vorstadt,Hulsberg
4311,11,2019,7,3,10,3,4,6,1,0,0,0,0,0,0,0,8.914374628000076,53.06267834300007,Hemelingen,Sebaldsbrück
4312,11,2019,7,3,9,3,3,2,1,1,0,0,0,0,0,0,8.802864240000076,53.10137053500006,Findorff,Weidedamm
4313,11,2019,7,3,7,3,5,3,1,1,0,0,0,0,0,0,8.77373846200004,53.10118244300003,Walle,Überseestadt
4314,11,2019,7,3,10,3,5,3,1,1,0,0,0,0,0,0,8.618851060000054,53.17818819500008,Vegesack,Vegesack
4315,12,2019,7,2,11,3,5,3,1,1,0,0,0,0,0,0,8.589793299000064,53.52543514800004,Geestemünde,Geestemünde-Süd
4316,12,2019,7,2,15,3,0,7,1,1,0,0,0,0,0,0,8.577318638000065,53.55556257400008,Lehe (BHV),Goethestrasse
4317,11,2019,7,2,10,3,3,6,1,1,0,0,0,0,0,0,8.553753932000063,53.191276352000045,Blumenthal,Rönnebeck
4318,11,2019,7,2,16,3,5,2,1,1,0,0,0,0,0,0,8.871455046000051,53.06662626200006,Hemelingen,Hastedt
4319,11,2019,7,2,10,3,5,3,1,1,0,0,0,0,0,0,8.796602509000024,53.05667732000006,Neustadt,Neuenland
4320,11,2019,7,1,13,3,3,2,1,1,0,0,0,0,0,0,8.902967870000055,53.10408516600006,Oberneuland,Unbekannt
4321,12,2019,7,7,11,3,0,7,1,0,0,0,0,0,0,0,8.54660425000003,53.58144182900003,Häfen (BHV),Stadtbremisches Überseehafengebiet Bremerhaven
4322,12,2019,7,6,11,3,5,3,1,1,0,0,0,0,0,0,8.590984680000076,53.54138162800007,Geestemünde,Geestemünde-Nord
4323,11,2019,7,6,14,3,2,6,1,1,0,0,0,0,0,0,8.769204538000054,53.11629409300008,Gröpelingen,Gröpelingen
4324,12,2019,7,5,10,3,4,7,1,1,0,0,0,0,0,0,8.57473493200007,53.54815013300004,Mitte (BHV),Mitte-Nord
4325,11,2019,7,5,13,3,5,2,1,1,0,0,0,0,0,0,8.86664289600003,53.06222807400008,Hemelingen,Hastedt
4326,11,2019,7,5,22,3,0,1,1,0,0,0,0,0,2,0,8.826848860000041,53.08477484300005,Schwachhausen,Bürgerpark
4327,12,2019,7,4,14,3,0,7,1,0,0,0,0,1,0,0,8.602850101000058,53.48539461300004,Fischereihafen,Fischereihafen
4328,11,2019,7,4,17,2,7,7,1,0,0,0,0,1,0,0,8.614525229000037,53.19034782900008,Vegesack,Unbekannt
4329,11,2019,7,4,17,3,6,4,1,0,1,0,0,0,0,0,8.762759545000051,53.114113376000034,Gröpelingen,Gröpelingen
4330,11,2019,7,4,10,3,5,3,1,1,0,0,0,0,0,0,8.729981130000056,53.03999519500008,Huchting,Kirchhuchting
4331,11,2019,7,4,17,3,5,2,1,1,0,0,0,0,0,0,8.849974952000025,53.08770304900003,Schwachhausen,Riensberg
4332,11,2019,7,3,11,3,5,3,1,1,0,0,0,0,0,0,8.607611461000033,53.176096726000026,Vegesack,Fähr-Lobbendorf
4333,11,2019,7,3,14,2,0,7,1,0,0,0,0,0,0,0,8.897441826000033,53.118699080000056,Unbekannt,Borgfeld
4334,11,2019,7,2,17,3,5,2,1,0,0,0,0,0,0,0,8.803380670000024,53.07540044600006,Mitte,Altstadt
4335,11,2019,7,1,13,3,1,7,1,1,0,0,0,0,0,0,8.796595676000038,53.06475891800005,Neustadt,Südervorstadt
4336,12,2019,7,7,10,3,3,2,1,1,0,0,0,0,0,1,8.600987588000066,53.49845819500007,Wulsdorf,Jedutenberg
4337,11,2019,7,7,11,3,5,3,1,1,0,0,0,0,0,1,8.716135720000068,53.17822179000007,Burglesum,Burgdamm
4338,11,2019,7,6,6,3,0,7,1,0,0,0,0,0,0,1,8.77886617400003,53.106562749000034,Walle,Walle
4339,11,2019,7,6,15,3,5,3,1,1,0,0,0,0,0,0,8.797834285000022,53.10467664000004,Walle,Hohweg
4340,11,2019,7,6,18,3,0,6,1,0,0,0,1,0,0,0,8.955695010000056,53.10514017500003,Oberneuland,Unbekannt
4341,11,2019,7,6,14,2,5,3,1,1,0,0,0,0,0,0,8.940018388000055,53.06788169200007,Osterholz,Ellenerbrok-Schevemoor
4342,11,2019,7,6,14,3,5,3,1,1,0,0,0,0,0,0,8.854500409000025,53.06700216200005,Hemelingen,Hastedt
4343,11,2019,7,5,16,3,5,2,1,0,0,0,0,1,0,0,8.634352184000022,53.170169558000055,Vegesack,Vegesack
4344,12,2019,7,4,6,3,5,3,1,0,0,0,0,0,0,0,8.600219750000065,53.55219737200008,Geestemünde,Bürgerpark (BHV)
4345,11,2019,7,4,23,3,4,6,1,0,0,0,0,0,2,0,8.886911948000034,53.05044878800004,Hemelingen,Hemelingen
4346,11,2019,7,3,13,2,0,1,1,0,0,0,0,0,0,0,8.884133777000045,53.07182048000004,Vahr,Gartenstadt Vahr
4347,12,2019,8,2,12,3,2,6,1,1,0,0,0,0,0,0,8.583279680000032,53.563991445000056,Lehe (BHV),Twischkamp
4348,12,2019,8,6,10,3,5,3,1,1,0,0,0,0,0,1,8.604359872000032,53.58797177400004,Leherheide,Königsheide
4349,11,2019,7,3,17,3,5,3,1,1,0,0,0,0,0,0,8.524053927000068,53.20288282400003,Blumenthal,Farge
4350,11,2019,8,6,7,3,5,3,1,1,0,0,0,0,0,1,8.763547108000068,53.10897412000003,Gröpelingen,Lindenhof
4351,11,2019,7,2,16,3,5,2,1,1,0,0,0,0,0,0,8.780179062000059,53.10556692500006,Walle,Walle
4352,11,2019,7,2,10,3,5,3,1,1,0,0,0,0,0,0,8.826171661000046,53.03435506900007,Obervieland,Kattenturm
4353,11,2019,7,2,5,3,0,7,1,0,0,0,0,0,0,0,8.891027878000045,53.04741175100003,Hemelingen,Hemelingen
4354,11,2019,7,2,18,3,6,4,1,0,1,0,0,0,0,0,8.800559572000054,53.07855435400006,Mitte,Altstadt
4355,11,2019,7,1,19,3,0,7,1,1,0,0,0,0,0,0,8.815915635000067,53.08097605000006,Mitte,Bahnhofsvorstadt
4356,11,2019,7,1,13,3,5,3,1,1,0,0,0,0,0,0,8.831020584000044,53.04084932200004,Obervieland,Kattenturm
4357,11,2019,8,6,15,3,5,3,1,0,0,0,0,0,0,0,8.831592587000046,53.07761821500003,Östliche Vorstadt,Fesenfeld
4358,11,2019,7,7,15,3,5,3,1,1,0,0,0,0,0,1,8.616253526000037,53.17268896200005,Vegesack,Vegesack
4359,11,2019,7,7,10,3,1,3,1,1,0,0,0,0,0,0,8.905431798000052,53.09844368900008,Oberneuland,Unbekannt
4360,11,2019,8,2,11,3,0,7,1,1,0,0,0,0,0,0,8.956632532000071,53.05601341500005,Osterholz,Osterholz
4361,11,2019,7,7,21,3,1,5,1,1,0,0,0,0,1,0,8.810577016000025,53.09034292300004,Findorff,Findorff-Bürgerweide
4362,12,2019,8,2,10,2,1,1,1,1,0,0,0,0,0,0,8.598984510000037,53.57751141000006,Lehe (BHV),Eckernfeld
4363,12,2019,8,5,15,3,5,2,1,1,0,0,0,0,0,1,8.593285622000053,53.55520262500005,Lehe (BHV),Klushof
4364,11,2019,7,6,12,3,5,3,1,0,0,0,0,1,0,0,8.771027847000028,53.095210810000026,Walle,Überseestadt
4365,11,2019,7,5,15,3,5,3,1,1,0,0,0,0,0,0,8.790475024000045,53.09610908800005,Walle,Westend
4366,11,2019,7,5,17,3,5,3,1,1,0,0,0,0,0,0,8.790233314000034,53.08606923500008,Walle,Überseestadt
4367,11,2019,7,5,21,3,5,3,1,1,0,0,0,0,1,0,8.811713879000024,53.030833605000055,Obervieland,Kattenesch
4368,11,2019,7,5,20,3,4,6,1,0,0,0,0,0,0,0,8.852781333000053,53.06140367900008,Hemelingen,Hastedt
4369,11,2019,7,5,13,3,0,7,1,0,1,0,0,0,0,0,8.923989973000062,53.04414875400005,Hemelingen,Arbergen
4370,11,2019,7,4,15,3,5,3,1,1,0,0,0,0,0,0,8.774168123000038,53.10153198800003,Walle,Walle
4371,11,2019,7,4,7,3,5,3,1,1,0,0,0,0,0,0,8.774254683000038,53.061402532000045,Neustadt,Neuenland
4372,11,2019,7,4,20,3,4,6,1,0,0,0,0,0,0,0,8.829747690000033,53.06876255800006,Östliche Vorstadt,Steintor
4373,12,2019,7,3,11,2,5,3,1,1,0,0,0,0,0,0,8.596499229000074,53.57981680700004,Lehe (BHV),Eckernfeld
4374,12,2019,7,3,15,3,5,3,1,1,0,0,0,0,0,0,8.590801127000077,53.54078508100008,Geestemünde,Geestemünde-Nord
4375,11,2019,7,3,9,3,5,2,1,1,0,0,0,0,0,0,8.737786178000022,53.05641047400008,Huchting,Mittelshuchting
4376,11,2019,7,3,13,3,1,5,1,1,0,0,0,0,0,0,8.771610790000068,53.10951989000006,Walle,Walle
4377,11,2019,8,3,17,3,5,3,1,1,0,0,0,0,0,0,8.88344879300007,53.11059353900004,Horn-Lehe,Lehesterdeich
4378,11,2019,7,3,21,3,4,6,1,0,0,0,0,0,0,0,8.850322315000028,53.08160796600004,Schwachhausen,Gete
4379,12,2019,8,2,17,3,5,3,1,1,0,0,0,0,0,0,8.592030108000074,53.526845956000045,Geestemünde,Geestendorf
4380,11,2019,8,6,7,3,5,2,1,1,0,0,0,0,0,1,8.902144516000021,53.07160876700004,Hemelingen,Sebaldsbrück
4381,11,2019,7,3,14,2,5,3,1,1,0,0,0,0,0,0,8.781336163000049,53.09756009100005,Walle,Steffensweg
4382,11,2019,7,3,18,3,0,2,1,1,0,0,0,0,0,0,8.70343374600003,53.16073723100004,Burglesum,Burgdamm
4383,11,2019,7,3,10,3,5,3,1,1,0,0,0,0,0,0,8.886652094000056,53.07918376100008,Vahr,Neue Vahr Südwest
4384,11,2019,9,6,17,3,5,2,1,1,0,0,0,0,0,0,8.795004232000053,53.08462982700007,Mitte,Bahnhofsvorstadt
4385,11,2019,9,6,7,3,2,6,1,1,0,0,0,0,0,0,8.76363040900003,53.11985752700008,Gröpelingen,Gröpelingen
4386,11,2019,9,6,13,3,3,6,1,1,0,0,0,0,0,0,8.773968591000028,53.101330974000064,Walle,Walle
4387,11,2019,9,6,12,3,5,7,1,1,0,0,0,0,0,0,8.93257942400004,53.06976426300008,Osterholz,Blockdiek
4388,11,2019,9,6,18,3,5,3,1,1,0,0,0,0,0,0,8.73768000900003,53.13425942900005,Gröpelingen,Oslebshausen
4389,11,2019,9,6,14,3,5,3,1,1,0,0,0,0,0,0,8.79713842700005,53.07634474300005,Neustadt,Alte Neustadt
4390,11,2019,9,5,13,3,4,6,1,1,0,0,0,0,0,0,8.841161210000053,53.03211600100008,Obervieland,Arsten
4391,11,2019,9,5,14,3,4,2,1,1,0,0,0,0,0,0,8.816531625000039,53.08413343500007,Findorff,Findorff-Bürgerweide
4392,11,2019,9,5,7,3,5,2,1,1,0,0,0,0,0,0,8.794899851000025,53.09393120300007,Walle,Utbremen
4393,11,2019,9,5,5,3,5,3,1,1,0,0,0,0,2,0,8.638113782000062,53.173241363000045,Vegesack,Schönebeck
4394,11,2019,9,5,21,3,0,7,1,0,0,0,0,0,2,0,8.823008154000036,53.07294353600008,Mitte,Ostertor
4395,11,2019,9,5,10,3,5,3,1,1,0,0,0,0,0,0,8.904439151000076,53.07850133300008,Vahr,Neue Vahr Südost
4396,11,2019,9,5,9,3,5,3,1,1,0,0,0,0,0,0,8.787018572000022,53.08296132700008,Walle,Überseestadt
4397,11,2019,9,4,8,3,5,3,1,1,0,0,0,0,0,0,8.774179536000076,53.09538512700004,Walle,Überseestadt
4398,11,2019,9,4,17,3,5,2,1,1,0,0,0,0,0,0,8.635150917000033,53.16701166900003,Vegesack,Grohn
4399,11,2019,9,4,13,3,5,3,1,1,0,0,0,0,0,0,8.79296510200004,53.08906684500005,Walle,Utbremen
4400,11,2019,9,4,15,3,5,2,1,1,0,0,0,0,0,0,8.787403096000048,53.06993642500004,Neustadt,Hohentor
4401,11,2019,9,3,16,3,5,3,1,0,0,0,0,0,0,0,8.859442922000028,53.10046371200008,Horn-Lehe,Lehe
4402,11,2019,9,3,13,3,5,2,1,1,0,0,0,0,0,0,8.778715223000063,53.10077760100006,Walle,Walle
4403,11,2019,9,3,16,3,5,3,1,1,0,0,0,0,0,1,8.804618228000038,53.08579317800008,Mitte,Bahnhofsvorstadt
4404,11,2019,9,3,15,3,5,2,1,1,0,0,0,0,0,1,8.832760679000046,53.07750574100004,Östliche Vorstadt,Fesenfeld
4405,11,2019,9,3,8,3,0,1,1,1,0,0,0,0,0,0,8.828821947000051,53.03502038300008,Obervieland,Kattenturm
4406,11,2019,9,3,8,3,3,1,1,0,0,0,0,0,0,0,8.822254937000025,53.08242563400006,Schwachhausen,Barkhof
4407,12,2019,9,2,14,3,5,3,1,1,0,0,0,0,0,0,8.59099405400002,53.54141379700008,Geestemünde,Geestemünde-Nord
4408,12,2019,9,2,5,3,5,3,1,1,0,0,0,0,1,0,8.597605841000075,53.58508797000008,Lehe (BHV),Speckenbüttel
4409,12,2019,9,2,15,3,5,3,1,1,0,0,0,0,0,0,8.597100684000054,53.516082245000064,Wulsdorf,Dreibergen
4410,11,2019,9,2,14,3,1,5,1,1,0,0,0,0,0,0,8.818307357000037,53.079936814000064,Mitte,Ostertor
4411,11,2019,9,2,14,3,4,6,1,0,0,0,0,0,0,1,8.723839511000051,53.04354290300006,Huchting,Sodenmatt
4412,11,2019,9,2,16,2,4,6,1,0,0,0,0,0,0,0,8.80414766900003,53.07239366700003,Neustadt,Alte Neustadt
4413,11,2019,9,2,9,3,0,1,1,0,0,0,0,0,0,0,8.868732119000072,53.09866100200003,Horn-Lehe,Lehe
4414,11,2019,9,2,18,3,5,3,1,1,0,0,0,0,0,0,8.784986756000023,53.10222030400007,Walle,Walle
4415,11,2019,9,1,12,3,7,7,1,0,0,0,0,1,0,0,8.620991871000058,53.16892639000008,Vegesack,Vegesack
4416,12,2019,9,7,16,3,0,1,1,0,0,0,0,0,0,0,8.616278015000034,53.58877494300003,Leherheide,Leherheide-West
4417,11,2019,9,7,13,2,5,3,1,1,0,0,0,0,0,0,8.833665415000041,53.03326699100006,Obervieland,Arsten
4418,11,2019,9,6,15,3,3,2,1,1,0,0,0,0,0,0,8.779326163000064,53.100204647000055,Walle,Walle
4419,11,2019,9,6,16,3,4,6,1,0,0,0,0,0,0,0,8.928952331000062,53.07206402000003,Osterholz,Blockdiek
4420,11,2019,9,6,14,3,5,3,1,1,0,0,0,0,0,0,8.847188267000035,53.087001978000046,Schwachhausen,Riensberg
4421,11,2019,9,6,13,3,5,3,1,0,0,0,0,0,0,0,8.790284443000075,53.08611900900007,Walle,Überseestadt