,UKREIS,UJAHR,UMONAT,UWOCHENTAG,USTUNDE,UKATEGORIE,UART,UTYP1,IstRad,IstPKW,IstFuss,IstKrad,IstGkfz,IstSonstig,ULICHTVERH,STRZUSTAND,longitude,latitude,Stadtteil,Ortsteil
4422,11,2019,9,6,7,3,0,7,1,0,0,0,0,0,0,1,8.928670863000036,53.06065463500005,Osterholz,Ellener Feld
4423,11,2019,9,6,14,3,5,2,1,1,0,0,0,0,0,0,8.953158590000044,53.06652503700008,Osterholz,Tenever
4424,12,2019,9,5,12,3,0,7,1,0,0,0,0,0,0,0,8.592806851000034,53.55856509700004,Lehe (BHV),Klushof
4425,11,2019,9,5,7,3,5,3,1,0,0,1,0,0,0,0,8.803910975000065,53.09603997800008,Findorff,Regensburger Str.
4426,11,2019,9,5,11,3,5,3,1,1,0,0,0,0,0,0,8.878335910000033,53.07955018300004,Vahr,Neue Vahr Südwest
4427,12,2019,9,4,6,3,3,7,1,1,0,0,0,0,0,0,8.585807387000045,53.55869144800005,Lehe (BHV),Klushof
4428,11,2019,9,4,17,3,4,6,1,0,0,0,0,0,0,1,8.841692181000042,53.08903518900007,Schwachhausen,Neu-Schwachhausen
4429,11,2019,9,4,8,3,3,6,1,0,0,0,0,0,0,0,8.89719853500003,53.05923801200004,Hemelingen,Sebaldsbrück
4430,11,2019,9,3,11,3,1,1,1,1,0,0,0,0,0,0,8.961781424000037,53.06131158900007,Osterholz,Tenever
4431,11,2019,9,3,11,3,0,7,1,0,0,0,0,0,0,0,8.812355037000032,53.08096872900006,Mitte,Bahnhofsvorstadt
4432,11,2019,9,3,15,3,1,6,1,0,1,0,0,0,0,0,8.811736890000077,53.09184594800007,Findorff,Findorff-Bürgerweide
4433,11,2019,9,3,18,3,1,7,1,1,0,0,0,0,0,0,8.86159869000005,53.08371619300004,Schwachhausen,Radio Bremen
4434,12,2019,9,2,13,3,3,5,1,1,0,0,1,0,0,0,8.586238928000057,53.56278557900004,Lehe (BHV),Twischkamp
4435,11,2019,9,2,13,3,5,2,1,1,0,0,0,0,0,0,8.89486975400007,53.04604381400003,Hemelingen,Hemelingen
4436,11,2019,9,2,21,3,6,4,1,0,1,0,0,0,2,0,8.789928200000077,53.07140409400006,Neustadt,Neustadt
4437,11,2019,9,2,19,3,5,3,1,1,0,0,0,0,1,0,8.787403459000075,53.08998588600008,Walle,Steffensweg
4438,11,2019,9,7,16,3,0,7,1,0,0,0,0,0,0,0,8.812492920000068,53.07575170800004,Mitte,Altstadt
4439,11,2019,9,7,23,2,0,1,1,0,0,0,0,0,2,1,8.816937683000049,53.09704901500004,Findorff,Weidedamm
4440,11,2019,9,7,12,3,5,2,1,0,0,1,0,0,0,0,8.752902198000072,53.12278734300003,Gröpelingen,Ohlenhof
4441,11,2019,9,7,15,3,6,4,1,0,1,0,0,0,0,0,8.822643992000053,53.08533773400006,Schwachhausen,Barkhof
4442,11,2019,9,7,13,3,6,7,1,0,1,0,0,0,0,0,8.789542188000041,53.07120299900004,Neustadt,Neustadt
4443,11,2019,9,6,18,3,5,2,1,1,0,0,0,0,0,0,8.732611567000049,53.03789997800004,Huchting,Kirchhuchting
4444,11,2019,9,6,14,3,5,2,1,1,0,0,0,0,0,0,8.85251078500005,53.073613849000026,Östliche Vorstadt,Hulsberg
4445,11,2019,9,6,15,3,0,3,1,0,0,0,0,0,0,0,8.86266538700005,53.06771661200003,Hemelingen,Hastedt
4446,11,2019,9,6,7,3,2,7,1,0,0,0,1,0,0,0,8.894531180000058,53.050892274000034,Hemelingen,Hemelingen
4447,11,2019,9,5,7,3,0,1,1,1,0,0,0,0,0,0,8.865921229000037,53.10078524800008,Horn-Lehe,Lehe
4448,11,2019,9,5,9,3,5,2,1,0,0,0,0,1,0,0,8.867884424000067,53.06207327000004,Hemelingen,Hastedt
4449,11,2019,9,5,16,3,5,2,1,1,0,0,0,0,0,0,8.789081036000027,53.08498624100008,Walle,Überseestadt
4450,11,2019,9,2,18,3,6,4,1,0,1,0,0,0,0,0,8.56162155800007,53.191796415000056,Blumenthal,Rönnebeck
4451,11,2019,9,5,17,3,5,3,1,1,0,0,0,0,0,0,8.855136021000021,53.06843210700004,Östliche Vorstadt,Peterswerder
4452,11,2019,9,5,13,2,5,2,1,1,0,0,0,0,0,0,8.76253080400005,53.11222173800007,Gröpelingen,Lindenhof
4453,12,2019,9,4,19,3,0,1,1,0,0,0,0,0,0,1,8.59201318700002,53.57577479800005,Lehe (BHV),Eckernfeld
4454,11,2019,9,4,19,3,5,3,1,1,0,0,0,0,2,1,8.874266808000073,53.101296829000034,Horn-Lehe,Lehe
4455,11,2019,9,4,15,3,1,7,1,0,0,0,0,0,0,0,8.804148045000034,53.07241038400008,Neustadt,Alte Neustadt
4456,11,2019,9,4,13,3,3,7,1,1,0,0,0,0,0,0,8.827040823000061,53.08482271200006,Schwachhausen,Bürgerpark
4457,11,2019,9,4,10,3,5,3,1,1,0,0,0,0,0,0,8.572819997000067,53.19517303300006,Blumenthal,Blumenthal
4458,11,2019,9,4,19,3,5,3,1,1,0,0,0,0,1,1,8.876568795000026,53.08141813000003,Vahr,Neue Vahr Südwest
4459,11,2019,9,4,7,3,5,3,1,1,0,0,0,0,0,0,8.863710917000049,53.07128221700003,Hemelingen,Hastedt
4460,11,2019,9,3,17,3,1,5,1,1,0,0,0,0,0,0,8.834776139000041,53.08502283400003,Schwachhausen,Schwachhausen
4461,11,2019,9,3,12,3,4,6,1,0,0,0,0,0,0,1,8.634358944000041,53.16341817000006,Vegesack,Grohn
4462,12,2019,9,2,17,3,6,4,1,0,1,0,0,0,0,0,8.597602126000027,53.53537507400006,Geestemünde,Geestendorf
4463,11,2019,9,2,8,3,5,3,1,1,0,0,0,0,0,0,8.936380394000025,53.07380272100005,Osterholz,Ellenerbrok-Schevemoor
4464,11,2019,9,2,7,3,5,3,1,1,0,0,0,0,0,0,8.622745713000029,53.18397582500006,Vegesack,Unbekannt
4465,11,2019,9,2,14,3,5,3,1,1,0,0,0,0,0,0,8.800063547000036,53.07821414400007,Mitte,Altstadt
4466,11,2019,9,2,8,3,5,2,1,1,0,0,0,0,0,0,8.78538669300002,53.071119001000056,Neustadt,Hohentor
4467,11,2019,9,1,20,3,5,3,1,0,0,0,0,0,0,0,8.801659237000024,53.07137137200005,Neustadt,Alte Neustadt
4468,11,2019,8,7,21,3,1,7,1,1,0,0,0,0,2,0,8.810729938000065,53.08022917400007,Mitte,Bahnhofsvorstadt
4469,11,2019,8,7,1,3,4,6,1,0,0,0,0,0,2,0,8.783320041000025,53.07620223900005,Häfen,Hohentorshafen
4470,11,2019,8,7,16,3,5,2,1,1,0,0,0,0,0,0,8.702493974000049,53.16766862600008,Burglesum,Burgdamm
4471,12,2019,8,6,17,3,5,3,1,1,0,0,0,0,0,0,8.58028678900007,53.56969649500007,Lehe (BHV),Twischkamp
4472,11,2019,8,6,8,3,5,3,1,1,0,0,0,0,0,0,8.81075147000007,53.07201578600007,Mitte,Altstadt
4473,11,2019,8,6,20,3,1,7,1,1,0,0,0,0,0,0,8.662536695000028,53.17025156000005,Burglesum,St.Magnus
4474,11,2019,8,6,8,3,3,6,1,1,0,0,0,0,0,0,8.736559124000053,53.06266123400008,Huchting,Mittelshuchting
4475,11,2019,8,6,7,3,2,7,1,0,0,0,0,1,0,0,8.829613582000036,53.07187791100006,Östliche Vorstadt,Steintor
4476,11,2019,8,6,7,3,5,2,1,1,0,0,0,0,0,0,8.783184807000055,53.09923326100005,Walle,Walle
4477,11,2019,8,6,20,3,5,2,1,1,0,0,0,0,2,0,8.897050272000058,53.11824490500004,Horn-Lehe,Lehesterdeich
4478,12,2019,8,5,15,3,5,3,1,1,0,0,0,0,0,0,8.589906936000034,53.526775910000026,Geestemünde,Geestendorf
4479,11,2019,8,5,8,3,5,2,1,1,0,0,0,0,0,1,8.804201130000024,53.07259950200006,Mitte,Altstadt
4480,11,2019,8,5,16,3,4,2,1,1,0,0,0,0,0,0,8.909201689000042,53.05642462900005,Hemelingen,Sebaldsbrück
4481,11,2019,8,5,15,3,4,6,1,0,0,0,0,0,0,0,8.800488483000038,53.06874186200008,Neustadt,Alte Neustadt
4482,11,2019,8,5,8,3,1,5,1,1,0,0,0,0,0,1,8.878892982000025,53.06492729200005,Hemelingen,Hastedt
4483,11,2019,8,5,9,2,0,7,1,0,0,0,0,0,0,1,8.690179546000024,53.18048569800004,Burglesum,Lesum
4484,11,2019,8,5,11,3,5,3,1,1,0,0,0,0,0,0,8.883073343000035,53.10065700900003,Horn-Lehe,Lehe
4485,11,2019,8,5,8,2,5,3,1,1,0,0,0,0,0,1,8.873776290000023,53.10132411400008,Horn-Lehe,Lehe
4486,11,2019,8,5,7,3,5,3,1,1,0,0,0,0,1,1,8.759197293000057,53.11937992600008,Gröpelingen,Gröpelingen
4487,11,2019,8,5,22,2,4,6,1,0,0,0,0,0,2,0,8.79813383000004,53.08014598000005,Mitte,Altstadt
4488,11,2019,8,5,13,3,5,2,1,0,0,0,0,1,0,0,8.778516857000056,53.10833315900004,Walle,Walle
4489,11,2019,8,5,17,3,1,7,1,1,0,0,0,0,0,0,8.85951788500006,53.07848107800004,Schwachhausen,Gete
4490,11,2019,8,4,16,3,4,6,1,0,0,0,0,0,0,0,8.86165025500003,53.09929093800008,Horn-Lehe,Lehe
4491,11,2019,8,4,7,3,5,3,1,1,0,0,0,0,0,0,8.752857839000058,53.11617512600003,Gröpelingen,Lindenhof
4492,11,2019,8,4,13,3,3,6,1,1,0,0,0,0,0,0,8.844460635000075,53.07604774800007,Östliche Vorstadt,Hulsberg
4493,11,2019,8,4,18,3,4,6,1,1,0,0,0,0,0,0,8.688252755000065,53.17928753800004,Burglesum,Lesum
4494,11,2019,9,7,18,3,5,3,1,1,0,0,0,1,0,0,8.757853523000051,53.05850572100008,Huchting,Grolland
4495,11,2019,8,4,5,3,5,3,1,1,0,0,0,0,2,0,8.944128356000022,53.05827571000003,Osterholz,Ellenerbrok-Schevemoor
4496,11,2019,9,7,10,3,0,7,1,0,0,0,0,0,0,1,8.700897919000056,53.16788964300008,Burglesum,Burgdamm
4497,11,2019,8,4,9,3,5,3,1,1,0,0,0,0,0,0,8.874436628000069,53.06666652700005,Hemelingen,Hastedt
4498,12,2019,8,3,19,3,9,1,1,1,0,0,0,0,0,0,8.600892040000076,53.52661981500006,Geestemünde,Geestendorf
4499,11,2019,9,7,11,3,5,2,1,1,0,0,0,0,0,0,8.619203151000022,53.181711275000055,Vegesack,Fähr-Lobbendorf
4500,11,2019,8,3,13,3,8,7,1,0,0,0,0,0,0,0,8.888763138000058,53.09693453700004,Horn-Lehe,Lehesterdeich
4501,11,2019,8,3,11,2,6,4,1,0,1,0,0,0,0,0,8.793760930000076,53.07413447300007,Neustadt,Alte Neustadt
4502,11,2019,8,3,10,3,5,3,1,1,0,0,0,0,0,0,8.846394227000076,53.08116672700004,Schwachhausen,Gete
4503,11,2019,9,6,17,3,0,7,1,0,0,0,0,0,0,1,8.87024905900006,53.10211992200004,Horn-Lehe,Lehe
4504,11,2019,9,6,16,3,5,2,1,1,0,0,0,0,0,0,8.887745016000054,53.06854001600004,Hemelingen,Sebaldsbrück
4505,11,2019,8,2,16,3,0,1,1,0,0,0,0,0,0,0,8.786742448000041,53.09707822100006,Walle,Westend
4506,11,2019,8,2,15,3,5,2,1,0,0,0,0,1,0,0,8.814331393000032,53.05517134800005,Neustadt,Huckelriede
4507,11,2019,9,6,13,2,0,3,1,1,0,0,0,0,0,1,8.846169823000025,53.09075932300004,Schwachhausen,Riensberg
4508,11,2019,8,2,13,3,0,7,1,1,0,0,0,0,0,0,8.85167913600003,53.08376140200005,Schwachhausen,Gete
4509,12,2019,8,1,11,3,5,2,1,1,0,0,0,0,0,0,8.598082413000043,53.533514342000046,Geestemünde,Geestendorf
4510,11,2019,9,6,7,3,5,3,1,1,0,0,0,0,0,1,8.716669915000068,53.05652162200005,Huchting,Mittelshuchting
4511,11,2019,8,1,18,3,0,7,1,0,0,0,0,1,0,0,8.76340232800004,53.05975210100007,Huchting,Grolland
4512,12,2019,9,5,12,3,5,3,1,1,0,0,0,0,0,1,8.595392203000074,53.58808065900007,Leherheide,Königsheide
4513,11,2019,9,2,13,3,0,1,1,0,0,0,0,0,0,1,8.899206603000039,53.10490466200008,Horn-Lehe,Lehesterdeich
4514,11,2019,8,1,22,3,4,6,1,0,0,0,0,0,2,0,8.820565960000067,53.06936006300003,Mitte,Ostertor
4515,11,2019,9,2,9,3,5,3,1,1,0,0,0,0,0,0,8.83843183700003,53.06976776400006,Östliche Vorstadt,Peterswerder
4516,11,2019,8,7,23,3,0,7,1,0,0,0,0,0,2,0,8.792851147000022,53.07357227700004,Neustadt,Alte Neustadt
4517,11,2019,8,7,17,3,3,2,1,0,0,0,0,0,0,0,8.836687335000022,53.07529457700008,Östliche Vorstadt,Fesenfeld
4518,11,2019,9,5,12,3,4,1,1,1,0,0,0,0,0,1,8.832129758000065,53.06864180200006,Östliche Vorstadt,Peterswerder
4519,11,2019,9,5,15,3,5,2,1,1,0,0,0,0,0,1,8.824436434000063,53.08455684200004,Schwachhausen,Bürgerpark
4520,11,2019,9,5,10,2,2,6,1,1,0,0,0,0,0,0,8.830401428000073,53.034055186000046,Obervieland,Kattenturm
4521,12,2019,8,6,14,3,5,2,1,0,0,0,0,1,0,0,8.598155517000066,53.57048885200004,Lehe (BHV),Eckernfeld
4522,11,2019,9,5,17,3,5,3,1,1,0,0,0,0,0,1,8.787313625000024,53.08759346600005,Walle,Utbremen
4523,12,2019,8,6,8,3,5,3,1,1,0,0,0,0,0,0,8.585896970000022,53.53731844700008,Geestemünde,Geestemünde-Nord
4524,11,2019,9,5,8,3,1,5,1,1,0,0,0,0,0,1,8.860720514000036,53.07026692000005,Hemelingen,Hastedt
4525,11,2019,8,6,16,3,1,1,1,1,0,0,0,0,0,0,8.635706554000024,53.171068957000045,Vegesack,Vegesack
4526,11,2019,9,5,16,3,5,2,1,1,0,0,0,0,0,1,8.788430860000062,53.09396192600008,Walle,Westend
4527,11,2019,9,5,8,3,5,3,1,1,0,0,0,0,0,0,8.897456730000044,53.09436384400004,Horn-Lehe,Horn
4528,11,2019,9,2,18,3,5,3,1,1,0,0,0,0,0,0,8.77101394500005,53.10987903200004,Gröpelingen,Gröpelingen
4529,11,2019,8,6,14,3,6,4,1,0,1,0,0,0,0,0,8.808303846000058,53.09472447200005,Findorff,Weidedamm
4530,11,2019,9,2,16,3,0,7,1,0,0,0,0,0,0,0,8.808299004000048,53.05776355900008,Neustadt,Huckelriede
4531,12,2019,8,5,14,2,3,6,1,1,0,0,0,0,0,0,8.623425713000074,53.512811803000034,Geestemünde,Grünhöfe
4532,12,2019,9,1,17,3,5,3,1,1,0,0,0,0,0,0,8.595624516000044,53.53569803500005,Geestemünde,Geestendorf
4533,12,2019,8,5,21,3,5,3,1,1,0,0,0,0,2,0,8.586601035000058,53.53667666900003,Geestemünde,Geestemünde-Nord
4534,12,2019,9,1,12,3,5,3,1,1,0,0,0,0,0,0,8.591175895000049,53.51832121100006,Wulsdorf,Dreibergen
4535,12,2019,9,1,17,3,3,6,1,0,0,0,0,0,0,0,8.598221950000038,53.56398088100008,Lehe (BHV),Klushof
4536,11,2019,8,5,15,3,0,7,1,0,0,0,0,0,0,0,8.764270837000026,53.10592929100005,Walle,Überseestadt
4537,11,2019,8,5,18,3,5,3,1,1,0,0,0,0,0,0,8.86063615200004,53.08244693200004,Vahr,Gartenstadt Vahr
4538,11,2019,9,1,12,3,7,7,1,0,0,0,0,1,0,0,8.839949939000064,53.09126123800007,Schwachhausen,Neu-Schwachhausen
4539,11,2019,9,1,15,2,5,3,1,1,0,0,0,0,0,0,8.83833721800005,53.08139889700004,Schwachhausen,Gete
4540,11,2019,8,5,12,3,1,5,1,1,0,0,0,0,0,0,8.803553476000047,53.06677676900006,Neustadt,Buntentor
4541,11,2019,8,5,12,2,0,7,1,0,0,0,0,0,0,0,8.830982494000068,53.07142964800005,Östliche Vorstadt,Steintor
4542,11,2019,8,5,11,3,5,3,1,1,0,0,0,0,0,0,8.60555570200006,53.18457392200003,Vegesack,Fähr-Lobbendorf
4543,11,2019,8,5,12,3,1,5,1,1,0,0,0,0,0,0,8.864334671000051,53.06447631600008,Hemelingen,Hastedt
4544,11,2019,8,5,8,3,0,7,1,0,0,0,0,0,0,0,8.85655689300006,53.071358616000055,Hemelingen,Hastedt
4545,12,2019,8,4,13,3,6,4,1,0,1,0,0,0,0,0,8.615919094000049,53.53004311200005,Geestemünde,Bürgerpark (BHV)
4546,11,2019,9,4,15,3,4,6,1,0,0,0,0,0,0,1,8.825802896000027,53.08508879200008,Schwachhausen,Bürgerpark
4547,11,2019,9,4,11,3,5,2,1,1,0,0,0,0,0,1,8.770123213000034,53.07228900900003,Woltmershausen,Woltmershausen
4548,11,2019,9,4,11,3,5,2,1,1,0,0,0,0,0,1,8.822525608000035,53.04458670500003,Obervieland,Kattenturm
4549,11,2019,8,4,18,3,4,7,1,0,1,0,0,0,0,0,8.847542736000037,53.071584726000026,Östliche Vorstadt,Peterswerder
4550,11,2019,8,4,18,3,0,1,1,0,0,0,0,0,0,1,8.86904650200006,53.10262507600004,Horn-Lehe,Lehe
4551,11,2019,9,4,9,3,5,3,1,1,0,0,0,0,0,1,8.791891328000077,53.08262810400004,Mitte,Altstadt
4552,11,2019,9,4,14,3,0,7,1,0,0,0,0,1,0,1,8.78749003200005,53.05600069700006,Neustadt,Neuenland
4553,11,2019,8,4,16,3,0,7,1,1,0,0,0,0,0,0,8.656253586000048,53.174581028000034,Vegesack,Schönebeck
4554,11,2019,8,4,8,3,6,3,1,0,1,0,0,0,0,0,8.823174814000026,53.07296361400006,Mitte,Ostertor
4555,11,2019,8,4,13,3,0,1,1,0,0,0,0,0,0,0,8.895938103000049,53.09771018400005,Oberneuland,Unbekannt
4556,11,2019,9,4,7,3,5,2,1,1,0,0,0,0,0,1,8.835931629000072,53.082394744000055,Schwachhausen,Schwachhausen
4557,11,2019,9,4,13,3,0,2,1,1,0,0,0,0,0,1,8.795218592000026,53.075245249000034,Neustadt,Alte Neustadt
4558,11,2019,8,4,7,3,0,7,1,0,0,0,0,0,0,0,8.89995403000006,53.12347246900004,Unbekannt,Borgfeld
4559,11,2019,9,4,6,3,0,2,1,1,0,0,0,0,2,1,8.876591004000034,53.08139456000004,Vahr,Neue Vahr Südwest
4560,11,2019,8,3,18,3,0,7,1,1,0,0,0,0,0,0,8.800693147000061,53.07110361800005,Neustadt,Alte Neustadt
4561,11,2019,9,3,19,3,3,6,1,0,0,0,0,0,1,0,8.759687803000077,53.12514346700004,Gröpelingen,Ohlenhof
4562,11,2019,8,3,7,3,3,6,1,1,0,0,0,0,0,0,8.85296544800002,53.070805043000064,Östliche Vorstadt,Hulsberg
4563,11,2019,9,3,17,3,1,7,1,0,0,0,0,0,0,0,8.786544805000062,53.100641866000046,Walle,Walle
4564,11,2019,8,3,21,3,5,3,1,1,0,0,0,0,2,0,8.791780764000066,53.08270176600007,Mitte,Altstadt
4565,11,2019,9,7,14,3,0,1,1,0,0,0,0,0,0,0,8.825621976000036,53.07879683500005,Östliche Vorstadt,Fesenfeld
4566,11,2019,11,7,14,3,3,6,1,0,0,0,0,1,0,0,8.850053096000067,53.08131675600004,Schwachhausen,Gete
4567,12,2019,11,6,16,3,4,7,1,1,0,0,0,0,1,0,8.582253043000037,53.55336483000008,Lehe (BHV),Goethestrasse
4568,11,2019,11,6,13,3,0,7,1,0,0,0,0,0,0,1,8.801120169000058,53.084781709000026,Mitte,Bahnhofsvorstadt
4569,11,2019,11,6,11,3,5,3,1,1,0,0,0,0,0,0,8.570719737000047,53.19568224400007,Blumenthal,Lüssum-Bockhorn
4570,11,2019,11,6,19,3,4,6,1,0,0,0,0,0,2,1,8.928107504000025,53.07236873700003,Osterholz,Ellener Feld
4571,11,2019,11,6,15,3,3,2,1,1,0,0,0,0,0,0,8.68457167500003,53.17107820200005,Burglesum,Lesum
4572,11,2019,11,5,17,3,5,3,1,0,0,0,0,1,2,1,8.808262825000043,53.09463768500007,Findorff,Weidedamm
4573,11,2019,11,5,19,2,4,3,1,1,0,0,0,0,2,1,8.847134307000033,53.08700785100007,Schwachhausen,Riensberg
4574,11,2019,11,5,20,3,1,5,1,1,0,0,0,0,2,1,8.783035989000041,53.09939599400008,Walle,Walle
4575,11,2019,11,5,12,3,5,3,1,1,0,0,0,0,0,0,8.89247038700006,53.08120519100004,Vahr,Neue Vahr Südost
4576,11,2019,11,4,20,3,1,5,1,1,0,0,0,0,2,1,8.789060131000042,53.09419896000003,Walle,Westend
4577,11,2019,11,3,18,3,5,2,1,1,0,0,0,0,2,1,8.805742513000041,53.07412019100008,Mitte,Altstadt
4578,11,2019,11,3,20,3,6,4,1,0,1,0,0,0,2,1,8.831944962000023,53.08604106900003,Schwachhausen,Bürgerpark
4579,11,2019,11,3,22,3,0,7,1,0,0,0,0,0,2,1,8.827137617000062,53.07300633900008,Östliche Vorstadt,Steintor
4580,11,2019,11,3,7,3,5,3,1,1,0,0,0,0,0,1,8.858035193000035,53.072510847000046,Hemelingen,Hastedt
4581,11,2019,11,3,23,3,0,1,1,0,0,0,0,0,2,1,8.807357244000059,53.07418007600006,Mitte,Altstadt
4582,12,2019,11,2,19,2,5,3,1,1,0,0,0,0,2,1,8.583385586000077,53.55477186600007,Lehe (BHV),Klushof
4583,11,2019,11,2,11,3,5,2,1,0,0,0,1,0,0,0,8.81519673400004,53.08223762400007,Mitte,Bahnhofsvorstadt
4584,11,2019,11,2,16,3,5,3,1,1,0,0,0,0,1,1,8.879678112000022,53.07812195100007,Vahr,Neue Vahr Südwest
4585,11,2019,11,2,13,3,0,1,1,0,0,0,0,0,0,1,8.830396106000023,53.07159710600007,Östliche Vorstadt,Steintor
4586,11,2019,11,2,7,3,5,2,1,1,0,0,0,0,1,1,8.862891293000075,53.09018208900005,Schwachhausen,Radio Bremen
4587,11,2019,11,2,18,3,0,1,1,0,0,0,0,0,2,1,8.79891548300003,53.11362877600004,Walle,Hohweg
4588,11,2019,11,2,7,3,5,3,1,0,0,0,0,1,1,1,8.796633126000074,53.08249995600005,Mitte,Altstadt
4589,11,2019,11,2,22,3,4,6,1,0,0,0,0,0,2,1,8.787493687000051,53.094738774000064,Walle,Westend
4590,11,2019,11,7,17,3,5,3,1,1,0,0,0,0,2,1,8.846335191000037,53.04748286900008,Obervieland,Habenhausen
4591,11,2019,11,7,19,3,0,7,1,0,0,0,0,1,2,1,8.851721319000035,53.05532380100004,Obervieland,Habenhausen
4592,11,2019,11,7,15,3,0,7,1,0,0,0,0,0,0,1,8.838185759000055,53.078855531000045,Schwachhausen,Gete
4593,11,2019,11,6,12,3,5,3,1,0,0,0,0,0,0,1,8.790242509000052,53.08607818600007,Walle,Überseestadt
4594,11,2019,11,6,9,3,0,1,1,0,0,0,0,0,0,0,8.884101199000042,53.07895391800008,Vahr,Neue Vahr Südwest
4595,11,2019,11,6,13,3,5,3,1,0,0,0,0,1,0,0,8.896913742000038,53.05907427400007,Hemelingen,Sebaldsbrück
4596,11,2019,11,6,8,3,5,2,1,1,0,0,0,0,0,0,8.759499369000025,53.11995186900003,Gröpelingen,Ohlenhof
4597,11,2019,11,6,13,3,4,6,1,0,0,0,0,0,0,1,8.81220530500002,53.09776035400006,Findorff,Weidedamm
4598,11,2019,11,6,10,3,0,3,1,1,0,0,0,0,0,0,8.57082015800006,53.18124613400005,Blumenthal,Blumenthal
4599,12,2019,10,5,5,3,5,3,1,1,0,0,0,0,2,0,8.580842932000053,53.55130869200008,Mitte (BHV),Mitte-Nord
4600,11,2019,10,5,19,3,5,3,1,1,0,0,0,0,2,1,8.686084571000038,53.173313335000046,Burglesum,Lesum
4601,12,2019,10,4,10,3,5,3,1,1,0,0,0,0,0,0,8.599390787000061,53.53025083000006,Geestemünde,Geestendorf
4602,12,2019,10,4,16,3,5,3,1,1,0,0,0,0,1,0,8.599815403000036,53.55490471100006,Lehe (BHV),Buschkämpen
4603,12,2019,10,4,12,3,5,2,1,1,0,0,0,0,0,0,8.59431328200003,53.53901081600003,Geestemünde,Geestemünde-Nord
4604,11,2019,10,4,17,3,0,7,1,0,0,0,0,0,2,1,8.767431571000031,53.061282291000055,Huchting,Grolland
4605,11,2019,10,4,15,3,1,5,1,1,0,0,0,0,0,0,8.795204431000059,53.06814063300004,Neustadt,Neustadt
4606,11,2019,10,4,9,3,5,3,1,1,0,0,0,0,0,0,8.815163276000021,53.07709781500006,Mitte,Ostertor
4607,11,2019,10,3,14,3,3,2,1,1,0,0,0,0,0,0,8.849865153000053,53.08525862100004,Schwachhausen,Schwachhausen
4608,11,2019,10,3,17,3,5,3,1,1,0,0,0,0,2,0,8.579454826000074,53.18289819900008,Blumenthal,Blumenthal
4609,11,2019,10,3,9,3,5,3,1,0,0,0,0,1,0,1,8.793175165000036,53.09144788200007,Walle,Utbremen
4610,11,2019,10,3,9,3,4,2,1,1,0,0,0,0,0,1,8.56061020900006,53.18432165500008,Blumenthal,Blumenthal
4611,11,2019,10,3,8,3,5,3,1,1,0,0,0,0,0,0,8.810644503000049,53.07179962500004,Mitte,Altstadt
4612,11,2019,10,3,11,3,3,2,1,0,0,0,0,1,0,0,8.619443970000077,53.18404983700003,Vegesack,Fähr-Lobbendorf
4613,11,2019,10,3,8,3,4,7,1,0,0,0,0,0,0,0,8.808432796000034,53.07235590900007,Mitte,Altstadt
4614,11,2019,10,3,12,3,5,2,1,1,0,0,0,0,0,0,8.875029357000074,53.06225246900004,Hemelingen,Hastedt
4615,12,2019,10,2,7,3,0,7,1,0,0,0,0,0,0,1,8.590683671000022,53.54489736800008,Geestemünde,Geestemünde-Nord
4616,12,2019,10,2,15,3,5,3,1,1,0,0,0,0,0,0,8.58927138200005,53.52529328900005,Geestemünde,Geestemünde-Süd
4617,11,2019,10,2,8,3,2,7,1,1,0,0,0,0,0,0,8.782526315000041,53.08710870900006,Walle,Überseestadt
4618,11,2019,10,7,11,3,5,3,1,1,0,0,0,0,0,0,8.804559745000063,53.08582245700006,Mitte,Bahnhofsvorstadt
4619,11,2019,10,7,16,2,5,3,1,1,0,0,0,0,0,0,8.908642362000023,53.08509858900004,Oberneuland,Unbekannt
4620,11,2019,10,6,14,3,3,6,1,1,0,0,0,0,0,0,8.747196597000027,53.12626698900005,Gröpelingen,Ohlenhof
4621,11,2019,10,6,14,3,6,7,1,0,1,0,0,0,0,0,8.755788979000044,53.12458162500008,Gröpelingen,Ohlenhof
4622,11,2019,10,6,14,3,5,3,1,1,0,0,0,0,0,0,8.751788547000046,53.12223032500003,Gröpelingen,Ohlenhof
4623,11,2019,10,5,13,3,2,6,1,0,0,0,0,0,0,0,8.803758904000063,53.09307332700007,Findorff,Findorff-Bürgerweide
4624,11,2019,10,5,15,3,1,7,1,1,0,0,0,0,0,0,8.853950014000077,53.07333588800003,Östliche Vorstadt,Hulsberg
4625,12,2019,10,4,17,3,6,7,1,0,1,0,0,0,0,0,8.575625270000046,53.59063770100005,Lehe (BHV),Speckenbüttel