,UKREIS,UJAHR,UMONAT,UWOCHENTAG,USTUNDE,UKATEGORIE,UART,UTYP1,IstRad,IstPKW,IstFuss,IstKrad,IstGkfz,IstSonstig,ULICHTVERH,STRZUSTAND,longitude,latitude,Stadtteil,Ortsteil
4626,11,2019,10,4,23,3,5,2,1,1,0,0,0,0,2,0,8.801320288000056,53.07149157900005,Neustadt,Alte Neustadt
4627,11,2019,10,4,18,3,5,3,1,1,0,0,0,0,2,0,8.918154435000076,53.03888266800004,Hemelingen,Arbergen
4628,11,2019,10,4,7,3,5,2,1,1,0,0,0,0,0,0,8.85809125700007,53.06948123500007,Hemelingen,Hastedt
4629,12,2019,10,3,16,3,5,3,1,1,0,0,0,0,0,0,8.593440471000065,53.52691222700008,Geestemünde,Geestendorf
4630,11,2019,10,3,7,3,5,3,1,1,0,0,0,0,1,0,8.770467347000022,53.09550461300006,Walle,Überseestadt
4631,11,2019,10,3,18,3,5,3,1,1,0,0,0,0,1,0,8.805550649000054,53.09084394200005,Findorff,Findorff-Bürgerweide
4632,11,2019,11,3,8,2,0,7,1,1,0,0,0,0,0,1,8.891590178000058,53.10848877200005,Horn-Lehe,Lehesterdeich
4633,11,2019,10,3,7,3,5,3,1,1,0,0,0,0,1,0,8.593546168000046,53.18432863500004,Vegesack,Fähr-Lobbendorf
4634,11,2019,11,2,17,3,5,2,1,1,0,0,0,0,2,1,8.627696023000055,53.17131025900005,Vegesack,Vegesack
4635,11,2019,10,3,15,3,1,7,1,0,0,0,0,1,0,0,8.962998886000037,53.04378086600008,Hemelingen,Mahndorf
4636,11,2019,10,3,16,3,5,2,1,1,0,0,0,0,0,0,8.773124990000042,53.09181559800004,Walle,Überseestadt
4637,11,2019,10,2,15,3,1,6,1,0,0,0,0,0,0,0,8.837129796000056,53.08238694800008,Schwachhausen,Gete
4638,11,2019,11,4,18,3,0,7,1,1,0,0,0,0,2,1,8.894809735000024,53.11150402300007,Horn-Lehe,Lehesterdeich
4639,11,2019,11,3,15,2,0,1,1,0,0,0,0,0,1,1,8.630075393000027,53.165601587000026,Vegesack,Grohn
4640,11,2019,11,3,18,3,5,3,1,1,0,0,0,0,2,0,8.804958549000048,53.09153576500006,Findorff,Findorff-Bürgerweide
4641,11,2019,10,1,5,3,0,7,1,0,0,0,0,0,2,1,8.817341860000056,53.08551338000007,Findorff,Findorff-Bürgerweide
4642,11,2019,10,7,7,2,4,6,1,1,0,0,0,0,2,0,8.77061205800004,53.11418155000007,Gröpelingen,Gröpelingen
4643,11,2019,11,3,8,3,5,3,1,1,0,0,0,0,0,1,8.625478221000037,53.18132678800004,Vegesack,Unbekannt
4644,12,2019,10,6,7,3,1,5,1,1,0,0,0,0,2,1,8.588890251000066,53.56132518800007,Lehe (BHV),Klushof
4645,11,2019,10,6,8,2,0,7,1,0,0,0,0,0,0,1,8.755479212000068,53.11996298900005,Gröpelingen,Ohlenhof
4646,11,2019,10,6,15,3,5,3,1,1,0,0,0,0,0,1,8.794874918000062,53.09395206700003,Walle,Westend
4647,11,2019,10,6,12,3,3,7,1,1,0,0,0,0,0,0,8.816832537000039,53.07294504200007,Mitte,Ostertor
4648,11,2019,11,3,7,3,5,1,1,1,0,0,0,0,0,0,8.77869417100004,53.09471544600007,Walle,Steffensweg
4649,11,2019,10,6,8,3,0,1,1,0,0,0,0,0,0,1,8.568705738000062,53.20406610400005,Blumenthal,Lüssum-Bockhorn
4650,11,2019,10,6,17,3,5,3,1,1,0,0,0,0,1,0,8.753568164000058,53.123304888000064,Gröpelingen,Ohlenhof
4651,11,2019,10,6,12,3,0,2,1,1,0,0,0,0,0,0,8.819710022000038,53.03831505900007,Obervieland,Kattenturm
4652,11,2019,10,6,12,3,3,2,1,0,0,0,0,1,0,0,8.784139976000063,53.07338781100003,Neustadt,Hohentor
4653,11,2019,11,3,7,2,5,3,1,1,0,0,0,0,2,1,8.825121327000033,53.084610121000026,Schwachhausen,Bürgerpark
4654,11,2019,10,6,13,2,5,3,1,1,0,0,0,0,0,0,8.823643563000076,53.07696558000004,Östliche Vorstadt,Fesenfeld
4655,11,2019,10,6,20,3,5,3,1,1,0,0,0,0,2,1,8.80846845000002,53.08297263500003,Mitte,Bahnhofsvorstadt
4656,11,2019,11,2,13,3,0,2,1,1,0,0,0,0,0,0,8.636020834000021,53.17126956000004,Vegesack,Grohn
4657,11,2019,11,2,7,3,5,3,1,0,0,0,0,1,1,0,8.715640407000024,53.05394998600008,Huchting,Mittelshuchting
4658,11,2019,11,7,14,3,0,7,1,0,0,0,0,0,0,0,8.814009442000042,53.09251716000006,Findorff,Weidedamm
4659,11,2019,11,7,16,2,0,7,1,0,0,0,0,0,1,0,8.753700346000073,53.12338996900007,Gröpelingen,Ohlenhof
4660,11,2019,10,5,10,3,0,7,1,0,0,0,0,0,0,0,8.881382894000069,53.10261160600004,Horn-Lehe,Lehe
4661,11,2019,11,7,19,3,4,6,1,0,0,0,0,0,2,0,8.758715228000028,53.05849208800004,Huchting,Grolland
4662,11,2019,10,5,17,2,4,6,1,0,0,0,0,0,0,0,8.873019569000064,53.10074745800006,Horn-Lehe,Lehe
4663,11,2019,11,6,16,3,3,6,1,1,0,0,0,0,1,1,8.782961277000027,53.15387313900004,Unbekannt,Blockland
4664,11,2019,10,5,20,3,6,4,1,0,1,0,0,0,2,0,8.901625679000063,53.10866975300007,Horn-Lehe,Lehesterdeich
4665,11,2019,11,6,13,3,5,3,1,1,0,0,0,0,0,0,8.712391750000052,53.14510267300005,Burglesum,Burg-Grambke
4666,11,2019,10,5,17,3,0,7,1,0,0,0,0,0,0,0,8.812200491000056,53.07351962000007,Mitte,Altstadt
4667,11,2019,10,5,17,3,5,3,1,1,0,0,0,0,0,1,8.839230334000035,53.10677638000004,Horn-Lehe,Lehe
4668,11,2019,11,2,16,3,3,6,1,1,0,0,0,0,2,1,8.599849620000043,53.177523636000046,Vegesack,Fähr-Lobbendorf
4669,11,2019,10,5,15,3,0,7,1,0,0,0,0,0,0,1,8.785137374000044,53.07078293700005,Neustadt,Hohentor
4670,11,2019,11,5,18,3,5,2,1,1,0,0,0,0,2,1,8.856935558000032,53.07268701900006,Hemelingen,Hastedt
4671,11,2019,11,5,6,3,5,2,1,0,0,0,0,1,2,1,8.806829092000044,53.06045704500008,Neustadt,Huckelriede
4672,11,2019,11,5,17,3,5,2,1,1,0,0,0,0,2,1,8.858231390000071,53.105023886000026,Horn-Lehe,Lehe
4673,11,2019,10,4,11,3,1,7,1,1,0,0,0,0,0,1,8.71734359100003,53.14296710100007,Burglesum,Burg-Grambke
4674,11,2019,11,5,13,3,0,2,1,1,0,0,0,0,0,1,8.931580914000051,53.062201396000034,Osterholz,Ellener Feld
4675,11,2019,10,4,7,3,5,3,1,1,0,0,0,0,2,1,8.632242581000071,53.16959731000003,Vegesack,Grohn
4676,11,2019,10,4,8,2,5,2,1,1,0,0,0,0,0,1,8.807605683000077,53.09981677300004,Findorff,Weidedamm
4677,11,2019,10,4,17,3,5,2,1,0,0,0,1,0,0,0,8.870112936000055,53.09708738500007,Horn-Lehe,Horn
4678,11,2019,10,4,9,3,5,3,1,1,0,0,0,0,0,1,8.852203141000075,53.08616440200007,Schwachhausen,Riensberg
4679,11,2019,11,5,12,3,0,7,1,0,0,0,0,0,0,1,8.827645891000031,53.07256521700003,Östliche Vorstadt,Steintor
4680,12,2019,10,3,15,2,5,3,1,1,0,0,0,0,0,0,8.60225994700005,53.57197350700005,Lehe (BHV),Schierholz
4681,11,2019,11,5,17,3,5,3,1,1,0,0,0,0,2,0,8.868054693000033,53.07295745100004,Hemelingen,Hastedt
4682,11,2019,10,3,10,3,3,6,1,1,0,0,0,0,0,0,8.877931918000058,53.10142593900008,Horn-Lehe,Lehe
4683,12,2019,10,2,15,2,0,7,1,0,0,0,0,0,0,0,8.589559056000041,53.538093874000026,Geestemünde,Geestemünde-Nord
4684,11,2019,10,2,15,3,5,3,1,1,0,0,0,0,0,0,8.731454933000066,53.08109562600004,Unbekannt,Strom
4685,11,2019,10,2,15,3,5,3,1,1,0,0,0,0,0,0,8.797738150000043,53.102834220000034,Walle,Osterfeuerberg
4686,11,2019,11,3,9,3,5,3,1,0,0,0,0,1,0,1,8.822751984000035,53.07430666300007,Mitte,Ostertor
4687,11,2019,10,1,14,3,4,2,1,1,0,0,0,0,0,1,8.847115822000035,53.08702890400008,Schwachhausen,Riensberg
4688,11,2019,10,1,16,3,1,7,1,1,0,0,0,0,0,0,8.769413587000031,53.08251516400003,Woltmershausen,Woltmershausen
4689,11,2019,11,3,9,3,5,3,1,1,0,0,0,0,0,1,8.741091141000027,53.05266955300005,Huchting,Kirchhuchting
4690,12,2019,10,7,14,3,3,6,1,1,0,0,0,0,0,0,8.572816681000063,53.56053448000006,Lehe (BHV),Twischkamp
4691,11,2019,11,2,23,3,6,7,1,0,1,0,0,0,2,1,8.889880409000057,53.06147398000007,Hemelingen,Sebaldsbrück
4692,11,2019,11,2,17,3,5,2,1,1,0,0,0,0,2,1,8.82189479300007,53.09563208400005,Findorff,Weidedamm
4693,11,2019,11,2,16,3,5,2,1,1,0,0,0,0,2,1,8.802388735000022,53.06749337900004,Neustadt,Buntentor
4694,11,2019,10,6,17,2,1,5,1,1,0,0,0,0,1,0,8.858586714000069,53.06851985900005,Hemelingen,Hastedt
4695,12,2019,10,5,7,3,5,3,1,1,0,0,0,0,1,0,8.58558277000003,53.558201085000064,Lehe (BHV),Goethestrasse
4696,11,2019,11,2,14,3,5,3,1,1,0,0,0,0,1,1,8.82463793200003,53.08408623200006,Schwachhausen,Barkhof
4697,11,2019,11,2,16,3,5,3,1,1,0,0,0,0,2,1,8.877090850000059,53.08086409100008,Vahr,Neue Vahr Südwest
4698,11,2019,10,5,10,3,5,3,1,1,0,0,0,0,0,1,8.863026561000027,53.07147456200005,Hemelingen,Hastedt
4699,11,2019,10,5,23,2,4,6,1,1,0,0,0,0,2,0,8.805346429000053,53.073028529000055,Mitte,Altstadt
4700,11,2019,10,5,6,3,5,2,1,1,0,0,0,0,1,1,8.808503733000066,53.08803895600005,Findorff,Findorff-Bürgerweide
4701,11,2019,11,7,19,3,0,1,1,0,0,0,0,0,2,1,8.836443903000031,53.06769706300008,Östliche Vorstadt,Peterswerder
4702,11,2019,10,5,16,3,5,3,1,1,0,0,0,0,0,0,8.812384290000068,53.080953048000026,Mitte,Bahnhofsvorstadt
4703,11,2019,11,7,16,3,0,7,1,0,0,0,0,0,2,1,8.888854907000052,53.09781065300007,Horn-Lehe,Lehesterdeich
4704,12,2019,10,4,19,3,5,3,1,1,0,0,0,0,1,1,8.595032510000067,53.57205566700003,Lehe (BHV),Eckernfeld
4705,11,2019,11,7,10,3,0,7,1,0,0,0,0,0,0,1,8.832329768000022,53.07094585400006,Östliche Vorstadt,Steintor
4706,11,2019,10,4,13,3,5,3,1,1,0,0,0,0,0,0,8.870197119000068,53.06398811400004,Hemelingen,Hastedt
4707,11,2019,10,4,8,3,1,5,1,0,0,0,0,1,0,0,8.846776153000064,53.06832788400004,Östliche Vorstadt,Peterswerder
4708,12,2019,10,2,11,2,5,3,1,1,0,0,0,0,0,0,8.577886104000072,53.54602730000005,Mitte (BHV),Mitte-Süd
4709,11,2019,10,2,17,2,5,3,1,0,0,0,0,1,0,0,8.782722275000026,53.08715825600007,Walle,Überseestadt
4710,11,2019,10,2,5,3,5,3,1,1,0,0,0,0,2,0,8.82445038700007,53.08448199700007,Schwachhausen,Barkhof
4711,11,2019,10,2,12,3,5,2,1,1,0,0,0,0,0,0,8.618898929000068,53.17862377300003,Vegesack,Fähr-Lobbendorf
4712,11,2019,11,6,11,3,5,3,1,1,0,0,0,0,0,0,8.737058839000042,53.13387382600007,Gröpelingen,Oslebshausen
4713,11,2019,11,6,7,3,0,7,1,0,0,0,0,0,1,0,8.818802265000045,53.09914273300007,Findorff,Weidedamm
4714,11,2019,11,6,11,3,5,2,1,1,0,0,0,0,0,0,8.831708889000026,53.08114374300004,Schwachhausen,Gete
4715,11,2019,10,7,10,3,4,6,1,1,0,0,0,0,0,0,8.736237089000042,53.12792842600004,Gröpelingen,Oslebshausen
4716,11,2019,11,6,12,3,0,1,1,1,0,0,0,0,0,0,8.797378992000063,53.08622055700005,Mitte,Bahnhofsvorstadt
4717,11,2019,11,5,9,3,5,3,1,0,0,0,0,0,0,0,8.886112172000026,53.10972504100005,Horn-Lehe,Lehesterdeich
4718,11,2019,11,5,17,3,5,3,1,1,0,0,0,0,2,0,8.797101114000043,53.07355684700008,Neustadt,Alte Neustadt
4719,11,2019,10,7,13,3,4,6,1,1,0,0,0,0,0,0,8.836552096000048,53.08714238600004,Schwachhausen,Schwachhausen
4720,11,2019,11,5,14,3,5,3,1,1,0,0,0,0,0,1,8.786047530000076,53.080036249000045,Häfen,Hohentorshafen
4721,11,2019,10,7,16,3,0,1,1,0,0,0,0,0,0,0,8.822828703000027,53.07567099000005,Mitte,Ostertor
4722,11,2019,11,5,20,3,5,2,1,1,0,0,0,0,2,0,8.815886872000021,53.07254517500007,Mitte,Ostertor
4723,11,2019,10,6,22,3,1,7,1,1,0,0,0,0,2,1,8.802050826000027,53.09392975500003,Findorff,Regensburger Str.
4724,11,2019,11,5,13,3,5,3,1,1,0,0,0,0,0,0,8.943846821000022,53.07800700000007,Oberneuland,Unbekannt
4725,12,2019,11,4,10,3,1,5,1,1,0,0,0,0,0,0,8.615238745000056,53.58622396000004,Leherheide,Leherheide-West
4726,12,2019,11,4,16,3,2,6,1,1,0,0,0,0,1,1,8.581801287000076,53.54305106600003,Mitte (BHV),Mitte-Süd
4727,11,2019,11,4,13,3,5,3,1,1,0,0,0,0,0,0,8.734073803000058,53.05857985400007,Huchting,Mittelshuchting
4728,11,2019,11,4,17,3,4,4,1,1,1,0,0,0,2,0,8.805163325000024,53.08363807400008,Mitte,Bahnhofsvorstadt
4729,11,2019,11,4,7,3,5,3,1,1,0,0,0,0,0,0,8.787019783000062,53.08296113800003,Walle,Überseestadt
4730,11,2019,10,5,15,3,3,7,1,1,0,0,0,0,0,1,8.770575601000075,53.11415969600006,Gröpelingen,Gröpelingen
4731,11,2019,11,4,17,3,3,2,1,0,0,0,0,0,2,1,8.883690104000038,53.04823679500004,Hemelingen,Hemelingen
4732,11,2019,11,4,14,3,1,5,1,1,0,0,0,0,0,0,8.835670853000067,53.08411327500005,Schwachhausen,Schwachhausen
4733,11,2019,10,4,18,3,5,3,1,1,0,0,0,0,1,1,8.821918290000042,53.03727199300005,Obervieland,Kattenturm
4734,11,2019,10,4,13,1,0,1,1,0,0,0,0,0,0,1,8.78583740800002,53.05286773500006,Neustadt,Neuenland
4735,11,2019,10,4,14,3,5,3,1,1,0,0,0,0,0,1,8.740546941000048,53.05424286200008,Huchting,Mittelshuchting
4736,11,2019,10,4,16,2,5,2,1,1,0,0,0,0,0,1,8.802143332000071,53.07776381700006,Mitte,Altstadt
4737,12,2019,11,3,13,3,5,3,1,1,0,0,0,0,0,0,8.60414352600003,53.53088472000008,Geestemünde,Bürgerpark (BHV)
4738,12,2019,11,3,17,2,0,7,1,1,0,0,0,0,2,1,8.580988944000069,53.54475839600008,Mitte (BHV),Mitte-Süd
4739,11,2019,11,3,12,3,6,4,1,0,1,0,0,0,0,0,8.816108353000061,53.092826442000046,Findorff,Weidedamm
4740,11,2019,10,4,22,3,5,3,1,1,0,0,0,0,2,1,8.914125353000031,53.062680295000064,Hemelingen,Sebaldsbrück
4741,12,2019,10,3,13,3,5,3,1,1,0,0,0,0,0,1,8.587978164000049,53.53314555400004,Geestemünde,Geestendorf
4742,11,2019,11,2,15,3,5,2,1,1,0,0,0,0,0,0,8.862254060000055,53.10282311000003,Horn-Lehe,Lehe
4743,11,2019,10,3,12,3,6,7,1,0,1,0,0,0,0,1,8.806617388000063,53.08727031800004,Mitte,Bahnhofsvorstadt
4744,11,2019,11,2,16,3,5,3,1,1,0,0,0,0,2,0,8.783808390000047,53.10177108800008,Walle,Walle
4745,11,2019,10,3,12,3,1,5,1,1,0,0,0,0,0,0,8.894298882000044,53.10171609700007,Horn-Lehe,Lehesterdeich
4746,11,2019,11,2,14,3,5,3,1,0,0,0,0,1,0,0,8.867430056000046,53.06689693600004,Hemelingen,Hastedt
4747,11,2019,11,1,18,3,5,3,1,1,0,0,0,0,2,0,8.80494056200007,53.07554967900006,Mitte,Altstadt
4748,11,2019,9,2,13,3,5,3,1,0,0,1,0,0,0,1,8.951771251000025,53.07259373100004,Osterholz,Ellenerbrok-Schevemoor
4749,11,2019,9,2,13,3,6,7,1,0,1,0,0,0,0,1,8.818456755000057,53.07999580000006,Mitte,Bahnhofsvorstadt
4750,11,2019,11,1,14,2,5,3,1,1,0,0,0,0,0,0,8.904485326000042,53.07850862000004,Vahr,Neue Vahr Südost
4751,11,2019,9,2,13,3,4,7,1,1,0,0,0,0,0,1,8.773813336000046,53.06190955400007,Neustadt,Neuenland
4752,12,2019,11,7,16,3,5,3,1,1,0,0,0,0,0,0,8.58588893500007,53.53734962600004,Geestemünde,Geestemünde-Nord
4753,11,2019,11,3,15,2,5,3,1,1,0,0,0,0,2,1,8.86164833600003,53.09929236500005,Horn-Lehe,Lehe
4754,11,2019,12,3,19,3,5,2,1,1,0,0,0,0,2,0,8.804132755000069,53.07240163900008,Neustadt,Alte Neustadt
4755,11,2019,12,2,14,3,5,3,1,1,0,0,0,0,0,0,8.894131599000048,53.12878318700007,Unbekannt,Borgfeld
4756,11,2019,12,6,14,3,5,2,1,1,0,0,0,0,0,0,8.77618810000007,53.09865573400003,Walle,Walle
4757,11,2019,12,4,17,3,5,3,1,1,0,0,0,0,2,1,8.869586210000023,53.07460419600005,Vahr,Gartenstadt Vahr
4758,12,2019,12,3,11,3,5,3,1,1,0,0,0,0,0,1,8.593992334000063,53.54848701000003,Geestemünde,Geestemünde-Nord
4759,11,2019,12,3,14,3,5,3,1,1,0,0,0,0,0,1,8.783279981000021,53.06972466600007,Neustadt,Hohentor
4760,11,2019,12,2,15,3,5,2,1,1,0,0,0,0,0,1,8.81742190600005,53.08344690300004,Schwachhausen,Barkhof
4761,11,2019,12,2,14,3,5,2,1,1,0,0,0,0,0,1,8.878682264000076,53.07880706000003,Vahr,Gartenstadt Vahr
4762,12,2019,12,7,13,3,5,3,1,1,0,0,0,0,0,0,8.594086600000026,53.55080406800005,Geestemünde,Geestemünde-Nord
4763,11,2019,12,7,21,3,6,4,1,0,1,0,0,0,2,0,8.810630712000034,53.07180362700007,Mitte,Altstadt
4764,11,2019,12,6,14,3,2,3,1,1,0,0,0,0,0,0,8.799760569000057,53.08421693400004,Mitte,Bahnhofsvorstadt
4765,11,2019,12,6,23,3,2,6,1,1,0,0,0,0,2,0,8.81090739700005,53.08003859400003,Mitte,Bahnhofsvorstadt
4766,11,2019,12,6,8,3,5,3,1,1,0,0,0,0,0,0,8.893914006000045,53.11524132300008,Horn-Lehe,Lehesterdeich
4767,11,2019,12,5,19,3,5,3,1,1,0,0,0,0,2,1,8.677737238000077,53.173302242000034,Burglesum,Lesum
4768,11,2019,12,5,9,3,0,1,1,0,0,0,0,0,0,1,8.792338279000035,53.08561135600007,Walle,Utbremen
4769,11,2019,12,5,14,2,5,3,1,1,0,0,0,0,0,0,8.872456567000029,53.06314041200005,Hemelingen,Hastedt
4770,12,2019,12,4,15,3,0,3,1,0,0,0,0,1,0,1,8.597726840000064,53.53338527400007,Geestemünde,Geestendorf
4771,11,2019,12,4,8,3,3,3,1,1,0,0,0,0,1,0,8.82961171200003,53.03418723000004,Obervieland,Kattenturm
4772,11,2019,12,4,13,3,6,4,1,0,1,0,0,0,0,0,8.80590227500005,53.07330927100003,Mitte,Altstadt
4773,11,2019,12,4,11,3,5,3,1,1,0,0,0,0,0,0,8.755378577000045,53.11915002600006,Gröpelingen,Ohlenhof
4774,12,2019,12,3,13,3,3,6,1,0,0,0,1,0,0,0,8.600330236000048,53.53145729800008,Geestemünde,Geestendorf
4775,11,2019,12,3,16,3,3,6,1,0,0,0,0,1,2,1,8.920156058000032,53.092043698000055,Oberneuland,Unbekannt
4776,11,2019,12,3,21,2,0,7,1,0,1,0,0,0,2,1,8.824900047000028,53.07303775900005,Östliche Vorstadt,Steintor
4777,11,2019,12,2,14,3,5,2,1,0,0,0,0,1,0,1,8.824432354000066,53.084489174000055,Schwachhausen,Barkhof
4778,11,2019,12,2,13,3,5,2,1,1,0,0,0,0,0,0,8.81414346500003,53.081210173000045,Mitte,Bahnhofsvorstadt
4779,11,2019,12,2,14,3,5,2,1,1,0,0,0,0,0,0,8.71293829900003,53.04977462200003,Huchting,Mittelshuchting
4780,11,2019,12,2,8,3,5,3,1,1,0,0,0,0,0,1,8.715292680000061,53.05073296500007,Huchting,Mittelshuchting
4781,11,2019,12,1,12,3,0,7,1,1,0,0,0,0,0,1,8.88450298400005,53.053720001000045,Hemelingen,Hemelingen
4782,11,2019,12,7,13,3,0,1,1,0,0,0,0,0,0,1,8.795990669000048,53.09493626900007,Walle,Osterfeuerberg
4783,11,2019,12,7,19,2,0,1,1,0,0,0,0,0,2,1,8.875801418000037,53.08186371500005,Vahr,Gartenstadt Vahr
4784,11,2019,12,6,11,3,5,3,1,1,0,0,0,0,0,0,8.733879003000027,53.05840144300004,Huchting,Mittelshuchting
4785,11,2019,12,6,7,3,5,3,1,1,0,0,0,0,1,0,8.784068439000066,53.09294331000007,Walle,Steffensweg
4786,12,2019,12,5,15,3,5,3,1,1,0,0,0,0,0,0,8.621428335000076,53.59052754400005,Leherheide,Leherheide-West
4787,11,2019,12,5,14,3,5,7,1,1,0,0,0,0,0,0,8.875308352000047,53.08280149600006,Schwachhausen,Radio Bremen
4788,11,2019,12,5,16,3,5,3,1,1,0,0,0,0,1,0,8.846923660000073,53.04830385400004,Obervieland,Habenhausen
4789,11,2019,12,4,10,3,0,7,1,1,0,0,0,0,0,1,8.626202806000038,53.18375708800005,Vegesack,Unbekannt
4790,11,2019,12,4,17,3,5,7,1,1,0,0,0,0,2,0,8.58731448900005,53.18266853200004,Blumenthal,Blumenthal
4791,11,2019,12,4,15,3,4,2,1,1,0,0,0,0,0,1,8.785403598000073,53.08873175000008,Walle,Utbremen
4792,11,2019,12,4,20,3,0,7,1,0,0,0,0,0,2,1,8.873147341000049,53.07963872200003,Vahr,Gartenstadt Vahr
4793,11,2019,12,3,20,3,7,7,1,0,0,0,0,1,2,1,8.846917682000026,53.08047614200007,Schwachhausen,Gete
4794,11,2019,12,3,15,3,5,3,1,1,0,0,0,0,0,0,8.771918905000064,53.10274107500004,Walle,Walle
4795,11,2019,12,3,9,3,3,6,1,1,0,0,0,0,0,1,8.899903796000046,53.05292085700006,Hemelingen,Hemelingen
4796,11,2019,12,3,12,3,4,6,1,0,0,0,1,0,0,1,8.858009948000074,53.08903852100008,Schwachhausen,Radio Bremen
4797,12,2019,12,2,7,3,5,3,1,1,0,0,0,0,2,1,8.603846192000049,53.57040314300008,Lehe (BHV),Schierholz
4798,11,2019,12,2,13,3,0,7,1,0,0,0,0,0,0,0,8.822611953000035,53.074769683000056,Östliche Vorstadt,Steintor
4799,11,2019,12,2,13,3,5,2,1,1,0,0,0,0,0,0,8.844226211000034,53.07537970000004,Östliche Vorstadt,Hulsberg
4800,11,2019,12,2,8,3,5,2,1,1,0,0,0,0,0,0,8.84398832000005,53.08108106000003,Schwachhausen,Gete
4801,11,2019,12,2,17,3,5,3,1,1,0,0,0,0,2,1,8.612429894000059,53.18428637900007,Vegesack,Fähr-Lobbendorf
4802,12,2019,12,1,21,3,0,1,1,0,0,0,0,0,2,1,8.593785311000033,53.51380288500008,Wulsdorf,Dreibergen
4803,11,2019,12,1,20,3,6,4,1,0,1,0,0,0,2,1,8.808124249000059,53.07443723500006,Mitte,Altstadt
4804,11,2019,12,1,0,2,5,3,1,0,0,0,0,1,2,0,8.878941370000064,53.07892701400005,Vahr,Neue Vahr Südwest
4805,11,2019,12,7,16,2,0,7,1,0,0,0,0,0,2,1,8.736100468000075,53.13727721100008,Gröpelingen,Oslebshausen
4806,11,2019,12,6,23,3,5,3,1,1,0,0,0,0,2,1,8.803277642000069,53.08018355500008,Mitte,Altstadt
4807,11,2019,12,6,15,3,5,3,1,1,0,0,0,0,1,1,8.789530226000068,53.05471185300007,Neustadt,Neuenland
4808,11,2019,12,6,12,3,3,2,1,1,0,0,0,0,0,1,8.945584500000052,53.06817640400004,Osterholz,Ellenerbrok-Schevemoor
4809,11,2019,12,6,14,3,3,6,1,1,0,0,0,0,0,1,8.806688811000072,53.09372481500003,Findorff,Findorff-Bürgerweide
4810,12,2019,12,5,17,3,0,1,1,0,0,0,0,0,2,1,8.589377630000058,53.52173719800004,Geestemünde,Geestemünde-Süd
4811,11,2019,12,5,11,3,5,3,1,1,0,0,0,0,0,0,8.571515787000067,53.18131363200007,Blumenthal,Blumenthal
4812,11,2019,12,5,12,3,7,7,1,0,0,0,0,1,0,0,8.841847435000034,53.08017075300006,Schwachhausen,Gete
4813,11,2019,12,5,14,3,5,2,1,1,0,0,0,0,0,0,8.713702190000049,53.14013815900006,Burglesum,Burg-Grambke
4814,11,2019,12,5,10,3,5,3,1,1,0,0,0,0,0,0,8.849959761000036,53.08501702000007,Schwachhausen,Gete
4815,11,2019,12,4,18,3,5,2,1,1,0,0,0,0,2,0,8.846527021000043,53.08102195900005,Schwachhausen,Gete
4816,11,2019,12,4,17,3,3,6,1,0,0,0,0,1,2,0,8.782660149000037,53.08711569400003,Walle,Überseestadt
4817,11,2019,12,3,12,3,5,3,1,1,0,0,0,0,0,0,8.769679560000043,53.11322359700006,Gröpelingen,Gröpelingen
4818,11,2019,12,3,11,3,3,2,1,0,0,0,0,0,0,0,8.821333928000058,53.07497175800006,Mitte,Ostertor
4819,11,2019,12,3,16,3,5,3,1,1,0,0,0,0,0,0,8.825667508000038,53.08481404500003,Schwachhausen,Bürgerpark
4820,11,2019,12,3,14,3,5,2,1,0,0,0,0,1,0,1,8.850892094000073,53.04534312200008,Obervieland,Habenhausen
4821,12,2019,12,2,15,3,0,7,1,0,0,0,0,0,0,1,8.585896926000032,53.56064803700008,Lehe (BHV),Twischkamp
4822,12,2019,12,2,17,3,5,3,1,1,0,0,0,0,2,1,8.594908786000076,53.54488982800007,Geestemünde,Geestemünde-Nord
4823,11,2019,12,2,8,3,5,2,1,1,0,0,0,0,0,0,8.727094388000069,53.057436206000034,Huchting,Mittelshuchting
4824,11,2019,12,2,17,3,5,3,1,1,0,0,0,0,2,1,8.886039237000034,53.08596356600003,Vahr,Neue Vahr Nord
4825,11,2019,12,2,7,3,0,7,1,0,0,0,0,1,0,1,8.838549873000034,53.079722151000055,Schwachhausen,Gete
4826,12,2019,11,7,8,3,5,2,1,1,0,0,0,0,0,1,8.612167291000048,53.587553814000046,Leherheide,Leherheide-West
4827,11,2019,11,7,21,3,5,3,1,1,0,0,0,0,2,0,8.824440839000033,53.08455842600006,Schwachhausen,Bürgerpark
4828,11,2019,11,7,10,3,0,7,1,0,0,0,0,0,0,1,8.69097565100003,53.16874676800006,Burglesum,Lesum