,UKREIS,UJAHR,UMONAT,UWOCHENTAG,USTUNDE,UKATEGORIE,UART,UTYP1,IstRad,IstPKW,IstFuss,IstKrad,IstGkfz,IstSonstig,ULICHTVERH,STRZUSTAND,longitude,latitude,Stadtteil,Ortsteil
4829,12,2019,11,6,14,3,5,3,1,1,0,0,0,0,0,0,8.638263147000032,53.53493823600007,Schiffdorferdamm,Schiffdorferdamm
4830,11,2019,11,6,16,3,2,6,1,1,0,0,0,0,2,1,8.790959016000045,53.09541442900007,Walle,Westend
4831,11,2019,11,6,16,2,5,3,1,1,0,0,0,0,1,1,8.862112340000067,53.09932256700006,Horn-Lehe,Lehe
4832,11,2019,11,6,14,3,0,7,1,0,1,0,0,0,0,1,8.790142223000032,53.09648235200007,Walle,Westend
4833,11,2019,11,6,11,3,5,3,1,1,0,0,0,0,0,1,8.880519261000074,53.10162176300008,Horn-Lehe,Lehe
4834,11,2019,11,6,16,2,5,2,1,1,0,0,0,0,2,1,8.867501626000035,53.06984746400008,Hemelingen,Hastedt
4835,11,2019,11,6,7,3,4,2,1,1,0,0,0,0,1,0,8.863793436000037,53.07125571600005,Hemelingen,Hastedt
4836,11,2019,11,6,7,3,4,2,1,1,0,0,0,0,1,0,8.854468643000075,53.06702037500003,Östliche Vorstadt,Peterswerder
4837,11,2019,11,6,16,3,5,2,1,1,0,0,0,0,0,1,8.857014347000074,53.09124924600008,Schwachhausen,Riensberg
4838,11,2019,11,5,7,3,5,3,1,1,0,0,0,0,2,1,8.768421911000075,53.09402084800007,Walle,Überseestadt
4839,11,2019,11,5,13,3,1,7,1,0,0,0,0,1,0,1,8.811103536000076,53.08125273200005,Mitte,Bahnhofsvorstadt
4840,11,2019,11,5,16,3,3,2,1,1,0,0,0,0,1,1,8.739811902000042,53.05020394000008,Huchting,Kirchhuchting
4841,12,2019,11,4,21,3,5,3,1,1,0,0,0,0,2,0,8.593407780000064,53.53926584000004,Geestemünde,Geestemünde-Nord
4842,11,2019,11,4,9,3,5,3,1,0,0,0,0,0,0,1,8.793327015000045,53.08524216500007,Walle,Utbremen
4843,11,2019,11,4,8,3,5,2,1,1,0,0,0,0,0,0,8.77048734300007,53.11399409400008,Gröpelingen,Gröpelingen
4844,12,2020,12,5,11,3,5,3,1,1,0,0,0,0,0,0,8.579896388000066,53.54925288700008,Lehe (BHV),Klushof
4845,12,2020,2,2,17,3,5,2,1,1,0,0,0,0,2,1,8.586210983000058,53.53680217200008,Geestemünde,Geestemünde-Nord
4846,11,2020,1,4,7,3,5,3,1,1,0,0,0,0,2,1,8.809055844000056,53.05132978700004,Neustadt,Huckelriede
4847,11,2020,1,6,12,3,5,3,1,1,0,0,0,0,0,0,8.587413770000069,53.18269125400008,Blumenthal,Blumenthal
4848,11,2020,1,2,9,3,5,3,1,1,0,0,0,0,0,0,8.78397026600004,53.065736152000056,Neustadt,Neuenland
4849,11,2020,6,5,15,3,5,2,1,1,0,0,0,0,0,1,8.819279572000028,53.04819272100008,Neustadt,Huckelriede
4850,11,2020,7,2,14,3,0,1,1,0,0,0,0,0,0,0,8.819050138000023,53.04794081500006,Obervieland,Kattenturm
4851,11,2020,1,5,19,3,8,1,1,0,0,0,0,0,2,1,8.570243806000065,53.18841309900006,Blumenthal,Blumenthal
4852,11,2020,1,6,17,3,5,2,1,1,0,0,0,0,2,1,8.879587836000042,53.11304156700004,Horn-Lehe,Lehesterdeich
4853,11,2020,1,4,16,3,3,2,1,1,0,0,0,0,2,1,8.82735014900004,53.08305828800008,Schwachhausen,Barkhof
4854,11,2020,1,4,12,3,2,6,1,1,0,0,0,0,0,0,8.876439384000037,53.07913236600007,Vahr,Gartenstadt Vahr
4855,11,2020,1,2,15,3,6,4,1,0,1,0,0,0,0,0,8.826040867000074,53.03498364600006,Obervieland,Kattenturm
4856,11,2020,1,2,13,3,5,3,1,1,0,0,0,0,0,1,8.87592919900004,53.082193922000044,Vahr,Neue Vahr Südwest
4857,11,2020,1,3,17,3,5,2,1,0,0,0,0,1,1,0,8.809698965000052,53.06298264900005,Neustadt,Buntentor
4858,11,2020,1,2,13,3,5,2,1,1,0,0,0,0,0,0,8.619165602000066,53.186099366000064,Vegesack,Unbekannt
4859,11,2020,1,4,19,3,5,3,1,1,0,0,0,0,2,0,8.824901414000067,53.08464545500004,Schwachhausen,Bürgerpark
4860,11,2020,1,2,9,3,5,3,1,0,0,0,0,1,0,1,8.87711327300002,53.08084029400004,Vahr,Neue Vahr Südwest
4861,11,2020,1,4,8,3,5,3,1,1,0,0,0,0,0,1,8.793212897000046,53.09251506700008,Walle,Utbremen
4862,11,2020,1,3,14,3,0,7,1,0,0,0,0,0,0,0,8.600184631000047,53.17776205500007,Vegesack,Fähr-Lobbendorf
4863,11,2020,1,1,17,2,5,2,1,1,0,0,0,0,2,1,8.805636915000036,53.07157014400008,Neustadt,Alte Neustadt
4864,11,2020,1,5,7,3,0,7,1,1,0,0,0,0,2,1,8.795409606000021,53.06751303200008,Neustadt,Neustadt
4865,11,2020,1,4,9,2,5,3,1,1,0,0,0,0,0,1,8.863734856000065,53.10632571600007,Horn-Lehe,Lehe
4866,12,2020,1,6,10,3,5,3,1,1,0,0,0,0,0,1,8.60388616900002,53.53093073900004,Geestemünde,Bürgerpark (BHV)
4867,11,2020,1,5,5,3,0,5,1,0,0,0,0,0,2,0,8.802396471000066,53.07073116800007,Neustadt,Alte Neustadt
4868,11,2020,2,3,13,3,5,2,1,1,0,0,0,0,0,0,8.868851023000047,53.06194906300004,Hemelingen,Hastedt
4869,11,2020,1,5,15,2,5,3,1,0,0,0,0,0,0,0,8.810409930000048,53.09291027300003,Findorff,Weidedamm
4870,11,2020,1,5,11,3,5,2,1,1,0,0,0,0,0,1,8.823270749000073,53.030466614000034,Obervieland,Kattenesch
4871,11,2020,2,4,9,3,5,3,1,1,0,0,0,0,0,1,8.825019621000024,53.08458055600005,Schwachhausen,Bürgerpark
4872,11,2020,1,4,6,3,0,7,1,0,0,0,0,0,2,1,8.865158225000073,53.09656592300007,Horn-Lehe,Horn
4873,11,2020,1,3,13,3,5,3,1,1,0,0,0,0,0,1,8.772603497000034,53.10914716400004,Walle,Walle
4874,12,2020,2,5,8,3,0,7,1,0,0,0,0,0,0,1,8.553393769000024,53.57895087100008,Häfen (BHV),Stadtbremisches Überseehafengebiet Bremerhaven
4875,11,2020,1,5,16,3,5,2,1,1,0,0,0,0,0,0,8.867380145000027,53.082098923000046,Vahr,Gartenstadt Vahr
4876,11,2020,1,5,13,2,5,2,1,0,0,0,0,0,0,0,8.802846721000037,53.06997846000007,Neustadt,Alte Neustadt
4877,11,2020,1,6,1,3,0,7,1,0,0,0,0,0,2,1,8.808804161000069,53.07842906500008,Mitte,Altstadt
4878,11,2020,1,6,8,3,0,1,1,0,0,0,0,0,1,1,8.925558692000038,53.04024742400003,Hemelingen,Arbergen
4879,11,2020,2,3,13,3,4,6,1,1,0,0,0,0,0,0,8.804605517000027,53.07549167000008,Mitte,Altstadt
4880,11,2020,1,5,16,3,3,6,1,0,0,0,0,0,0,0,8.858256681000057,53.08910558300005,Schwachhausen,Radio Bremen
4881,12,2020,2,4,12,3,0,7,1,1,0,0,0,0,0,0,8.592206839000028,53.53106540200008,Geestemünde,Geestendorf
4882,11,2020,1,4,12,3,6,4,1,0,1,0,0,0,0,0,8.80214685900006,53.06764037800008,Neustadt,Buntentor
4883,11,2020,1,6,7,3,5,3,1,1,0,0,0,0,1,0,8.626952334000066,53.16976232400003,Vegesack,Vegesack
4884,11,2020,2,3,9,2,5,3,1,1,0,0,0,0,0,1,8.893336057000056,53.08222376300006,Vahr,Neue Vahr Südost
4885,11,2020,1,4,17,2,4,6,1,0,0,0,0,0,2,1,8.927073439000026,53.09003801800003,Oberneuland,Unbekannt
4886,11,2020,1,6,8,3,0,6,1,1,0,0,0,0,0,0,8.822217911000052,53.07284832600004,Mitte,Ostertor
4887,11,2020,1,4,12,3,1,7,1,1,0,0,0,0,0,0,8.85390626000003,53.06612233900006,Östliche Vorstadt,Peterswerder
4888,12,2020,1,5,20,3,5,3,1,1,0,0,0,0,2,0,8.597830381000051,53.58195125100008,Lehe (BHV),Eckernfeld
4889,11,2020,1,4,19,3,5,3,1,1,0,0,0,0,2,1,8.85816752900007,53.105056484000045,Horn-Lehe,Lehe
4890,11,2020,2,3,11,3,5,2,1,1,0,0,0,0,0,1,8.812650100000042,53.08081529900005,Mitte,Bahnhofsvorstadt
4891,11,2020,2,5,6,3,4,6,1,1,0,0,0,0,2,1,8.627954775000035,53.17270280500003,Vegesack,Vegesack
4892,11,2020,1,4,7,3,0,7,1,0,0,0,0,0,1,0,8.809865233000039,53.09910323900005,Findorff,Weidedamm
4893,11,2020,2,6,15,3,5,3,1,1,0,0,0,0,0,0,8.884879368000043,53.10003747900004,Horn-Lehe,Lehesterdeich
4894,11,2020,2,7,1,3,0,7,1,0,0,0,0,0,2,0,8.86349277100004,53.06502434700008,Hemelingen,Hastedt
4895,11,2020,2,2,8,3,6,4,1,0,1,0,0,0,0,1,8.880672016000062,53.10167895600006,Horn-Lehe,Lehe
4896,11,2020,2,4,7,3,5,3,1,1,0,0,0,0,0,0,8.604365735000044,53.17559379400007,Vegesack,Fähr-Lobbendorf
4897,11,2020,2,5,14,3,5,3,1,0,0,0,0,1,0,1,8.855020138000043,53.08200504500007,Schwachhausen,Gete
4898,12,2020,2,4,6,2,5,3,1,1,0,0,0,0,2,1,8.59669322700006,53.571761802000026,Lehe (BHV),Klushof
4899,11,2020,2,5,11,3,5,2,1,1,0,0,0,0,0,0,8.572784395000042,53.18146579100005,Blumenthal,Blumenthal
4900,11,2020,1,6,3,3,0,7,1,0,0,0,0,0,2,1,8.809756588000027,53.08866326300006,Findorff,Findorff-Bürgerweide
4901,11,2020,2,2,21,2,0,7,1,0,0,0,0,0,2,1,8.813370035000048,53.10206205500003,Findorff,Weidedamm
4902,11,2020,2,4,8,3,5,3,1,1,0,0,0,0,0,0,8.833781135000038,53.08185706300003,Schwachhausen,Schwachhausen
4903,11,2020,1,4,7,3,3,5,1,1,0,0,0,0,1,1,8.840798935000066,53.08441882600005,Schwachhausen,Schwachhausen
4904,11,2020,1,3,6,3,6,4,1,0,1,0,0,0,2,1,8.802051056000039,53.093934810000064,Findorff,Regensburger Str.
4905,11,2020,2,2,18,3,5,2,1,1,0,0,0,0,2,1,8.778725248000057,53.06459873000006,Neustadt,Neuenland
4906,11,2020,1,6,13,3,6,7,1,0,1,0,0,0,0,0,8.739613739000049,53.05498493800008,Huchting,Mittelshuchting
4907,11,2020,2,2,14,2,0,7,1,0,0,0,0,0,0,1,8.829326209000044,53.07198990000006,Östliche Vorstadt,Steintor
4908,11,2020,1,3,6,3,5,2,1,1,0,0,0,0,2,1,8.87894387700004,53.078924408000034,Vahr,Neue Vahr Südwest
4909,11,2020,1,6,11,2,3,6,1,1,0,0,0,0,0,0,8.853178721000063,53.04883724200005,Obervieland,Habenhausen
4910,11,2020,1,3,8,3,5,2,1,1,0,0,0,0,1,0,8.800428399000054,53.07871244300003,Mitte,Altstadt
4911,11,2020,1,3,16,2,5,3,1,0,0,1,0,0,1,0,8.650106544000039,53.17391808200006,Vegesack,Schönebeck
4912,11,2020,1,6,8,3,5,3,1,1,0,0,0,0,0,1,8.898485211000036,53.13465257100006,Unbekannt,Borgfeld
4913,11,2020,1,4,6,3,5,2,1,0,0,0,0,1,2,1,8.740876503000038,53.05232880300008,Huchting,Kirchhuchting
4914,11,2020,2,7,11,2,0,7,1,0,0,0,0,0,0,1,8.907558820000077,53.08220653200004,Oberneuland,Unbekannt
4915,11,2020,1,5,10,3,1,5,1,1,0,0,0,0,0,0,8.808473305000064,53.08119548500008,Mitte,Bahnhofsvorstadt
4916,11,2020,1,3,8,3,3,2,1,1,0,0,0,0,1,1,8.84263818900007,53.07206594000007,Östliche Vorstadt,Peterswerder
4917,12,2020,2,2,11,3,5,3,1,1,0,0,0,0,0,1,8.608822327000041,53.58691561200004,Leherheide,Königsheide
4918,11,2020,1,2,6,3,5,3,1,1,0,0,0,0,2,1,8.855004033000057,53.079795442000034,Schwachhausen,Gete
4919,11,2020,2,1,17,3,3,6,1,1,0,0,0,0,0,0,8.839136673000041,53.07660428400004,Östliche Vorstadt,Hulsberg
4920,11,2020,1,5,8,3,5,2,1,1,0,0,0,0,0,0,8.769646301000023,53.11040023200008,Gröpelingen,Lindenhof
4921,12,2020,2,6,17,3,0,7,1,1,0,0,0,0,1,0,8.58517144700005,53.557380901000045,Lehe (BHV),Klushof
4922,11,2020,1,2,10,1,5,3,1,0,0,0,1,0,0,0,8.900761931000034,53.03292479700008,Hemelingen,Hemelingen
4923,11,2020,2,5,19,3,5,2,1,1,0,0,0,0,2,1,8.884142929000063,53.06359900700005,Hemelingen,Sebaldsbrück
4924,11,2020,2,4,8,3,0,7,1,0,0,0,1,0,0,1,8.842986421000035,53.07268840700005,Östliche Vorstadt,Hulsberg
4925,11,2020,1,2,11,3,5,3,1,1,0,0,0,0,0,1,8.758324985000058,53.12154641600006,Gröpelingen,Ohlenhof
4926,11,2020,2,5,12,3,4,3,1,1,0,0,0,0,0,0,8.846930491000023,53.04831208300004,Obervieland,Habenhausen
4927,11,2020,1,2,7,3,4,2,1,0,0,0,0,1,2,1,8.81911232400006,53.08027913400008,Mitte,Bahnhofsvorstadt
4928,11,2020,2,6,9,2,3,2,1,0,0,0,0,0,0,0,8.806152431000044,53.09036975500004,Findorff,Findorff-Bürgerweide
4929,11,2020,1,2,17,3,5,3,1,1,0,0,0,0,2,0,8.87762521600007,53.08029895300007,Vahr,Neue Vahr Südwest
4930,11,2020,1,6,13,3,5,3,1,1,0,0,0,0,0,0,8.878531905000045,53.07891533600008,Vahr,Gartenstadt Vahr
4931,12,2020,2,2,18,3,0,1,1,0,0,0,0,0,2,1,8.585487244000035,53.51505880700006,Fischereihafen,Fischereihafen
4932,11,2020,1,6,23,3,4,3,1,1,0,0,0,0,2,1,8.79684648400007,53.06454658400003,Neustadt,Südervorstadt
4933,11,2020,1,2,16,3,6,4,1,0,1,0,0,0,0,0,8.809058839000045,53.06163634400008,Neustadt,Huckelriede
4934,11,2020,2,3,16,3,5,3,1,1,0,0,0,0,0,0,8.883323587000064,53.12128890300005,Horn-Lehe,Lehesterdeich
4935,11,2020,2,4,8,3,3,2,1,1,0,0,0,0,0,0,8.806674581000038,53.08167557500008,Mitte,Bahnhofsvorstadt
4936,11,2020,1,6,12,3,5,2,1,1,0,0,0,0,0,0,8.82686779200003,53.08333233400003,Schwachhausen,Bürgerpark
4937,11,2020,2,2,16,3,5,2,1,1,0,0,0,0,0,1,8.937742995000065,53.07542890800005,Osterholz,Ellenerbrok-Schevemoor
4938,11,2020,1,6,8,3,5,2,1,1,0,0,0,0,2,1,8.627693900000054,53.17130517600003,Vegesack,Vegesack
4939,11,2020,2,3,14,3,5,3,1,1,0,0,0,0,0,1,8.811624435000056,53.03087241500003,Obervieland,Kattenesch
4940,11,2020,1,2,8,2,5,3,1,1,0,0,0,0,0,0,8.856186514000058,53.07048713000006,Hemelingen,Hastedt
4941,11,2020,2,3,15,3,1,5,1,1,0,0,0,0,0,0,8.802710098000034,53.07023090700005,Neustadt,Alte Neustadt
4942,11,2020,1,6,9,3,5,2,1,1,0,0,0,0,0,0,8.862372164000021,53.102823252000064,Horn-Lehe,Lehe
4943,11,2020,1,1,9,3,0,7,1,0,0,0,0,1,0,2,8.888239895000027,53.08359501400008,Vahr,Neue Vahr Nord
4944,11,2020,1,5,15,3,3,6,1,1,0,0,0,0,0,0,8.850701127000036,53.08515530700004,Schwachhausen,Radio Bremen
4945,11,2020,1,1,8,3,0,1,1,0,0,0,0,0,0,2,8.79654460100005,53.136549924000064,Unbekannt,Blockland
4946,11,2020,1,2,18,3,5,3,1,1,0,0,0,0,2,0,8.81817273300004,53.077723459000026,Mitte,Ostertor
4947,11,2020,1,2,12,3,5,2,1,1,0,0,0,0,0,0,8.88172275900007,53.11124171400007,Horn-Lehe,Lehesterdeich
4948,12,2020,1,3,16,3,3,6,1,1,0,0,0,0,2,1,8.592336034000027,53.49713600000007,Fischereihafen,Fischereihafen
4949,11,2020,2,5,21,3,5,3,1,0,0,0,0,1,2,1,8.832818512000074,53.07088901100008,Östliche Vorstadt,Steintor
4950,11,2020,1,2,7,3,5,2,1,1,0,0,0,0,1,1,8.738468237000063,53.04725066600008,Huchting,Kirchhuchting
4951,11,2020,1,2,12,3,0,7,1,0,0,0,0,0,0,0,8.83120477400007,53.07524028300003,Östliche Vorstadt,Fesenfeld
4952,11,2020,2,3,14,3,3,2,1,1,0,0,0,0,0,0,8.894376876000024,53.05442923800007,Hemelingen,Hemelingen
4953,12,2020,1,7,23,2,0,1,1,0,0,0,0,0,2,1,8.62536123500007,53.54741502200005,Schiffdorferdamm,Schiffdorferdamm
4954,11,2020,1,1,20,3,5,2,1,1,0,0,0,0,2,0,8.84361231500003,53.06887759500006,Östliche Vorstadt,Peterswerder
4955,12,2020,1,2,17,3,5,3,1,1,0,0,0,0,2,0,8.601263078000045,53.53131608800004,Geestemünde,Bürgerpark (BHV)
4956,12,2020,2,4,11,3,1,5,1,1,0,0,0,0,0,0,8.584225554000056,53.556093188000034,Lehe (BHV),Goethestrasse
4957,11,2020,1,4,7,3,4,2,1,1,0,0,0,0,2,1,8.787934969000048,53.06279738600006,Neustadt,Neuenland
4958,11,2020,1,1,21,3,3,6,1,1,0,0,0,0,2,1,8.830841187000033,53.07143829800003,Östliche Vorstadt,Steintor
4959,11,2020,2,5,14,3,3,2,1,0,0,0,0,0,0,0,8.832209286000023,53.09299847900007,Schwachhausen,Neu-Schwachhausen
4960,11,2020,1,6,9,3,5,3,1,1,0,0,0,0,0,0,8.88072349500004,53.08105813200007,Vahr,Neue Vahr Südwest
4961,11,2020,2,2,14,3,5,2,1,1,0,0,0,0,0,0,8.837406921000024,53.03783504400008,Obervieland,Arsten
4962,12,2020,2,4,14,3,5,3,1,1,0,0,0,0,0,1,8.595353672000044,53.55874886000004,Lehe (BHV),Klushof
4963,11,2020,1,7,15,3,5,2,1,1,0,0,0,0,0,0,8.798862412000062,53.06584407000008,Neustadt,Buntentor
4964,12,2020,1,5,15,3,2,6,1,1,0,0,0,0,0,0,8.596713052000041,53.51153830800007,Wulsdorf,Dreibergen
4965,11,2020,2,3,14,3,5,3,1,1,0,0,0,0,0,1,8.880491671000073,53.06097873500005,Hemelingen,Hastedt
4966,11,2020,1,3,8,3,5,3,1,1,0,0,0,0,0,0,8.644118451000054,53.16504501900005,Vegesack,Grohn
4967,11,2020,2,3,14,2,5,3,1,1,0,0,0,0,0,1,8.685373114000072,53.17689220300008,Burglesum,Lesum
4968,11,2020,1,6,13,3,3,6,1,0,0,0,0,0,0,0,8.762334253000063,53.08713816700004,Woltmershausen,Woltmershausen
4969,11,2020,1,4,8,3,5,3,1,1,0,0,0,0,0,1,8.894103079000047,53.082222914000056,Vahr,Neue Vahr Südost
4970,11,2020,2,1,2,3,0,7,1,1,0,0,0,0,2,1,8.818225602000041,53.07764452700008,Mitte,Ostertor
4971,11,2020,1,2,17,3,0,7,1,0,0,0,0,1,1,0,8.753250946000037,53.12841083300003,Gröpelingen,Ohlenhof
4972,11,2020,1,6,16,3,0,7,1,0,0,0,0,1,1,1,8.86242648600006,53.10894657400007,Horn-Lehe,Lehe
4973,12,2020,1,3,8,3,5,3,1,1,0,0,0,0,0,1,8.603886975000023,53.57036470400004,Lehe (BHV),Schierholz
4974,11,2020,2,6,15,3,5,3,1,1,0,0,0,0,0,0,8.81413464600007,53.08036405400003,Mitte,Bahnhofsvorstadt
4975,11,2020,1,6,9,3,4,6,1,0,0,0,0,0,0,0,8.834574477000046,53.07225635400005,Östliche Vorstadt,Steintor
4976,11,2020,1,6,10,3,0,1,1,0,0,0,0,0,0,0,8.86982696800004,53.09729244400006,Horn-Lehe,Horn
4977,11,2020,1,6,7,3,3,6,1,0,0,0,0,0,1,0,8.85481945600003,53.07642627400003,Schwachhausen,Gete
4978,11,2020,2,4,7,3,0,7,1,0,0,0,0,0,0,1,8.814289216000077,53.10079094900004,Findorff,Weidedamm
4979,11,2020,2,5,13,2,6,4,1,0,1,0,0,0,0,1,8.805078887000036,53.07434648900005,Mitte,Altstadt
4980,11,2020,2,5,14,3,5,2,1,1,0,0,0,0,0,0,8.875928894000026,53.08218691700006,Vahr,Neue Vahr Südwest
4981,11,2020,1,6,13,3,6,4,1,0,1,0,0,0,0,1,8.843215042000054,53.06894425400003,Östliche Vorstadt,Peterswerder
4982,12,2020,2,3,6,2,5,2,1,1,0,0,0,0,2,1,8.580789038000034,53.53953587400008,Mitte (BHV),Mitte-Süd
4983,11,2020,2,4,17,3,5,3,1,1,0,0,0,0,2,0,8.77082665000006,53.09363580100006,Walle,Überseestadt
4984,11,2020,1,5,11,2,5,3,1,1,0,0,0,0,0,1,8.876577907000069,53.08108387800007,Vahr,Gartenstadt Vahr
4985,11,2020,2,2,15,3,5,3,1,1,0,0,0,0,0,1,8.799123509000026,53.05647621500003,Neustadt,Gartenstadt Süd
4986,11,2020,1,6,21,3,5,3,1,1,0,0,0,0,2,1,8.825317835000021,53.04359090200006,Obervieland,Kattenturm
4987,11,2020,1,2,16,3,5,2,1,1,0,0,0,0,0,1,8.867280899000036,53.09110922100007,Horn-Lehe,Horn
4988,11,2020,1,6,13,3,0,1,1,0,0,0,0,0,0,1,8.819759442000077,53.08043498500007,Mitte,Ostertor
4989,11,2020,2,3,16,2,5,3,1,1,0,0,0,0,0,0,8.599724270000024,53.17788440200008,Vegesack,Fähr-Lobbendorf
4990,11,2020,2,2,6,2,5,3,1,1,0,0,0,0,2,0,8.874274645000071,53.07841546800006,Vahr,Gartenstadt Vahr
4991,11,2020,1,3,11,3,0,2,1,1,0,0,0,0,0,0,8.822005304000072,53.03715488700004,Obervieland,Kattenturm
4992,11,2020,2,3,14,3,0,7,1,0,0,0,0,0,0,1,8.78498877000004,53.06088020600004,Neustadt,Neuenland
4993,12,2020,1,5,22,3,5,2,1,1,0,0,0,0,2,1,8.591226619000054,53.58131587200006,Lehe (BHV),Eckernfeld
4994,11,2020,1,5,7,3,5,2,1,0,0,0,0,1,1,0,8.818521899000075,53.086457720000055,Schwachhausen,Barkhof
4995,11,2020,1,5,14,2,0,7,1,0,0,0,0,0,0,1,8.669167408000021,53.17213227900004,Burglesum,St.Magnus
4996,11,2020,4,4,11,3,5,3,1,1,0,0,0,0,0,0,8.635982322000075,53.17128323400004,Vegesack,Grohn
4997,11,2020,3,7,14,3,3,6,1,0,0,0,0,0,0,0,8.789546597000026,53.07120600800005,Neustadt,Neustadt
4998,11,2020,4,6,14,3,4,6,1,1,0,0,0,0,0,0,8.807085006000023,53.06126276900005,Neustadt,Buntentor
4999,11,2020,5,7,13,3,5,3,1,1,0,0,0,0,0,1,8.769213561000072,53.11077978400005,Gröpelingen,Lindenhof
5000,11,2020,3,6,18,3,5,2,1,1,0,0,0,0,1,1,8.876954730000023,53.08068219000006,Vahr,Gartenstadt Vahr
5001,11,2020,4,1,9,3,5,3,1,1,0,0,0,0,0,0,8.884270315000037,53.071786581000026,Vahr,Gartenstadt Vahr
5002,11,2020,4,5,10,3,5,3,1,1,0,0,0,0,0,0,8.78677413400004,53.07450059200005,Neustadt,Alte Neustadt
5003,11,2020,4,2,19,3,5,3,1,1,0,0,0,0,0,0,8.945677257000057,53.05814487600003,Osterholz,Osterholz
5004,11,2020,5,5,12,3,5,3,1,1,0,0,0,0,0,0,8.898529512000039,53.11990551900004,Unbekannt,Borgfeld
5005,11,2020,4,4,7,3,0,7,1,0,0,0,0,0,0,0,8.896208278000074,53.05692426100006,Hemelingen,Sebaldsbrück
5006,11,2020,4,3,11,3,1,7,1,1,0,0,0,0,0,0,8.613807751000024,53.18220359300005,Vegesack,Fähr-Lobbendorf
5007,11,2020,4,3,11,2,5,3,1,1,0,0,0,0,0,0,8.804163183000071,53.072419041000046,Neustadt,Alte Neustadt
5008,11,2020,4,3,18,3,3,2,1,1,0,0,0,0,0,0,8.946370444000024,53.03936371000003,Hemelingen,Mahndorf
5009,11,2020,4,3,14,3,6,4,1,0,1,0,0,0,0,0,8.831309600000054,53.07988705600008,Schwachhausen,Gete
5010,11,2020,4,2,16,3,3,2,1,1,0,0,0,0,0,0,8.635229736000042,53.18504520400006,Vegesack,Unbekannt
5011,11,2020,4,2,14,3,5,3,1,1,0,0,0,0,0,0,8.799378902000058,53.11470106600007,Walle,Hohweg
5012,11,2020,5,4,9,3,1,7,1,1,0,0,0,0,0,0,8.859669121000024,53.08525005000007,Schwachhausen,Radio Bremen
5013,11,2020,4,2,8,3,5,2,1,1,0,0,0,0,0,0,8.824426667000068,53.08449143800004,Schwachhausen,Barkhof
5014,11,2020,3,6,7,2,3,6,1,0,0,0,0,0,0,1,8.834310663000053,53.08198138500006,Schwachhausen,Schwachhausen
5015,11,2020,4,2,19,2,5,7,1,0,0,0,0,0,0,0,8.847979020000025,53.093530230000056,Schwachhausen,Neu-Schwachhausen
5016,11,2020,4,4,13,3,6,4,1,0,1,0,0,0,0,0,8.876976375000027,53.06334120200006,Hemelingen,Hastedt
5017,11,2020,3,6,16,3,5,2,1,1,0,0,0,0,0,1,8.829427777000035,53.08056258000005,Schwachhausen,Barkhof
5018,11,2020,4,2,20,3,0,7,1,1,0,0,0,0,1,0,8.791332540000042,53.06985829800004,Neustadt,Neustadt
5019,11,2020,4,6,12,3,5,3,1,0,0,0,0,0,0,0,8.798310135000065,53.06611997200008,Neustadt,Südervorstadt
5020,11,2020,4,1,18,3,0,7,1,0,0,0,0,0,0,0,8.835724172000027,53.06826955400004,Östliche Vorstadt,Peterswerder
5021,11,2020,4,1,14,3,5,2,1,1,0,0,0,0,0,0,8.838014645000044,53.06789341700005,Östliche Vorstadt,Peterswerder
5022,11,2020,5,4,11,3,6,4,1,0,1,0,0,0,0,0,8.79000155400007,53.07164773900007,Neustadt,Hohentor
5023,11,2020,4,1,16,3,0,7,1,0,0,0,0,0,0,0,8.761111241000037,53.059391825000034,Huchting,Grolland
5024,11,2020,4,1,14,2,0,1,1,0,0,0,0,0,0,0,8.630547339000032,53.15677636600003,Burglesum,Werderland
5025,11,2020,4,4,17,3,3,6,1,0,0,0,0,0,0,1,8.865219610000054,53.08222029600006,Vahr,Gartenstadt Vahr
5026,11,2020,4,1,16,2,5,2,1,1,0,0,0,0,0,0,8.751724016000026,53.16392066500004,Unbekannt,Blockland
5027,12,2020,3,4,0,3,5,2,1,0,0,0,0,1,2,1,8.618662241000038,53.52842211200005,Geestemünde,Bürgerpark (BHV)
5028,12,2020,4,7,17,1,5,3,1,1,0,0,0,0,0,0,8.619347830000038,53.51088639500006,Geestemünde,Grünhöfe
5029,11,2020,4,5,15,3,5,3,1,1,0,0,0,0,0,0,8.781518763000065,53.10102126200008,Walle,Walle
5030,11,2020,4,7,12,3,5,3,1,1,0,0,0,0,0,0,8.87425823500007,53.09703720800008,Horn-Lehe,Horn
5031,11,2020,4,4,15,3,5,3,1,0,0,0,0,0,0,0,8.809725249000053,53.06295406500004,Neustadt,Buntentor
5032,11,2020,3,4,18,3,5,3,1,0,0,0,0,0,1,1,8.840895300000057,53.06736760200005,Östliche Vorstadt,Peterswerder