,UKREIS,UJAHR,UMONAT,UWOCHENTAG,USTUNDE,UKATEGORIE,UART,UTYP1,IstRad,IstPKW,IstFuss,IstKrad,IstGkfz,IstSonstig,ULICHTVERH,STRZUSTAND,longitude,latitude,Stadtteil,Ortsteil
5033,11,2020,4,6,8,3,5,3,1,0,0,1,0,0,0,0,8.799163523000061,53.07949018900007,Mitte,Altstadt
5034,11,2020,3,4,13,3,5,2,1,1,0,0,0,0,0,0,8.638105922000022,53.173228968000046,Vegesack,Schönebeck
5035,11,2020,3,4,13,3,6,4,1,0,1,0,0,0,0,0,8.761701924000022,53.11528846200008,Gröpelingen,Gröpelingen
5036,11,2020,3,3,13,3,0,7,1,0,0,0,0,1,0,0,8.775833043000034,53.10219756300006,Walle,Walle
5037,11,2020,4,7,16,3,5,3,1,1,0,0,0,0,0,0,8.619076017000054,53.18051622100006,Vegesack,Vegesack
5038,12,2020,5,1,18,3,0,7,1,0,0,0,0,0,0,0,8.583193559000051,53.59041134800003,Lehe (BHV),Speckenbüttel
5039,11,2020,3,3,16,3,5,3,1,1,0,0,0,0,0,0,8.733400885000037,53.08126997300008,Häfen,Neustädter Hafen
5040,11,2020,3,2,17,3,6,4,1,0,1,0,0,0,0,0,8.616779950000023,53.17170791000007,Vegesack,Vegesack
5041,11,2020,3,4,14,3,5,3,1,1,0,0,0,0,0,0,8.811574620000044,53.03089334900005,Obervieland,Kattenesch
5042,11,2020,3,2,13,3,5,2,1,0,0,0,1,0,0,1,8.888031621000039,53.10916262900008,Horn-Lehe,Lehesterdeich
5043,12,2020,4,5,12,3,8,1,1,0,0,0,0,0,0,0,8.596452911000029,53.50924827100005,Wulsdorf,Dreibergen
5044,11,2020,3,4,17,3,2,7,1,1,0,0,0,0,0,1,8.756324910000046,53.12415553100004,Gröpelingen,Ohlenhof
5045,11,2020,4,6,13,3,0,7,1,0,1,0,0,0,0,0,8.815820563000045,53.07033484500005,Mitte,Ostertor
5046,12,2020,3,1,15,3,0,7,1,0,0,0,0,0,0,0,8.600247781000064,53.51140279800006,Wulsdorf,Dreibergen
5047,12,2020,3,7,13,3,5,2,1,1,0,0,0,0,0,0,8.592030131000058,53.52684108200003,Geestemünde,Geestendorf
5048,11,2020,4,2,6,3,5,3,1,0,0,0,0,1,0,0,8.860904159000029,53.06339126300003,Hemelingen,Hastedt
5049,11,2020,3,7,12,3,5,3,1,1,0,0,0,0,0,0,8.819730994000054,53.07579597100005,Mitte,Ostertor
5050,11,2020,5,5,15,3,0,6,1,0,0,0,0,0,0,0,8.788247675000036,53.09750020800004,Walle,Westend
5051,11,2020,3,6,17,3,3,3,1,1,0,0,0,0,0,0,8.794142790000024,53.10304611500004,Walle,Osterfeuerberg
5052,11,2020,3,5,12,3,5,3,1,1,0,0,0,0,0,0,8.618793527000037,53.17771151100004,Vegesack,Fähr-Lobbendorf
5053,12,2020,5,3,19,3,5,3,1,1,0,0,0,0,0,0,8.580818944000043,53.55117924800004,Mitte (BHV),Mitte-Nord
5054,11,2020,4,4,17,3,0,7,1,0,0,0,0,0,0,1,8.821049968000068,53.07273636300005,Mitte,Ostertor
5055,11,2020,5,4,22,3,0,7,1,0,0,0,0,1,2,0,8.785483460000023,53.09674883600008,Walle,Westend
5056,11,2020,3,5,1,2,6,4,1,0,1,0,0,0,2,0,8.812426394000056,53.08605203800005,Findorff,Findorff-Bürgerweide
5057,11,2020,4,3,8,3,5,3,1,1,0,0,0,0,0,0,8.818163649000041,53.07773702100008,Mitte,Ostertor
5058,11,2020,3,4,6,2,0,1,1,0,0,0,0,0,0,0,8.811325134000072,53.06070800400005,Neustadt,Huckelriede
5059,11,2020,3,4,15,2,6,4,1,0,1,0,0,0,0,0,8.858807746000025,53.124319582000055,Unbekannt,Blockland
5060,11,2020,3,3,16,3,5,3,1,1,0,0,0,0,0,0,8.738595115000066,53.08842158900006,Häfen,Neustädter Hafen
5061,11,2020,3,2,18,3,1,7,1,1,0,0,0,0,0,0,8.809269562000054,53.09488114000004,Findorff,Weidedamm
5062,11,2020,4,7,14,2,0,1,1,0,0,0,0,1,0,0,8.831449245000044,53.07595099300005,Östliche Vorstadt,Fesenfeld
5063,11,2020,4,4,8,3,5,2,1,1,0,0,0,0,0,0,8.819099324000035,53.080272785000034,Mitte,Bahnhofsvorstadt
5064,12,2020,3,2,15,3,4,6,1,0,0,0,0,0,0,0,8.599919002000036,53.57338945800007,Lehe (BHV),Eckernfeld
5065,11,2020,3,7,8,2,0,7,1,0,0,0,0,0,0,0,8.572420953000062,53.18318523500005,Blumenthal,Blumenthal
5066,11,2020,5,5,16,3,5,3,1,1,0,0,0,0,0,0,8.876528632000031,53.081039719000046,Vahr,Gartenstadt Vahr
5067,11,2020,3,7,19,3,0,1,1,0,0,0,0,0,2,0,8.814053449000028,53.08134975300004,Mitte,Bahnhofsvorstadt
5068,11,2020,3,2,6,3,5,2,1,1,0,0,0,0,2,0,8.853543215000059,53.06482870200006,Hemelingen,Hastedt
5069,11,2020,4,5,22,2,4,6,1,1,0,0,0,0,2,0,8.806141267000044,53.08304667800007,Mitte,Bahnhofsvorstadt
5070,11,2020,3,5,11,3,0,7,1,0,0,0,0,0,0,0,8.797539415000074,53.08045133900004,Mitte,Altstadt
5071,11,2020,3,2,15,3,5,3,1,1,0,0,0,0,0,0,8.891945315000044,53.12735742900003,Unbekannt,Borgfeld
5072,11,2020,3,5,4,3,5,3,1,1,0,0,0,0,2,1,8.785951699000066,53.05735333000007,Neustadt,Neuenland
5073,11,2020,4,7,12,3,5,3,1,1,0,0,0,0,0,0,8.808325818000071,53.094729588000064,Findorff,Weidedamm
5074,11,2020,4,2,12,3,3,6,1,0,0,0,0,0,0,0,8.871639064000021,53.091759299000046,Horn-Lehe,Horn
5075,11,2020,3,4,8,3,5,3,1,0,0,0,0,1,0,0,8.93515928000005,53.05875374400006,Osterholz,Ellenerbrok-Schevemoor
5076,11,2020,3,4,12,3,5,3,1,1,0,0,0,0,0,0,8.870633601000065,53.06705762100006,Hemelingen,Hastedt
5077,12,2020,3,3,11,3,0,5,1,0,0,0,0,0,0,0,8.577611198000056,53.52151175700004,Fischereihafen,Fischereihafen
5078,11,2020,3,3,17,3,1,5,1,1,0,0,0,0,0,0,8.81290679700004,53.05866463000007,Neustadt,Huckelriede
5079,11,2020,4,6,13,3,3,6,1,0,0,0,0,0,0,0,8.804495813000074,53.080651095000064,Mitte,Altstadt
5080,11,2020,3,1,20,3,5,3,1,1,0,0,0,0,2,0,8.811311665000062,53.08151428800005,Mitte,Bahnhofsvorstadt
5081,12,2020,3,2,14,3,0,7,1,0,0,0,0,0,0,0,8.600471468000023,53.559899949000055,Lehe (BHV),Buschkämpen
5082,12,2020,4,1,14,3,0,7,1,0,0,0,0,0,0,0,8.561395084000026,53.57509422800007,Häfen (BHV),Stadtbremisches Überseehafengebiet Bremerhaven
5083,11,2020,4,4,13,3,3,2,1,1,0,0,0,0,0,0,8.856191799000044,53.07053598100004,Hemelingen,Hastedt
5084,11,2020,3,2,17,3,5,3,1,1,0,0,0,0,0,0,8.804942947000029,53.05952203700008,Neustadt,Buntentor
5085,11,2020,4,7,20,3,6,4,1,0,1,0,0,0,2,0,8.900999685000045,53.09549098300005,Oberneuland,Unbekannt
5086,12,2020,4,6,13,3,5,3,1,1,0,0,0,0,0,0,8.587826995000057,53.56270103000003,Lehe (BHV),Klushof
5087,11,2020,3,2,17,3,5,3,1,0,0,0,0,0,0,0,8.786935784000036,53.07537385500007,Neustadt,Alte Neustadt
5088,11,2020,5,3,8,3,5,3,1,1,0,0,0,0,0,0,8.641245703000038,53.16228415300003,Vegesack,Grohn
5089,12,2020,3,7,11,3,5,3,1,1,0,0,0,0,0,0,8.612180738000063,53.58755795600007,Leherheide,Leherheide-West
5090,11,2020,4,7,18,3,9,6,1,0,0,0,0,0,0,0,8.80710520200006,53.07499105600005,Mitte,Altstadt
5091,12,2020,3,6,12,3,5,2,1,0,0,0,0,1,0,0,8.598082066000075,53.53351563700005,Geestemünde,Geestendorf
5092,11,2020,5,7,12,3,5,2,1,1,0,0,0,0,0,1,8.839320899000029,53.08182241100008,Schwachhausen,Gete
5093,12,2020,2,6,15,3,5,2,1,1,0,0,0,0,0,0,8.585722715000031,53.55817665700005,Lehe (BHV),Klushof
5094,11,2020,3,6,14,3,5,2,1,0,0,0,1,0,0,0,8.726616609000075,53.12933052400007,Häfen,Industriehäfen
5095,12,2020,4,7,9,3,8,1,1,0,0,0,0,0,0,0,8.592116548000035,53.55903164000006,Lehe (BHV),Klushof
5096,11,2020,3,6,13,3,5,2,1,1,0,0,0,0,0,1,8.898954924000066,53.12857801600006,Unbekannt,Borgfeld
5097,12,2020,2,6,14,3,5,3,1,1,0,0,0,0,0,0,8.621497623000039,53.59040623800007,Leherheide,Leherheide-West
5098,12,2020,4,2,17,3,5,3,1,1,0,0,0,0,0,0,8.59521634400005,53.53901204100004,Geestemünde,Geestemünde-Nord
5099,11,2020,5,6,14,2,5,3,1,0,0,0,0,1,0,0,8.813104101000022,53.09889061000007,Findorff,Weidedamm
5100,11,2020,3,6,18,3,0,1,1,0,0,0,0,0,0,0,8.829693288000044,53.08548714400007,Schwachhausen,Bürgerpark
5101,12,2020,4,5,15,3,5,3,1,1,0,0,0,0,0,0,8.593526636000036,53.54665728800006,Geestemünde,Geestemünde-Nord
5102,11,2020,3,6,12,3,5,3,1,1,0,0,0,0,0,0,8.894911944000057,53.04601614200004,Hemelingen,Hemelingen
5103,11,2020,3,6,11,3,5,3,1,1,0,0,0,0,0,1,8.738436146000026,53.05162792700003,Huchting,Kirchhuchting
5104,12,2020,3,5,18,3,1,5,1,1,0,0,0,0,0,0,8.595562347000055,53.52390005000007,Geestemünde,Geestemünde-Süd
5105,11,2020,5,4,14,3,6,4,1,0,1,0,0,0,0,0,8.841325588000075,53.06926817200008,Östliche Vorstadt,Peterswerder
5106,12,2020,3,5,16,3,5,2,1,1,0,0,0,0,0,0,8.595257831000026,53.54314252300003,Geestemünde,Geestemünde-Nord
5107,11,2020,3,5,17,2,6,4,1,0,1,0,0,0,0,0,8.791492009000024,53.06500594800008,Neustadt,Neustadt
5108,11,2020,2,6,5,3,5,3,1,1,0,0,0,0,2,0,8.884169130000032,53.06362970500004,Hemelingen,Sebaldsbrück
5109,11,2020,3,4,18,3,5,3,1,1,0,0,0,0,2,0,8.892110947000049,53.11170018000007,Horn-Lehe,Lehesterdeich
5110,11,2020,3,4,10,3,3,6,1,1,0,0,0,0,0,0,8.813003810000055,53.05854826600006,Neustadt,Huckelriede
5111,12,2020,4,5,19,3,5,3,1,1,0,0,0,0,0,0,8.597950171000036,53.581031067000026,Lehe (BHV),Eckernfeld
5112,11,2020,4,6,18,3,5,6,1,0,0,0,0,0,0,0,8.808435105000058,53.07516490100005,Mitte,Altstadt
5113,11,2020,3,4,17,3,0,3,1,1,0,0,0,0,0,0,8.836178263000022,53.08232496100004,Schwachhausen,Gete
5114,11,2020,5,4,16,3,5,3,1,1,0,0,0,0,0,0,8.87501743200005,53.09122139100003,Horn-Lehe,Horn
5115,11,2020,2,6,8,3,0,1,1,0,0,0,0,0,0,1,8.864926166000032,53.09586754600008,Horn-Lehe,Horn
5116,11,2020,3,4,11,3,5,3,1,1,0,0,0,0,0,0,8.927953468000055,53.038448121000044,Hemelingen,Arbergen
5117,11,2020,4,4,13,3,5,2,1,1,0,0,0,0,0,0,8.872434915000042,53.06311782200004,Hemelingen,Hastedt
5118,11,2020,4,5,8,3,0,7,1,0,0,0,0,0,0,1,8.936416381000072,53.07381784600005,Osterholz,Ellenerbrok-Schevemoor
5119,11,2020,3,4,10,3,5,2,1,0,0,0,0,1,0,0,8.824425918000031,53.08449173500003,Schwachhausen,Barkhof
5120,12,2020,5,2,13,2,6,7,1,0,1,0,0,0,0,0,8.600424021000038,53.528283558000055,Geestemünde,Geestendorf
5121,11,2020,3,3,18,2,6,4,1,0,1,0,0,0,2,1,8.821144052000022,53.077503472000046,Mitte,Ostertor
5122,11,2020,4,7,12,3,5,3,1,1,0,0,0,0,0,0,8.82545243900006,53.08444054600005,Schwachhausen,Bürgerpark
5123,11,2020,3,3,12,3,0,6,1,0,1,0,0,0,0,0,8.78891580800007,53.093450336000046,Walle,Westend
5124,12,2020,5,6,16,2,5,3,1,1,0,0,0,0,0,1,8.600877749000063,53.50924646000004,Wulsdorf,Dreibergen
5125,11,2020,2,6,18,3,0,7,1,0,0,0,0,0,0,0,8.730259215000046,53.04022716500003,Huchting,Kirchhuchting
5126,11,2020,2,5,13,3,6,4,1,0,1,0,0,0,0,0,8.805913442000076,53.078898554000034,Mitte,Altstadt
5127,12,2020,3,2,5,3,5,3,1,1,0,0,0,0,2,1,8.606434706000073,53.53048497800006,Geestemünde,Bürgerpark (BHV)
5128,11,2020,4,1,17,3,5,2,1,1,0,0,0,0,0,0,8.884166955000069,53.06362715700004,Hemelingen,Sebaldsbrück
5129,11,2020,4,2,12,3,6,4,1,0,1,0,0,0,0,0,8.807012390000068,53.08193190000003,Mitte,Bahnhofsvorstadt
5130,12,2020,5,5,14,3,5,3,1,1,0,0,0,0,0,0,8.595386473000076,53.55875527400008,Lehe (BHV),Klushof
5131,11,2020,3,2,12,3,5,3,1,1,0,0,0,0,0,0,8.824931493000065,53.08418910600005,Schwachhausen,Barkhof
5132,11,2020,2,5,16,3,1,7,1,1,0,0,0,0,0,1,8.805443758000024,53.10048354700007,Findorff,Weidedamm
5133,11,2020,4,7,20,3,0,1,1,0,0,0,0,0,0,0,8.933030244000065,53.03893612200005,Hemelingen,Mahndorf
5134,11,2020,3,2,12,2,5,3,1,1,0,0,0,0,0,0,8.82473615200007,53.08413926600008,Schwachhausen,Barkhof
5135,11,2020,4,2,18,2,6,4,1,0,1,0,0,0,0,0,8.853863621000073,53.08263319000008,Schwachhausen,Radio Bremen
5136,11,2020,3,2,14,3,3,2,1,1,0,0,0,0,0,0,8.818421917000023,53.08648867800008,Findorff,Findorff-Bürgerweide
5137,12,2020,2,4,6,3,0,1,1,0,0,0,0,0,2,2,8.619118360000073,53.588942204000034,Leherheide,Leherheide-West
5138,12,2020,4,5,6,2,5,2,1,1,0,0,0,0,0,0,8.572626654000032,53.56049604500004,Lehe (BHV),Twischkamp
5139,11,2020,3,2,14,3,0,7,1,1,0,0,0,0,0,0,8.805478164000021,53.08157713400004,Mitte,Bahnhofsvorstadt
5140,11,2020,3,2,16,2,5,2,1,1,0,0,0,0,0,1,8.886862712000038,53.06253830500003,Hemelingen,Sebaldsbrück
5141,11,2020,3,1,18,3,5,2,1,1,0,0,0,0,1,1,8.773129157000028,53.08116594000006,Woltmershausen,Woltmershausen
5142,11,2020,3,7,18,3,7,7,1,0,0,0,1,0,2,0,8.818920958000035,53.11522439700008,Findorff,In den Hufen
5143,11,2020,3,7,11,3,5,3,1,1,0,0,0,0,0,1,8.805631797000046,53.10064582500007,Findorff,Weidedamm
5144,11,2020,4,5,14,2,0,7,1,0,0,0,0,0,0,0,8.820569549000027,53.07268580300007,Mitte,Ostertor
5145,11,2020,5,2,13,2,0,7,1,0,0,0,0,0,0,0,8.70636046900006,53.17525249900007,Burglesum,Burgdamm
5146,11,2020,4,2,15,3,5,3,1,1,0,0,0,0,0,0,8.832206689000031,53.05048730200008,Obervieland,Kattenturm
5147,12,2020,5,6,14,3,0,1,1,0,0,0,0,0,0,1,8.604404253000041,53.54425594500003,Geestemünde,Bürgerpark (BHV)
5148,11,2020,6,4,19,3,0,6,1,1,0,0,0,0,0,0,8.825092876000042,53.08460185000007,Schwachhausen,Bürgerpark
5149,11,2020,5,4,19,3,3,6,1,0,0,0,0,0,0,0,8.734550348000027,53.16545668900005,Unbekannt,Blockland
5150,11,2020,7,7,4,3,0,1,1,0,0,0,0,0,1,0,8.852643029000035,53.06070914700007,Hemelingen,Hastedt
5151,11,2020,5,4,16,3,5,3,1,1,0,0,0,0,0,0,8.801904683000032,53.05791975000005,Neustadt,Gartenstadt Süd
5152,11,2020,6,3,21,3,6,6,1,0,1,0,0,0,2,0,8.819270927000048,53.03845251500008,Obervieland,Kattenturm
5153,11,2020,6,6,12,3,5,3,1,1,0,0,0,0,0,0,8.877907445000062,53.101425866000056,Horn-Lehe,Lehe
5154,11,2020,6,4,13,2,5,3,1,1,0,0,0,0,0,0,8.898157368000057,53.03344326800004,Hemelingen,Hemelingen
5155,11,2020,5,4,16,3,4,7,1,0,0,0,0,0,0,0,8.81238705900006,53.07306734000008,Mitte,Altstadt
5156,11,2020,6,6,13,3,3,2,1,1,0,0,0,0,0,0,8.840944228000069,53.09836965900007,Schwachhausen,Neu-Schwachhausen
5157,11,2020,6,6,15,3,1,7,1,1,0,0,0,0,0,1,8.802667977000056,53.06731906300007,Neustadt,Buntentor
5158,11,2020,6,3,15,3,3,6,1,0,0,0,0,0,0,0,8.839646906000041,53.151941316000034,Unbekannt,Blockland
5159,11,2020,5,5,13,3,5,3,1,1,0,0,0,0,0,0,8.813475761000063,53.08036548300004,Mitte,Bahnhofsvorstadt
5160,11,2020,6,3,15,3,5,3,1,1,0,0,0,0,0,0,8.625560035000035,53.18128794300003,Vegesack,Unbekannt
5161,11,2020,6,4,10,3,1,5,1,1,0,0,0,0,0,0,8.844950064000045,53.09124397600005,Schwachhausen,Neu-Schwachhausen
5162,11,2020,6,5,13,3,1,6,1,1,0,0,0,0,0,1,8.795063198000037,53.06785340600004,Neustadt,Neustadt
5163,11,2020,5,3,13,3,5,3,1,1,0,0,0,0,0,0,8.702039697000032,53.16770800500007,Burglesum,Burgdamm
5164,11,2020,7,5,10,3,0,7,1,0,0,0,0,0,0,0,8.825462553000023,53.07892677300004,Östliche Vorstadt,Fesenfeld
5165,11,2020,6,5,6,3,5,3,1,1,0,0,0,0,0,0,8.729114620000075,53.12865066200004,Häfen,Industriehäfen
5166,11,2020,5,4,18,3,5,3,1,1,0,0,0,0,0,0,8.872493827000028,53.08578402800004,Schwachhausen,Radio Bremen
5167,11,2020,5,3,17,3,0,2,1,1,0,0,0,0,0,0,8.806878120000022,53.06042100600007,Neustadt,Huckelriede
5168,11,2020,7,4,13,3,4,6,1,0,0,0,0,0,0,1,8.840611528000068,53.07629640500005,Östliche Vorstadt,Hulsberg
5169,11,2020,6,2,19,3,5,3,1,1,0,0,0,0,0,0,8.864464233000035,53.09481890200004,Horn-Lehe,Horn
5170,11,2020,6,2,9,3,5,2,1,1,0,0,0,0,0,0,8.80854921200006,53.08291613400007,Mitte,Bahnhofsvorstadt
5171,11,2020,5,7,14,3,6,7,1,0,1,0,0,0,0,0,8.805295176000072,53.09363082400006,Findorff,Findorff-Bürgerweide
5172,12,2020,6,4,21,2,0,1,1,0,0,0,0,0,0,0,8.585947572000066,53.55971960600005,Lehe (BHV),Goethestrasse
5173,11,2020,5,3,8,3,6,7,1,0,1,0,0,0,0,0,8.741731359000028,53.13098707000006,Gröpelingen,Oslebshausen
5174,11,2020,5,2,11,2,5,2,1,1,0,0,0,0,0,0,8.571328264000044,53.184079137000026,Blumenthal,Blumenthal
5175,11,2020,5,6,11,3,0,1,1,0,0,0,0,0,0,0,8.858204386000068,53.13626217700005,Unbekannt,Blockland
5176,11,2020,7,4,9,3,0,1,1,0,0,0,0,0,0,1,8.792703599000049,53.06575771500008,Neustadt,Neustadt
5177,11,2020,6,4,11,3,5,2,1,0,0,0,0,1,0,0,8.720184161000077,53.05677444700007,Huchting,Mittelshuchting
5178,11,2020,6,4,15,3,5,3,1,0,0,0,0,0,0,0,8.804473915000074,53.05928555100007,Neustadt,Huckelriede
5179,11,2020,5,2,14,3,0,7,1,0,0,0,0,0,0,0,8.534411589000058,53.204349370000045,Blumenthal,Farge
5180,11,2020,5,6,13,2,1,5,1,0,0,0,0,1,0,0,8.835926357000062,53.08239363600006,Schwachhausen,Schwachhausen
5181,11,2020,6,5,7,2,5,7,1,1,0,0,0,0,0,1,8.900978283000029,53.08950005500003,Horn-Lehe,Horn
5182,11,2020,6,7,15,3,1,7,1,1,0,0,0,0,0,0,8.806330156000058,53.08443771600008,Mitte,Bahnhofsvorstadt
5183,11,2020,6,6,16,3,3,7,1,1,0,0,0,0,0,1,8.626572194000062,53.17039578700008,Vegesack,Vegesack
5184,12,2020,5,1,17,2,0,7,1,0,0,0,0,0,0,0,8.592289550000032,53.58688044000007,Lehe (BHV),Speckenbüttel
5185,11,2020,7,1,6,3,0,7,1,0,0,0,0,0,1,1,8.816587389000063,53.07239163700007,Mitte,Ostertor
5186,11,2020,6,1,2,2,0,1,1,0,0,0,0,0,2,0,8.798363498000072,53.06358744300008,Neustadt,Buntentor
5187,11,2020,5,1,12,3,0,7,1,0,0,0,0,0,0,0,8.79036039600004,53.10893996100003,Walle,Hohweg
5188,12,2020,6,7,11,3,4,6,1,1,0,0,0,0,0,0,8.574240590000045,53.55273502700004,Mitte (BHV),Mitte-Nord
5189,11,2020,6,3,18,3,5,3,1,1,0,0,0,0,0,0,8.876290203000053,53.081373100000064,Vahr,Gartenstadt Vahr
5190,11,2020,6,3,13,3,5,3,1,1,0,0,0,0,0,0,8.795932334000042,53.07294213500006,Neustadt,Alte Neustadt
5191,11,2020,5,6,8,3,5,3,1,0,0,0,0,0,0,0,8.865760649000038,53.066520197000045,Hemelingen,Hastedt
5192,11,2020,6,3,17,3,5,3,1,1,0,0,0,0,0,0,8.789473311000052,53.08295436600008,Walle,Überseestadt
5193,11,2020,5,1,19,2,5,3,1,1,0,0,0,0,0,0,8.832869336000044,53.08149021300005,Schwachhausen,Gete
5194,11,2020,5,1,17,2,6,7,1,0,1,0,0,0,0,0,8.809330766000073,53.05995861900004,Neustadt,Huckelriede
5195,11,2020,6,2,16,3,4,2,1,1,0,0,0,0,0,0,8.82416377800007,53.07921172200008,Mitte,Ostertor
5196,11,2020,6,2,20,3,1,5,1,1,0,0,0,0,1,0,8.807932379000022,53.06416208500008,Neustadt,Buntentor
5197,11,2020,6,5,12,3,0,7,1,0,0,0,0,0,0,0,8.898563738000064,53.13465378200004,Unbekannt,Borgfeld
5198,11,2020,6,7,15,3,5,2,1,1,0,0,0,0,0,0,8.893538358000058,53.04693458700007,Hemelingen,Hemelingen
5199,11,2020,6,3,7,2,2,6,1,1,0,0,0,0,0,0,8.864850542000056,53.09565825700008,Horn-Lehe,Horn
5200,11,2020,5,5,12,3,5,2,1,1,0,0,0,0,0,0,8.741127151000057,53.04959640300007,Huchting,Kirchhuchting
5201,11,2020,6,3,20,2,4,6,1,0,0,0,0,0,0,0,8.855940917000055,53.12126033100003,Unbekannt,Blockland
5202,11,2020,6,4,10,3,5,2,1,1,0,0,0,0,0,0,8.882396259000075,53.07508678100004,Hemelingen,Sebaldsbrück
5203,11,2020,7,5,17,3,1,7,1,1,0,0,0,0,0,0,8.929698060000021,53.05906364600003,Osterholz,Osterholz
5204,12,2020,6,4,6,2,5,3,1,1,0,0,0,0,0,0,8.58880533200005,53.49364769600004,Fischereihafen,Fischereihafen
5205,11,2020,5,7,14,2,5,3,1,1,0,0,0,0,0,0,8.87298213500003,53.08475833900008,Schwachhausen,Radio Bremen
5206,11,2020,6,5,20,2,4,6,1,0,0,0,0,1,0,0,8.931100488000027,53.13739671700006,Unbekannt,Borgfeld
5207,11,2020,6,6,9,3,0,7,1,0,0,0,0,0,0,0,8.82642017400002,53.07472360100007,Östliche Vorstadt,Steintor
5208,11,2020,5,4,16,3,4,6,1,0,0,0,0,0,0,0,8.933772473000033,53.038792543000056,Hemelingen,Mahndorf
5209,11,2020,6,2,11,3,6,3,1,0,1,0,0,0,0,0,8.809289622000051,53.07781030500007,Mitte,Altstadt
5210,11,2020,5,6,9,3,5,3,1,1,0,0,0,0,0,0,8.802125472000057,53.077773164000064,Mitte,Altstadt
5211,11,2020,6,2,11,3,5,3,1,1,0,0,0,0,0,0,8.790416924000056,53.09212044500004,Walle,Westend
5212,11,2020,5,5,10,3,5,3,1,1,0,0,0,0,0,0,8.93257942400004,53.06976426300008,Osterholz,Blockdiek
5213,12,2020,6,2,11,2,0,7,1,0,0,0,0,0,0,0,8.594151561000047,53.53240339900003,Geestemünde,Geestendorf
5214,11,2020,5,6,14,3,0,7,1,0,0,0,0,0,0,0,8.829549580000048,53.07190134400008,Östliche Vorstadt,Steintor
5215,11,2020,6,2,14,3,5,3,1,1,0,0,0,0,0,0,8.83936675800004,53.09813365000008,Schwachhausen,Neu-Schwachhausen
5216,11,2020,5,7,21,3,0,7,1,0,0,0,0,0,2,0,8.63662447400003,53.17443583600004,Vegesack,Vegesack
5217,11,2020,5,3,15,3,0,1,1,0,0,0,0,0,0,0,8.80720911700007,53.07057152800007,Neustadt,Alte Neustadt
5218,11,2020,6,5,8,3,1,1,1,1,0,0,0,0,0,1,8.83591657900007,53.07419484600007,Östliche Vorstadt,Fesenfeld
5219,11,2020,6,1,21,2,5,2,1,1,0,0,0,0,1,0,8.723817526000062,53.04618802300007,Huchting,Sodenmatt
5220,11,2020,7,4,6,3,0,1,1,0,0,0,0,0,0,1,8.793289127000037,53.06613303400008,Neustadt,Südervorstadt
5221,11,2020,6,6,11,3,4,6,1,0,0,0,0,0,0,0,8.81771472500003,53.07951231200008,Mitte,Ostertor
5222,11,2020,6,4,23,3,0,7,1,0,0,0,0,0,2,0,8.789670483000066,53.084838012000034,Walle,Überseestadt
5223,11,2020,7,4,9,3,0,1,1,0,0,0,0,0,0,1,8.874156001000074,53.07834359900005,Vahr,Gartenstadt Vahr
5224,11,2020,5,2,13,3,5,2,1,1,0,0,0,0,0,0,8.89690829600005,53.05906096600006,Hemelingen,Sebaldsbrück
5225,11,2020,5,6,9,3,5,2,1,1,0,0,0,0,0,0,8.837185512000076,53.084962157000064,Schwachhausen,Schwachhausen
5226,11,2020,6,3,20,3,1,5,1,1,0,0,0,0,0,1,8.791099755000062,53.10058575200003,Walle,Osterfeuerberg
5227,11,2020,6,3,15,3,4,2,1,1,0,0,0,0,0,0,8.786217677000025,53.05755907000008,Neustadt,Neuenland
5228,11,2020,5,2,18,2,5,3,1,1,0,0,0,0,0,0,8.887751963000028,53.06869089500003,Hemelingen,Sebaldsbrück
5229,11,2020,6,6,12,3,3,6,1,0,0,0,0,0,0,0,8.74846169500006,53.12515544700005,Gröpelingen,Ohlenhof
5230,12,2020,5,5,14,3,5,3,1,1,0,0,0,0,0,0,8.601851407000026,53.57026747200007,Lehe (BHV),Schierholz
5231,11,2020,6,3,8,3,5,3,1,1,0,0,0,0,0,0,8.802117800000076,53.07784303900007,Mitte,Altstadt
5232,11,2020,5,5,15,3,6,6,1,0,1,0,0,0,0,0,8.797615148000034,53.07683020000008,Neustadt,Alte Neustadt
5233,11,2020,6,4,17,3,5,3,1,1,0,0,0,0,0,0,8.883446040000024,53.11059077400006,Horn-Lehe,Lehesterdeich
5234,11,2020,7,5,12,3,0,7,1,0,0,0,0,0,0,0,8.858882359000063,53.04525762000003,Obervieland,Habenhausen
5235,11,2020,6,3,18,3,5,3,1,1,0,0,0,0,0,0,8.861635328000034,53.09930203200008,Horn-Lehe,Lehe
5236,11,2020,5,5,17,3,5,3,1,1,0,0,0,0,0,0,8.627160546000027,53.17030401200003,Vegesack,Vegesack
5237,12,2020,6,2,9,3,5,3,1,1,0,0,0,0,0,0,8.60030514500005,53.52339979300007,Geestemünde,Geestemünde-Süd