,UKREIS,UJAHR,UMONAT,UWOCHENTAG,USTUNDE,UKATEGORIE,UART,UTYP1,IstRad,IstPKW,IstFuss,IstKrad,IstGkfz,IstSonstig,ULICHTVERH,STRZUSTAND,longitude,latitude,Stadtteil,Ortsteil
5238,11,2020,6,3,22,3,8,7,1,0,0,0,0,0,1,0,8.802337557000044,53.07635492800006,Mitte,Altstadt
5239,11,2020,5,2,11,3,5,3,1,1,0,0,0,0,0,0,8.75349529600004,53.12325499400004,Gröpelingen,Ohlenhof
5240,11,2020,6,6,8,3,5,3,1,0,0,0,0,1,0,0,8.77426802900004,53.10145072500006,Walle,Walle
5241,12,2020,6,2,13,3,5,3,1,0,0,0,0,0,0,1,8.576351045000024,53.56636276100005,Lehe (BHV),Twischkamp
5242,12,2020,5,5,16,3,0,7,1,0,0,0,0,0,0,0,8.549101775000054,53.58062661100007,Häfen (BHV),Stadtbremisches Überseehafengebiet Bremerhaven
5243,11,2020,6,4,12,2,5,2,1,0,0,0,0,0,0,0,8.94814324500004,53.05582799500007,Osterholz,Osterholz
5244,11,2020,6,2,13,3,5,6,1,1,0,0,0,0,0,0,8.778996936000055,53.06475973100004,Neustadt,Neuenland
5245,11,2020,5,7,3,3,0,7,1,0,0,0,0,0,2,0,8.788311789000034,53.092615143000046,Walle,Westend
5246,11,2020,6,5,12,3,4,6,1,0,0,0,0,0,0,0,8.823122499000021,53.07329044000005,Östliche Vorstadt,Steintor
5247,11,2020,6,2,14,3,5,3,1,1,0,0,0,0,0,0,8.84495895200007,53.04577728700008,Obervieland,Habenhausen
5248,11,2020,6,2,13,3,0,7,1,0,0,0,0,0,0,0,8.817129360000024,53.07884038100008,Mitte,Ostertor
5249,11,2020,5,4,13,3,0,7,1,0,0,0,0,0,0,0,8.826551547000065,53.08552440000005,Schwachhausen,Bürgerpark
5250,11,2020,6,2,12,3,2,7,1,0,0,0,0,0,0,0,8.790986797000073,53.07239564300005,Neustadt,Alte Neustadt
5251,11,2020,5,4,12,2,5,3,1,1,0,0,0,0,0,0,8.87192299000003,53.077101199000026,Vahr,Gartenstadt Vahr
5252,11,2020,6,2,18,3,6,7,1,0,1,0,0,0,0,0,8.848775638000063,53.05081355200008,Obervieland,Habenhausen
5253,12,2020,5,5,12,2,0,7,1,0,0,0,0,0,0,0,8.552048014000036,53.57927762100008,Häfen (BHV),Stadtbremisches Überseehafengebiet Bremerhaven
5254,11,2020,6,4,8,3,5,3,1,1,0,0,0,0,0,0,8.711468367000066,53.14742610900004,Burglesum,Burg-Grambke
5255,11,2020,5,1,14,3,0,7,1,0,0,0,0,0,0,0,8.869427986000062,53.08050605000005,Vahr,Gartenstadt Vahr
5256,11,2020,6,2,18,3,3,5,1,1,0,0,0,0,0,0,8.80270379500007,53.06729663900006,Neustadt,Buntentor
5257,12,2020,5,7,14,3,5,3,1,1,0,0,0,0,0,0,8.597959631000037,53.58233771000005,Lehe (BHV),Eckernfeld
5258,11,2020,6,4,16,3,3,2,1,1,0,0,0,0,0,0,8.83616928500004,53.07153646200004,Östliche Vorstadt,Peterswerder
5259,11,2020,6,5,8,3,5,2,1,0,0,0,0,1,0,1,8.902071825000064,53.07159422600006,Hemelingen,Sebaldsbrück
5260,11,2020,6,5,11,2,3,6,1,0,0,0,0,0,0,0,8.854399296000054,53.08808620400004,Schwachhausen,Radio Bremen
5261,11,2020,6,6,21,3,3,6,1,1,0,0,0,0,0,0,8.873274430000038,53.09130929200006,Horn-Lehe,Horn
5262,11,2020,5,3,18,2,0,6,1,0,1,0,0,0,0,0,8.823416052000027,53.07231780200004,Östliche Vorstadt,Steintor
5263,11,2020,5,4,8,3,5,2,1,1,0,0,0,0,0,0,8.842814849000035,53.07233135500008,Östliche Vorstadt,Peterswerder
5264,11,2020,6,1,17,3,5,2,1,1,0,0,0,0,0,1,8.800506666000047,53.07851782300003,Mitte,Altstadt
5265,11,2020,5,5,20,3,5,2,1,1,0,0,0,0,0,0,8.736418039000057,53.13367911000006,Gröpelingen,Oslebshausen
5266,11,2020,6,1,17,3,0,7,1,0,0,0,0,0,0,0,8.805350307000026,53.07303053500004,Mitte,Altstadt
5267,11,2020,6,4,15,3,5,3,1,1,0,0,0,0,0,0,8.734759853000071,53.08176596200008,Häfen,Neustädter Hafen
5268,11,2020,5,4,17,3,5,3,1,1,0,0,0,0,0,0,8.844622257000026,53.07075376300003,Östliche Vorstadt,Peterswerder
5269,12,2020,6,3,11,3,5,3,1,1,0,0,0,0,0,0,8.582250632000068,53.56070516700004,Lehe (BHV),Goethestrasse
5270,12,2020,5,3,16,3,5,3,1,1,0,0,0,0,0,0,8.621255633000033,53.59047778200005,Leherheide,Leherheide-West
5271,11,2020,6,7,18,3,0,7,1,0,0,0,0,0,0,0,8.82318473600003,53.07296481000003,Mitte,Ostertor
5272,11,2020,6,3,12,3,5,3,1,1,0,0,0,0,0,0,8.872450603000061,53.06318555700005,Hemelingen,Hastedt
5273,11,2020,6,3,9,3,1,5,1,1,0,0,0,0,0,0,8.816191021000066,53.07784537200007,Mitte,Bahnhofsvorstadt
5274,11,2020,6,6,15,3,1,5,1,1,0,0,0,0,0,0,8.857067415000074,53.082726654000055,Schwachhausen,Radio Bremen
5275,11,2020,5,6,10,3,1,3,1,1,0,0,0,0,0,0,8.825058531000025,53.08459186600004,Schwachhausen,Bürgerpark
5276,11,2020,6,3,15,3,4,6,1,1,0,0,0,0,0,0,8.811054373000047,53.05935869100006,Neustadt,Huckelriede
5277,11,2020,5,3,8,2,1,5,1,0,0,0,1,0,0,0,8.79402574900007,53.10102297500004,Walle,Osterfeuerberg
5278,12,2020,6,5,13,3,0,1,1,0,0,0,0,0,0,1,8.593840446000058,53.56110072300004,Lehe (BHV),Klushof
5279,11,2020,6,5,14,3,0,7,1,0,0,0,0,0,0,0,8.810809136000046,53.06151804300004,Neustadt,Huckelriede
5280,11,2020,6,1,12,3,0,7,1,0,0,0,0,0,0,0,8.715370951000068,53.05258088700003,Huchting,Mittelshuchting
5281,11,2020,5,5,16,3,6,4,1,0,1,0,0,0,0,0,8.852579767000066,53.060049434000064,Hemelingen,Hastedt
5282,12,2020,6,2,13,3,5,3,1,1,0,0,0,0,0,0,8.573726050000062,53.55038504600003,Mitte (BHV),Mitte-Nord
5283,11,2020,6,6,20,1,5,3,1,1,0,0,0,0,0,0,8.927703982000025,53.07253167900007,Osterholz,Ellener Feld
5284,11,2020,5,5,11,3,5,3,1,1,0,0,0,0,0,0,8.807868288000066,53.077871110000046,Mitte,Altstadt
5285,11,2020,6,3,9,2,9,1,1,0,1,0,0,0,0,0,8.894762107000076,53.09711358300007,Horn-Lehe,Lehesterdeich
5286,11,2020,5,2,17,3,6,4,1,0,1,0,0,0,0,0,8.735482722000029,53.13397321400004,Gröpelingen,Oslebshausen
5287,12,2020,6,4,18,3,5,2,1,1,0,0,0,0,0,0,8.596840389000022,53.56807509000004,Lehe (BHV),Klushof
5288,11,2020,6,5,15,2,0,7,1,0,0,0,0,0,0,1,8.787944048000043,53.08301414500005,Walle,Überseestadt
5289,11,2020,6,2,11,3,4,6,1,0,0,0,0,0,0,0,8.818935640000063,53.10995233700004,Findorff,In den Hufen
5290,11,2020,6,2,12,2,0,7,1,1,0,0,0,1,0,0,8.961261541000056,53.05738126400007,Osterholz,Tenever
5291,11,2020,5,7,12,3,0,7,1,0,0,0,0,1,0,0,8.803257534000068,53.07194323200008,Neustadt,Alte Neustadt
5292,11,2020,6,5,16,3,1,5,1,1,0,0,0,0,0,0,8.825059400000043,53.07303323900004,Östliche Vorstadt,Steintor
5293,11,2020,6,6,11,3,5,3,1,1,0,0,0,0,0,0,8.87895445600003,53.08574221600003,Vahr,Neue Vahr Nord
5294,11,2020,6,2,6,2,5,2,1,0,0,0,0,1,0,0,8.867536278000046,53.07233388000003,Hemelingen,Hastedt
5295,11,2020,5,2,15,3,4,6,1,0,0,0,0,0,0,0,8.791219864000027,53.09158079700006,Walle,Utbremen
5296,11,2020,6,2,11,3,4,6,1,0,0,0,0,0,0,0,8.824262515000044,53.07841005300003,Östliche Vorstadt,Fesenfeld
5297,11,2020,6,4,12,3,1,5,1,1,0,0,0,0,0,0,8.802717311000038,53.06728817700008,Neustadt,Buntentor
5298,11,2020,5,5,15,3,0,7,1,0,0,0,0,0,0,0,8.876039972000058,53.08200485300006,Vahr,Neue Vahr Südwest
5299,11,2020,7,5,8,3,5,2,1,1,0,0,0,0,0,1,8.868021648000024,53.07293490700005,Hemelingen,Hastedt
5300,11,2020,6,4,18,3,5,3,1,1,0,0,0,0,0,0,8.799446851000027,53.06552990100005,Neustadt,Buntentor
5301,11,2020,6,5,12,3,5,3,1,1,0,0,0,0,0,1,8.678270263000059,53.17391486600008,Burglesum,Lesum
5302,11,2020,6,2,11,3,0,7,1,1,0,0,0,0,0,0,8.825768866000033,53.07502955400008,Östliche Vorstadt,Steintor
5303,11,2020,5,7,9,3,5,3,1,0,0,0,0,1,0,0,8.838008426000044,53.06789460500005,Östliche Vorstadt,Peterswerder
5304,11,2020,6,4,17,3,5,2,1,1,0,0,0,0,0,0,8.81950570600003,53.08054230800008,Mitte,Bahnhofsvorstadt
5305,11,2020,6,5,16,3,3,2,1,0,0,0,0,1,0,1,8.788466085000039,53.09841665400006,Walle,Westend
5306,11,2020,6,1,14,3,0,1,1,0,0,0,0,0,0,0,8.736861232000024,53.04561461600008,Huchting,Kirchhuchting
5307,11,2020,5,2,7,3,5,2,1,0,0,0,0,0,0,0,8.89977192400005,53.12130674900004,Unbekannt,Borgfeld
5308,11,2020,6,1,15,3,0,7,1,0,0,0,0,0,0,1,8.802728839000054,53.06728096100005,Neustadt,Buntentor
5309,11,2020,7,4,13,2,0,4,1,0,1,0,0,0,0,1,8.809691157000032,53.07617796900007,Mitte,Altstadt
5310,11,2020,6,4,22,2,0,1,1,0,0,0,0,0,2,0,8.833400813000026,53.07926977500006,Schwachhausen,Gete
5311,12,2020,6,7,17,3,5,3,1,1,0,0,0,0,0,1,8.624891199000047,53.52937084500008,Schiffdorferdamm,Schiffdorferdamm
5312,11,2020,6,4,10,3,0,7,1,0,0,0,0,0,0,0,8.862933824000038,53.09038573300006,Schwachhausen,Riensberg
5313,11,2020,5,6,19,3,6,4,1,0,1,0,0,0,1,0,8.620507372000077,53.171976932000064,Vegesack,Vegesack
5314,11,2020,6,5,10,3,5,3,1,1,0,0,0,0,0,1,8.797863513000038,53.07069863100003,Neustadt,Alte Neustadt
5315,12,2020,6,1,2,2,0,7,1,0,0,0,0,0,2,1,8.592750698000032,53.56925040400006,Lehe (BHV),Klushof
5316,11,2020,5,1,18,3,4,6,1,0,0,0,0,0,0,1,8.837463842000034,53.03793320500006,Obervieland,Arsten
5317,12,2020,5,6,18,3,0,7,1,0,0,0,0,0,0,0,8.549843508000038,53.58033773800008,Häfen (BHV),Stadtbremisches Überseehafengebiet Bremerhaven
5318,11,2020,6,4,13,3,0,7,1,0,0,0,0,0,0,0,8.65138620600004,53.174035711000045,Vegesack,Schönebeck
5319,11,2020,5,1,12,3,5,3,1,1,0,0,0,0,0,0,8.627611152000043,53.18379124000006,Vegesack,Unbekannt
5320,11,2020,6,1,17,3,1,5,1,1,0,0,0,0,0,0,8.844720038000048,53.06834552400005,Östliche Vorstadt,Peterswerder
5321,11,2020,5,1,12,3,0,7,1,0,0,0,0,0,0,0,8.829290204000074,53.07796359300005,Östliche Vorstadt,Fesenfeld
5322,11,2020,6,3,20,3,5,2,1,1,0,0,0,0,0,0,8.553668304000041,53.19617312500003,Blumenthal,Lüssum-Bockhorn
5323,11,2020,6,4,18,3,0,1,1,0,0,0,0,0,0,0,8.827629686000023,53.07257019800005,Östliche Vorstadt,Steintor
5324,11,2020,7,5,20,3,5,3,1,1,0,0,0,0,0,0,8.798964764000061,53.07940548900007,Mitte,Altstadt
5325,11,2020,6,5,16,3,1,5,1,1,0,0,0,0,0,1,8.810712273000036,53.080319366000026,Mitte,Bahnhofsvorstadt
5326,11,2020,5,7,11,3,6,4,1,0,1,0,0,0,0,0,8.79268414300003,53.06434285500006,Neustadt,Südervorstadt
5327,11,2020,6,5,15,3,6,4,1,0,1,0,0,0,0,1,8.816717496000024,53.07303671900007,Mitte,Ostertor
5328,11,2020,7,6,7,3,5,2,1,1,0,0,0,0,0,1,8.924683304000041,53.07311321900005,Osterholz,Blockdiek
5329,11,2020,5,7,21,3,5,3,1,1,0,0,0,0,2,0,8.796410510000044,53.07188931900004,Neustadt,Alte Neustadt
5330,11,2020,6,6,8,3,4,6,1,1,0,0,0,0,0,0,8.754461838000054,53.12395690900007,Gröpelingen,Ohlenhof
5331,11,2020,6,6,16,3,5,2,1,1,0,0,0,0,0,0,8.855054361000043,53.07856041700006,Schwachhausen,Gete
5332,11,2020,5,5,20,3,3,3,1,0,0,0,0,1,0,0,8.825017158000037,53.08457983900007,Schwachhausen,Bürgerpark
5333,11,2020,6,3,9,3,5,2,1,1,0,0,0,0,0,0,8.778824761000067,53.06256442400007,Neustadt,Neuenland
5334,11,2020,5,7,16,3,5,3,1,1,0,0,0,0,0,0,8.876507705000051,53.08103292800007,Vahr,Gartenstadt Vahr
5335,11,2020,5,7,10,3,5,3,1,0,0,0,0,0,0,0,8.80936964500006,53.08851071000004,Findorff,Findorff-Bürgerweide
5336,11,2020,6,2,14,3,0,7,1,0,0,0,0,0,0,0,8.887091948000034,53.07029530500006,Hemelingen,Sebaldsbrück
5337,11,2020,6,5,10,3,4,6,1,1,0,0,0,0,0,0,8.802073095000026,53.09441745400005,Findorff,Regensburger Str.
5338,11,2020,6,6,18,3,4,2,1,1,0,0,0,0,0,0,8.779358721000051,53.100165324000045,Walle,Walle
5339,11,2020,6,5,13,3,5,3,1,1,0,0,0,0,0,0,8.729712733000042,53.17824086200005,Burglesum,Burgdamm
5340,11,2020,5,7,18,3,5,3,1,0,0,0,0,1,0,0,8.899019131000045,53.12975531500007,Unbekannt,Borgfeld
5341,11,2020,6,2,20,3,5,3,1,1,0,0,0,0,0,0,8.628528542000026,53.17547221300004,Vegesack,Vegesack
5342,11,2020,6,4,7,3,0,3,1,0,0,0,0,0,0,0,8.883618635000062,53.12121011900007,Horn-Lehe,Lehesterdeich
5343,11,2020,6,4,20,3,4,6,1,1,0,0,0,0,0,0,8.800684190000027,53.07109621800004,Neustadt,Alte Neustadt
5344,11,2020,6,5,11,3,5,3,1,1,0,0,0,0,0,1,8.740533410000069,53.05426079500006,Huchting,Mittelshuchting
5345,11,2020,6,1,15,3,5,3,1,0,0,0,0,0,0,0,8.816469380000058,53.03928889300005,Obervieland,Kattenturm
5346,11,2020,8,5,15,3,5,3,1,1,0,0,0,0,0,0,8.824542505000068,53.08418739500007,Schwachhausen,Barkhof
5347,11,2020,8,6,21,2,6,7,1,0,1,0,0,0,2,0,8.824594711000032,53.068912631000046,Mitte,Ostertor
5348,11,2020,8,4,13,3,5,2,1,1,0,0,0,0,0,0,8.894386201000032,53.05442682800003,Hemelingen,Hemelingen
5349,12,2020,8,4,16,3,0,7,1,1,0,0,0,0,0,1,8.569243151000023,53.55498890400003,Mitte (BHV),Mitte-Nord
5350,11,2020,8,4,13,3,2,6,1,1,0,0,0,0,0,0,8.788393941000038,53.07346921200008,Neustadt,Alte Neustadt
5351,12,2020,7,1,7,3,5,2,1,1,0,0,0,0,0,0,8.638658204000023,53.53091276000004,Schiffdorferdamm,Schiffdorferdamm
5352,11,2020,8,4,7,2,4,6,1,0,0,0,0,0,0,0,8.87085025700003,53.08742640100007,Schwachhausen,Radio Bremen
5353,11,2020,8,1,14,3,2,6,1,1,0,0,0,0,0,0,8.70745138500007,53.16127161000003,Burglesum,Burgdamm
5354,11,2020,8,4,8,2,1,5,1,1,0,0,0,0,0,0,8.898131226000032,53.06834516300006,Hemelingen,Sebaldsbrück
5355,11,2020,8,4,12,3,3,6,1,0,0,0,0,0,0,0,8.704211537000049,53.15686740600006,Burglesum,Burg-Grambke
5356,11,2020,7,1,13,3,0,7,1,0,0,0,0,0,0,0,8.819349097000043,53.16148650100007,Unbekannt,Blockland
5357,12,2020,8,3,7,3,5,2,1,0,0,0,1,0,0,0,8.597842401000037,53.581952012000045,Lehe (BHV),Eckernfeld
5358,11,2020,8,3,2,3,0,7,1,0,0,0,0,0,2,1,8.753830478000054,53.12048849000007,Gröpelingen,Ohlenhof
5359,11,2020,8,3,13,3,4,2,1,1,0,0,0,0,0,0,8.808231135000028,53.09466125400007,Findorff,Weidedamm
5360,11,2020,8,3,12,2,0,7,1,0,0,0,0,0,0,0,8.686149817000057,53.171074186000055,Burglesum,Lesum
5361,11,2020,7,1,15,3,3,6,1,0,0,0,0,0,0,0,8.630553736000024,53.15678429400003,Burglesum,Werderland
5362,11,2020,8,7,16,3,5,3,1,1,0,0,0,0,0,0,8.767181569000059,53.11171996000007,Gröpelingen,Lindenhof
5363,11,2020,8,3,15,3,5,3,1,1,0,0,0,0,0,0,8.863025408000055,53.07147486600008,Hemelingen,Hastedt
5364,11,2020,8,3,9,3,0,7,1,0,0,0,0,0,0,0,8.936348830000043,53.06179975300006,Osterholz,Ellenerbrok-Schevemoor
5365,11,2020,8,3,21,3,1,7,1,1,0,0,0,0,1,0,8.833849462000046,53.07400489700007,Östliche Vorstadt,Fesenfeld
5366,12,2020,8,2,8,3,5,3,1,1,0,0,0,0,0,0,8.604050007000069,53.57439823400006,Lehe (BHV),Schierholz
5367,11,2020,8,7,12,3,0,7,1,0,0,0,0,0,0,0,8.618696790000058,53.17683490100006,Vegesack,Vegesack
5368,11,2020,8,6,21,3,5,3,1,1,0,0,0,0,1,0,8.888184240000044,53.04624563900006,Hemelingen,Hemelingen
5369,11,2020,8,2,23,3,5,3,1,1,0,0,0,0,2,0,8.825186612000039,53.08453498600005,Schwachhausen,Bürgerpark
5370,11,2020,8,6,11,2,5,3,1,1,0,0,0,0,0,0,8.826194542000053,53.03433529600005,Obervieland,Kattenturm
5371,11,2020,8,1,3,3,0,7,1,0,0,0,0,0,2,0,8.801167785000075,53.06825011400008,Neustadt,Südervorstadt
5372,12,2020,8,1,20,2,2,6,1,1,0,0,0,0,1,0,8.57551439200006,53.53138419200008,Geestemünde,Geestemünde-Nord
5373,11,2020,7,1,12,3,3,6,1,0,0,0,0,0,0,0,8.93015803700007,53.11951387600004,Oberneuland,Unbekannt
5374,11,2020,8,6,17,3,0,7,1,0,0,0,0,0,0,0,8.81611027200006,53.10355315900006,Findorff,In den Hufen
5375,11,2020,7,1,18,3,0,1,1,0,1,0,0,0,0,0,8.854101110000045,53.03055811400003,Obervieland,Arsten
5376,12,2020,8,7,19,3,8,1,1,0,0,0,0,0,0,0,8.56918851100005,53.58759302500005,Lehe (BHV),Speckenbüttel
5377,11,2020,8,2,16,3,5,2,1,1,0,0,0,0,0,0,8.963400018000073,53.05737514800006,Osterholz,Osterholz
5378,11,2020,8,7,15,2,0,3,1,0,0,0,0,1,0,0,8.758857822000039,53.11599532200006,Gröpelingen,Lindenhof
5379,11,2020,8,7,14,3,0,1,1,0,0,0,0,0,0,1,8.818589634000034,53.072460557000056,Mitte,Ostertor
5380,11,2020,8,6,11,3,5,3,1,1,0,0,0,0,0,0,8.89748922900003,53.044300289000034,Hemelingen,Hemelingen
5381,12,2020,7,7,18,3,5,3,1,1,0,0,0,0,0,0,8.60669561700007,53.53044571800007,Geestemünde,Bürgerpark (BHV)
5382,11,2020,8,6,8,3,4,6,1,1,0,0,0,0,0,0,8.748906224000052,53.12495444100006,Gröpelingen,Ohlenhof
5383,11,2020,8,7,13,3,0,1,1,0,0,0,0,0,0,1,8.818035785000063,53.07239866300006,Mitte,Ostertor
5384,11,2020,8,5,5,3,0,2,1,0,0,0,0,1,0,1,8.773036534000028,53.077636435000045,Woltmershausen,Woltmershausen
5385,11,2020,8,7,9,3,5,2,1,1,0,0,0,0,0,0,8.619265212000073,53.18210629700008,Vegesack,Fähr-Lobbendorf
5386,12,2020,8,6,15,3,5,3,1,1,0,0,0,0,0,0,8.584514443000046,53.55889752200005,Lehe (BHV),Goethestrasse
5387,12,2020,7,6,12,3,5,2,1,1,0,0,0,0,0,0,8.582971841000074,53.56079780600004,Lehe (BHV),Goethestrasse
5388,11,2020,8,5,9,3,5,3,1,1,0,0,0,0,0,0,8.894404375000022,53.05132070700006,Hemelingen,Hemelingen
5389,11,2020,7,6,13,2,0,7,1,0,0,0,0,0,0,0,8.766993938000041,53.10172166400008,Walle,Überseestadt
5390,11,2020,8,5,14,3,0,7,1,0,0,0,0,1,0,0,8.80396459700006,53.07230259900007,Neustadt,Alte Neustadt
5391,11,2020,7,7,9,3,5,3,1,1,0,0,0,0,0,0,8.875439731000029,53.082166373000064,Vahr,Gartenstadt Vahr
5392,11,2020,8,6,17,3,4,1,1,1,0,0,0,0,0,0,8.845282998000073,53.09718571100007,Schwachhausen,Neu-Schwachhausen
5393,11,2020,7,6,21,2,3,6,1,1,0,0,0,0,2,0,8.84115924200006,53.06926743400004,Östliche Vorstadt,Peterswerder
5394,11,2020,7,6,18,3,6,7,1,0,1,0,0,0,0,0,8.852567503000046,53.05989086300008,Hemelingen,Hastedt
5395,11,2020,7,6,19,3,4,6,1,1,0,0,0,0,0,0,8.822566292000033,53.07493651200008,Mitte,Ostertor
5396,12,2020,8,7,13,3,2,6,1,0,0,0,0,1,0,0,8.59796052200005,53.58218220100008,Lehe (BHV),Eckernfeld
5397,12,2020,7,5,10,3,5,3,1,1,0,0,0,0,0,0,8.600114849000022,53.55865412800006,Lehe (BHV),Buschkämpen
5398,11,2020,7,7,13,3,5,3,1,1,0,0,0,0,0,1,8.63912866100003,53.17320637800003,Vegesack,Schönebeck
5399,11,2020,7,5,20,3,4,6,1,0,0,0,0,0,0,0,8.776091910000048,53.07958971600005,Woltmershausen,Woltmershausen
5400,11,2020,8,3,13,3,6,4,1,0,1,0,0,0,0,1,8.940743000000055,53.07854852400004,Oberneuland,Unbekannt
5401,11,2020,7,7,19,3,5,3,1,1,0,0,0,0,0,0,8.876461494000068,53.081017933000055,Vahr,Gartenstadt Vahr
5402,12,2020,8,3,11,2,5,3,1,1,0,0,0,0,0,0,8.593524642000034,53.57021368000005,Lehe (BHV),Klushof
5403,11,2020,7,5,11,3,3,6,1,1,0,1,0,0,0,0,8.820768817000044,53.07270677400004,Mitte,Ostertor
5404,11,2020,8,7,9,3,5,3,1,1,0,0,0,0,0,0,8.770065313000032,53.09523627600004,Walle,Überseestadt
5405,11,2020,7,5,8,3,5,2,1,1,0,0,0,0,0,0,8.82078109300005,53.05127744200007,Neustadt,Huckelriede
5406,11,2020,7,6,13,3,0,7,1,1,0,0,0,0,0,1,8.836670723000054,53.07166928200007,Östliche Vorstadt,Peterswerder
5407,11,2020,7,4,13,3,0,5,1,0,0,0,0,1,0,0,8.775763251000058,53.09055631500007,Walle,Überseestadt
5408,11,2020,7,4,10,3,0,7,1,1,0,0,0,0,0,0,8.840552918000071,53.06940214200006,Östliche Vorstadt,Peterswerder
5409,11,2020,8,5,18,2,5,3,1,0,0,0,0,0,0,0,8.76535222700005,53.11856364200003,Gröpelingen,Gröpelingen
5410,11,2020,8,7,1,2,0,7,1,0,0,0,0,0,2,0,8.801710786000058,53.07052456200006,Neustadt,Alte Neustadt
5411,11,2020,7,3,10,3,5,2,1,1,0,0,0,0,0,1,8.78807512000003,53.06289365400005,Neustadt,Südervorstadt
5412,11,2020,7,3,22,3,0,5,1,1,0,0,0,0,2,0,8.826416178000045,53.07293048700007,Östliche Vorstadt,Steintor
5413,12,2020,8,1,15,3,8,1,1,0,0,0,0,0,0,0,8.591822883000077,53.57982816800006,Lehe (BHV),Eckernfeld
5414,12,2020,7,2,14,3,5,7,1,0,0,0,0,0,0,0,8.58406495500003,53.53816381600007,Geestemünde,Geestemünde-Nord
5415,11,2020,7,2,14,3,3,6,1,0,0,0,0,0,0,0,8.884522583000035,53.07284320800005,Hemelingen,Sebaldsbrück
5416,11,2020,8,4,17,3,4,2,1,1,0,0,0,0,0,0,8.812615746000063,53.08083300800007,Mitte,Bahnhofsvorstadt
5417,11,2020,8,6,13,3,5,3,1,1,0,0,0,0,0,0,8.848709171000053,53.07148105200008,Östliche Vorstadt,Peterswerder
5418,11,2020,8,6,18,3,5,3,1,1,0,0,0,0,0,0,8.79215004200006,53.10336425200006,Walle,Osterfeuerberg
5419,11,2020,7,2,13,3,3,6,1,1,0,0,0,0,0,0,8.91065982300006,53.12439972200008,Unbekannt,Borgfeld
5420,11,2020,8,6,13,2,5,2,1,1,0,0,1,0,0,0,8.95977330900007,53.03916195500005,Hemelingen,Mahndorf
5421,12,2020,7,1,14,3,5,2,1,1,0,0,0,0,0,0,8.579942439000035,53.54590218700008,Mitte (BHV),Mitte-Süd
5422,12,2020,8,7,19,3,5,3,1,1,0,0,0,0,0,0,8.594715051000037,53.512227075000055,Wulsdorf,Dreibergen
5423,12,2020,7,1,17,3,5,3,1,1,0,0,0,0,0,0,8.601552671000036,53.50608638700004,Wulsdorf,Dreibergen
5424,11,2020,8,7,13,3,5,2,1,1,0,0,0,0,0,0,8.801341103000027,53.07148033300007,Neustadt,Alte Neustadt
5425,11,2020,8,3,10,2,5,3,1,1,0,0,0,0,0,0,8.805135532000065,53.07305800800003,Mitte,Altstadt
5426,11,2020,8,4,11,3,5,3,1,1,0,0,0,0,0,0,8.856559610000033,53.071365239000045,Hemelingen,Hastedt
5427,11,2020,7,6,11,3,5,3,1,1,0,0,0,0,0,0,8.870920044000059,53.08752424900007,Schwachhausen,Radio Bremen
5428,12,2020,8,5,15,3,9,1,1,0,0,0,0,0,0,0,8.607610660000034,53.53531311900008,Geestemünde,Bürgerpark (BHV)
5429,11,2020,8,4,11,2,0,7,1,0,0,0,0,0,0,1,8.88081663500003,53.10154860400007,Horn-Lehe,Lehe
5430,11,2020,8,6,0,3,0,7,1,0,0,0,0,1,0,1,8.62170837800005,53.17000848800007,Vegesack,Vegesack
5431,11,2020,7,6,11,3,4,3,1,0,0,0,0,0,0,0,8.800479677000055,53.07849918800008,Mitte,Altstadt
5432,12,2020,7,5,23,3,5,3,1,1,0,0,0,0,2,1,8.609741900000074,53.507562664000034,Wulsdorf,Dreibergen
5433,11,2020,7,6,15,3,0,7,1,1,0,0,0,0,0,0,8.78765349400004,53.07639202700005,Neustadt,Alte Neustadt
5434,11,2020,8,3,18,3,5,3,1,1,0,0,0,0,0,0,8.688703037000039,53.16850549500003,Burglesum,Lesum
5435,11,2020,7,5,5,3,5,2,1,0,0,0,1,0,2,1,8.844872753000061,53.03365680400003,Obervieland,Arsten
5436,11,2020,7,6,14,3,5,3,1,1,0,0,0,0,0,0,8.788175757000033,53.069511187000046,Neustadt,Neustadt
5437,11,2020,8,5,8,3,0,1,1,0,0,0,1,0,0,0,8.831100973000048,53.08583360000006,Schwachhausen,Bürgerpark
5438,11,2020,7,5,20,3,4,6,1,1,0,0,0,0,1,0,8.880854355000054,53.05664275400005,Hemelingen,Hemelingen
5439,11,2020,7,5,18,3,5,3,1,1,0,0,0,0,0,0,8.835609103000024,53.07378229100004,Östliche Vorstadt,Steintor
5440,11,2020,7,5,13,3,4,2,1,1,0,0,0,0,0,0,8.869182383000066,53.07428331700004,Vahr,Gartenstadt Vahr