,UKREIS,UJAHR,UMONAT,UWOCHENTAG,USTUNDE,UKATEGORIE,UART,UTYP1,IstRad,IstPKW,IstFuss,IstKrad,IstGkfz,IstSonstig,ULICHTVERH,STRZUSTAND,longitude,latitude,Stadtteil,Ortsteil
5441,11,2020,8,7,5,3,1,7,1,1,0,0,0,0,2,0,8.821390257000076,53.09568670600004,Findorff,Weidedamm
5442,11,2020,7,5,16,3,5,2,1,1,0,0,0,0,0,0,8.833360869000046,53.07066324000005,Östliche Vorstadt,Steintor
5443,11,2020,8,3,16,3,5,3,1,1,0,0,0,0,0,0,8.816555483000059,53.08412197200005,Schwachhausen,Barkhof
5444,11,2020,8,3,17,3,2,6,1,1,0,0,0,0,0,1,8.82968579900006,53.07453975400006,Östliche Vorstadt,Steintor
5445,12,2020,8,4,18,3,8,1,1,0,0,0,0,0,0,0,8.600711686000068,53.56079542400005,Lehe (BHV),Buschkämpen
5446,11,2020,8,5,14,3,5,2,1,1,0,0,0,0,0,0,8.619370372000049,53.184070347000045,Vegesack,Fähr-Lobbendorf
5447,11,2020,7,4,13,3,3,6,1,0,0,0,0,0,0,0,8.856417007000061,53.06675602800004,Hemelingen,Hastedt
5448,12,2020,7,3,10,3,5,3,1,0,0,0,0,1,0,0,8.625998091000042,53.49709266900004,Wulsdorf,Jedutenberg
5449,11,2020,7,3,19,3,5,3,1,0,0,0,0,0,0,0,8.780358112000044,53.10547634100004,Walle,Walle
5450,11,2020,8,2,16,3,5,3,1,1,0,0,0,0,0,0,8.891711182000051,53.04942031200005,Hemelingen,Hemelingen
5451,11,2020,7,5,7,3,5,2,1,1,0,0,0,0,0,1,8.897721525000065,53.059083412000064,Hemelingen,Sebaldsbrück
5452,11,2020,8,2,18,3,5,3,1,1,0,0,0,0,0,0,8.854778302000057,53.067734478000034,Östliche Vorstadt,Peterswerder
5453,11,2020,7,3,10,2,4,2,1,1,0,0,0,0,0,0,8.714407951000055,53.18017343900004,Burglesum,Burgdamm
5454,11,2020,8,4,19,3,6,4,1,0,1,0,0,0,0,0,8.785451075000026,53.09672915500005,Walle,Westend
5455,11,2020,7,3,7,3,5,2,1,1,0,0,0,0,0,0,8.819520664000038,53.08051821500004,Mitte,Ostertor
5456,11,2020,8,6,9,3,1,6,1,1,0,0,0,0,0,0,8.81055176500007,53.09542712800004,Findorff,Weidedamm
5457,11,2020,7,5,7,3,5,3,1,1,0,0,0,0,0,1,8.87305126900003,53.06701239800003,Hemelingen,Hastedt
5458,11,2020,8,5,19,2,5,3,1,1,0,0,0,0,0,0,8.79581382400005,53.10628981500008,Walle,Hohweg
5459,12,2020,7,2,18,3,5,3,1,1,0,0,0,0,0,0,8.607589604000054,53.535229420000064,Geestemünde,Bürgerpark (BHV)
5460,11,2020,8,5,17,3,6,7,1,0,1,0,0,0,0,0,8.795194920000029,53.07407460900004,Neustadt,Alte Neustadt
5461,11,2020,8,7,10,3,5,3,1,1,0,0,0,0,0,0,8.618977125000072,53.18408611900003,Vegesack,Unbekannt
5462,11,2020,8,6,23,3,5,3,1,1,0,0,0,0,2,0,8.810189654000055,53.08154705100003,Mitte,Bahnhofsvorstadt
5463,11,2020,7,2,14,3,5,7,1,1,0,0,0,0,0,0,8.81522792800007,53.02956555900005,Obervieland,Kattenesch
5464,11,2020,7,2,16,3,1,5,1,1,0,0,0,0,0,0,8.775743291000026,53.09056586100007,Walle,Überseestadt
5465,11,2020,8,4,0,2,0,7,1,0,0,0,0,0,2,1,8.812286304000054,53.07638425200008,Mitte,Altstadt
5466,11,2020,8,5,18,3,5,2,1,1,0,0,0,0,0,0,8.930532349000032,53.05903891200006,Osterholz,Ellenerbrok-Schevemoor
5467,11,2020,7,2,19,3,1,5,1,1,0,0,0,0,0,0,8.766942630000074,53.08413353800006,Woltmershausen,Woltmershausen
5468,11,2020,8,5,16,2,5,3,1,1,0,0,0,0,0,0,8.803221141000051,53.07221882400006,Neustadt,Alte Neustadt
5469,11,2020,7,5,16,3,5,3,1,1,0,0,0,0,0,1,8.827757313000063,53.08303349000005,Schwachhausen,Bürgerpark
5470,11,2020,8,5,10,3,5,3,1,1,0,0,0,0,0,0,8.72858990100002,53.03890042200004,Huchting,Kirchhuchting
5471,11,2020,8,4,12,3,3,6,1,1,0,0,0,0,0,1,8.811126108000053,53.07622385100007,Mitte,Altstadt
5472,12,2020,7,1,13,3,0,1,1,0,0,0,0,0,0,0,8.59869425900007,53.53613922700004,Geestemünde,Geestendorf
5473,11,2020,8,6,20,3,0,7,1,0,0,0,0,0,1,1,8.788832734000039,53.09410001300006,Walle,Westend
5474,12,2020,7,1,18,3,5,3,1,1,0,0,0,0,0,0,8.580615077000061,53.55091810400006,Lehe (BHV),Klushof
5475,11,2020,8,3,7,3,5,3,1,1,0,0,0,0,0,0,8.825081287000046,53.08419967700007,Schwachhausen,Barkhof
5476,11,2020,7,5,9,3,5,2,1,1,0,0,0,0,0,1,8.875671220000072,53.08232537700008,Schwachhausen,Radio Bremen
5477,11,2020,8,1,9,3,5,2,1,1,0,0,0,0,0,0,8.837402397000062,53.03783726800003,Obervieland,Arsten
5478,11,2020,8,3,19,3,4,6,1,1,0,0,0,0,0,0,8.795745489000069,53.07964230800008,Mitte,Altstadt
5479,11,2020,7,1,16,3,5,3,1,1,0,0,0,0,0,0,8.951399182000046,53.08962944700005,Oberneuland,Unbekannt
5480,11,2020,8,4,13,3,0,1,1,0,0,0,0,0,0,0,8.91410167600003,53.05980221600004,Hemelingen,Sebaldsbrück
5481,11,2020,7,4,18,3,0,3,1,0,0,0,0,0,0,0,8.751816640000072,53.12914943200008,Gröpelingen,Ohlenhof
5482,11,2020,7,7,13,3,0,7,1,0,1,0,0,0,0,0,8.952870940000025,53.07335545500007,Osterholz,Tenever
5483,11,2020,8,5,11,2,3,6,1,0,0,0,0,0,0,0,8.909352174000048,53.05873052700008,Hemelingen,Sebaldsbrück
5484,11,2020,7,7,12,3,0,6,1,0,1,0,0,0,0,0,8.809861179000052,53.07938257300003,Mitte,Altstadt
5485,11,2020,8,2,19,3,0,7,1,0,0,0,0,0,0,1,8.801139387000035,53.06867359600005,Neustadt,Alte Neustadt
5486,11,2020,7,4,7,3,5,2,1,1,0,0,0,0,0,0,8.778797312000052,53.06464533000008,Neustadt,Neuenland
5487,12,2020,8,2,10,3,5,3,1,1,0,0,0,0,0,0,8.601856230000067,53.52977139300003,Geestemünde,Bürgerpark (BHV)
5488,11,2020,7,4,12,3,1,7,1,1,0,0,0,0,0,0,8.813143233000062,53.058381033000046,Neustadt,Huckelriede
5489,12,2020,7,6,11,3,5,2,1,1,0,0,0,0,0,0,8.599927743000023,53.52944751900003,Geestemünde,Geestendorf
5490,11,2020,8,2,17,3,5,2,1,1,0,0,0,0,0,1,8.791487133000032,53.06500883400008,Neustadt,Neustadt
5491,11,2020,7,6,21,3,0,7,1,0,0,0,0,0,1,0,8.804194131000031,53.11376411500004,Walle,Hohweg
5492,11,2020,8,4,20,3,5,3,1,1,0,0,0,0,1,0,8.79678105000005,53.06697204100004,Neustadt,Südervorstadt
5493,11,2020,8,6,15,3,1,6,1,1,0,0,0,0,0,0,8.802589283000032,53.07040752400008,Neustadt,Alte Neustadt
5494,12,2020,7,5,11,3,5,3,1,1,0,0,0,0,0,0,8.603291931000058,53.57400731200005,Lehe (BHV),Schierholz
5495,11,2020,8,1,17,3,0,7,1,0,0,0,0,1,0,0,8.78779410900006,53.09920108200004,Walle,Westend
5496,12,2020,8,1,15,3,8,1,1,0,0,0,0,0,0,0,8.603218044000073,53.52347652800006,Geestemünde,Grünhöfe
5497,11,2020,7,5,18,3,0,6,1,0,0,0,0,0,0,0,8.802927354000076,53.06715668000004,Neustadt,Buntentor
5498,11,2020,8,4,17,2,0,7,1,0,0,0,0,0,0,0,8.809717569000043,53.08069126400005,Mitte,Bahnhofsvorstadt
5499,11,2020,7,5,11,3,0,1,1,0,0,0,0,0,0,0,8.803537711000047,53.075261615000045,Mitte,Altstadt
5500,11,2020,8,6,18,3,5,2,1,1,0,0,0,0,0,0,8.891989823000074,53.04794871300004,Hemelingen,Hemelingen
5501,11,2020,8,5,14,3,5,3,1,1,0,0,0,0,0,0,8.941668413000059,53.06035998000005,Osterholz,Ellenerbrok-Schevemoor
5502,11,2020,7,5,13,3,0,7,1,0,0,0,0,0,0,0,8.577448736000065,53.182729607000056,Blumenthal,Blumenthal
5503,12,2020,8,7,13,3,8,1,1,0,0,0,0,0,0,0,8.58819451100004,53.53599058900005,Geestemünde,Geestemünde-Nord
5504,11,2020,7,5,14,3,5,3,1,1,0,0,0,0,0,0,8.794894388000046,53.093935775000034,Walle,Westend
5505,11,2020,7,4,8,3,3,6,1,0,0,0,0,0,0,0,8.785485805000064,53.09584629600005,Walle,Westend
5506,11,2020,8,5,13,3,5,3,1,1,0,0,0,0,0,0,8.87342890900004,53.06699621900003,Hemelingen,Hastedt
5507,11,2020,8,5,11,3,3,2,1,1,0,0,0,0,0,0,8.880172457000072,53.07169055300005,Vahr,Gartenstadt Vahr
5508,11,2020,7,4,12,3,5,3,1,1,0,0,0,0,0,0,8.852613278000035,53.04759731100006,Obervieland,Habenhausen
5509,11,2020,7,4,20,3,6,1,1,0,1,0,0,0,0,0,8.755925670000067,53.10021673000006,Walle,Überseestadt
5510,11,2020,8,2,10,3,0,6,1,0,0,0,0,1,0,1,8.74936622000007,53.12063226500004,Häfen,Industriehäfen
5511,12,2020,8,6,13,3,0,7,1,0,0,0,1,0,0,1,8.63272025200007,53.51705046100005,Surheide,Surheide
5512,12,2020,7,2,12,3,3,6,1,0,0,0,0,0,0,1,8.59697144300003,53.52241074400007,Geestemünde,Geestemünde-Süd
5513,11,2020,8,3,17,3,5,3,1,1,0,0,0,0,0,0,8.809228131000054,53.07879108900005,Mitte,Altstadt
5514,12,2020,7,2,11,3,5,3,1,1,0,0,0,0,0,1,8.580552530000034,53.54407444700007,Mitte (BHV),Mitte-Süd
5515,11,2020,7,4,8,3,5,3,1,1,0,0,0,0,0,0,8.955058018000045,53.05757982200004,Osterholz,Osterholz
5516,11,2020,8,4,14,3,6,3,1,0,1,0,0,0,0,0,8.753167696000048,53.11450365900004,Gröpelingen,Lindenhof
5517,11,2020,7,2,12,3,6,4,1,0,1,0,0,0,0,0,8.805284614000072,53.07795252500006,Mitte,Altstadt
5518,12,2020,7,3,15,3,0,7,1,0,0,0,0,0,0,1,8.601126987000043,53.51655414600003,Geestemünde,Grünhöfe
5519,11,2020,8,3,15,3,1,5,1,1,0,0,0,0,0,0,8.857092266000052,53.04247735800004,Obervieland,Habenhausen
5520,12,2020,7,3,15,3,0,7,1,0,0,0,0,0,0,1,8.601169423000044,53.51656155800004,Geestemünde,Grünhöfe
5521,11,2020,8,5,14,3,6,4,1,1,1,0,0,0,0,0,8.806881765000071,53.08202611100006,Mitte,Bahnhofsvorstadt
5522,12,2020,7,3,15,3,0,6,1,0,0,0,0,0,0,1,8.601028524000071,53.51653694500004,Geestemünde,Grünhöfe
5523,12,2020,7,3,11,3,0,7,1,0,0,0,0,0,0,1,8.598505000000046,53.53612008300007,Geestemünde,Geestendorf
5524,12,2020,8,6,11,2,5,3,1,1,0,0,0,0,0,0,8.607232704000069,53.58598575600007,Leherheide,Leherheide-West
5525,11,2020,7,3,21,3,5,3,1,1,0,0,0,0,1,0,8.788803033000022,53.06647398500007,Neustadt,Neustadt
5526,11,2020,7,2,23,3,0,1,1,0,0,0,0,0,2,1,8.82127007400004,53.07275952700007,Mitte,Ostertor
5527,11,2020,8,2,16,3,0,1,1,0,0,0,0,0,0,1,8.74275293200003,53.13152996200006,Gröpelingen,Oslebshausen
5528,11,2020,8,3,17,3,0,7,1,0,0,0,0,1,0,0,8.787764894000077,53.09923573600008,Walle,Westend
5529,11,2020,7,2,17,2,5,2,1,1,0,0,0,0,0,0,8.886038136000025,53.08600819000003,Vahr,Neue Vahr Nord
5530,11,2020,8,7,14,3,0,7,1,0,0,0,0,0,0,0,8.569312012000069,53.18190396500006,Blumenthal,Blumenthal
5531,11,2020,8,6,14,2,6,7,1,0,1,0,0,0,0,0,8.874027832000024,53.08209173700004,Vahr,Gartenstadt Vahr
5532,11,2020,7,3,7,3,5,3,1,0,0,0,0,1,0,0,8.59427585800006,53.17906001200004,Vegesack,Fähr-Lobbendorf
5533,11,2020,8,1,1,3,4,6,1,0,0,0,0,0,2,0,8.807478642000035,53.072912863000056,Mitte,Altstadt
5534,11,2020,7,3,15,3,5,3,1,1,0,0,0,0,0,1,8.825091584000063,53.084193955000046,Schwachhausen,Barkhof
5535,11,2020,7,3,15,3,0,7,1,0,0,0,0,1,0,1,8.954072322000059,53.06652413000006,Osterholz,Tenever
5536,11,2020,8,4,22,2,0,7,1,0,0,0,0,0,2,0,8.807086578000053,53.06466536700003,Neustadt,Buntentor
5537,12,2020,7,2,16,3,5,3,1,1,0,0,0,0,0,0,8.590800227000045,53.54078266100004,Geestemünde,Geestemünde-Nord
5538,11,2020,8,4,15,3,5,2,1,1,0,0,0,0,0,0,8.854482783000037,53.06700427700008,Hemelingen,Hastedt
5539,11,2020,8,6,14,3,3,2,1,1,0,0,0,0,0,0,8.875203001000045,53.08243244600004,Schwachhausen,Radio Bremen
5540,11,2020,7,2,13,3,6,4,1,0,0,0,0,1,0,0,8.726601354000024,53.12931754500005,Häfen,Industriehäfen
5541,11,2020,8,5,21,3,5,3,1,1,0,0,0,0,2,0,8.736892703000024,53.07978295800007,Häfen,Neustädter Hafen
5542,12,2020,7,2,12,3,5,3,1,1,0,0,0,0,0,0,8.586540169000045,53.53787499900005,Geestemünde,Geestemünde-Nord
5543,11,2020,7,2,15,3,3,2,1,1,0,0,0,0,0,0,8.696365299000036,53.168607361000056,Burglesum,Lesum
5544,11,2020,8,6,9,3,5,3,1,1,0,0,0,0,0,0,8.876128035000022,53.08153612000007,Vahr,Gartenstadt Vahr
5545,11,2020,7,2,16,2,1,5,1,1,0,0,0,0,0,0,8.79591501300007,53.06513262600004,Neustadt,Südervorstadt
5546,11,2020,8,3,14,3,4,6,1,0,0,0,0,0,0,0,8.788772403000053,53.10344193500004,Walle,Osterfeuerberg
5547,11,2020,7,2,16,2,5,3,1,0,0,1,0,0,0,0,8.866658402000041,53.06222544800005,Hemelingen,Hastedt
5548,11,2020,8,4,10,3,0,5,1,0,0,0,0,1,0,0,8.799720704000038,53.094768087000034,Findorff,Regensburger Str.
5549,11,2020,7,2,16,3,5,3,1,1,0,0,0,0,0,0,8.785649951000039,53.10186397300004,Walle,Walle
5550,11,2020,9,4,11,3,0,2,1,0,0,0,1,0,0,0,8.64780799500005,53.17148748300008,Vegesack,Grohn
5551,12,2020,9,6,17,3,6,7,1,0,1,0,0,0,0,0,8.580232976000048,53.55557078000004,Lehe (BHV),Goethestrasse
5552,11,2020,9,3,11,3,5,2,1,1,0,0,0,0,0,0,8.901106803000062,53.08934698400003,Oberneuland,Unbekannt
5553,11,2020,9,3,15,3,5,3,1,1,0,0,0,0,0,0,8.89994802700005,53.05933015600005,Hemelingen,Sebaldsbrück
5554,11,2020,9,5,16,3,3,2,1,1,0,0,0,0,0,0,8.959378308000055,53.04718662000005,Osterholz,Osterholz
5555,11,2020,10,5,9,3,5,6,1,1,0,0,0,0,0,1,8.778500103000056,53.10831289100008,Walle,Walle
5556,11,2020,9,3,12,3,5,3,1,1,0,0,0,0,0,0,8.740805757000032,53.12931361200003,Gröpelingen,Oslebshausen
5557,11,2020,9,1,13,3,4,6,1,1,0,0,0,0,0,0,8.731266899000047,53.13283601200004,Gröpelingen,Oslebshausen
5558,11,2020,10,7,11,3,5,3,1,1,0,0,0,0,0,0,8.750514288000034,53.08368248400007,Häfen,Neustädter Hafen
5559,11,2020,9,6,11,3,9,6,1,0,0,0,0,0,0,0,8.835644707000029,53.07380719000008,Östliche Vorstadt,Hulsberg
5560,11,2020,9,2,12,3,0,6,1,0,1,0,0,0,0,0,8.882140217000028,53.10101330400005,Horn-Lehe,Lehe
5561,11,2020,10,7,5,3,5,3,1,1,0,0,0,0,2,1,8.824462363000066,53.084256381000046,Schwachhausen,Barkhof
5562,12,2020,9,3,17,3,5,3,1,1,0,0,0,0,0,0,8.60849608500007,53.54999480200007,Geestemünde,Bürgerpark (BHV)
5563,11,2020,10,3,8,3,0,3,1,1,0,0,0,0,1,1,8.557487834000028,53.18956390200003,Blumenthal,Blumenthal
5564,11,2020,9,2,16,3,0,1,1,1,0,0,0,0,0,0,8.82930516600004,53.07626610700004,Östliche Vorstadt,Fesenfeld
5565,11,2020,9,6,13,3,5,3,1,1,0,0,0,0,0,0,8.828322427000046,53.08015633800005,Schwachhausen,Barkhof
5566,11,2020,10,4,16,3,5,2,1,1,0,0,0,0,0,0,8.92559204500003,53.06987063100007,Osterholz,Ellener Feld
5567,11,2020,10,5,18,3,3,6,1,1,0,0,0,0,1,1,8.74821623300005,53.09632134200007,Woltmershausen,Rablinghausen
5568,11,2020,9,5,14,3,5,3,1,1,0,0,0,0,0,0,8.79248313000005,53.09400508600004,Walle,Westend
5569,11,2020,10,4,9,3,3,6,1,1,0,0,0,0,0,1,8.71415620700003,53.15213292300007,Burglesum,Burg-Grambke
5570,11,2020,9,3,10,3,5,3,1,1,0,0,0,0,0,0,8.818142199000022,53.07773288100003,Mitte,Ostertor
5571,11,2020,9,6,16,3,2,7,1,0,0,0,0,1,0,0,8.543706605000068,53.19279050100005,Blumenthal,Rönnebeck
5572,11,2020,9,6,20,3,0,7,1,0,1,0,0,0,2,0,8.886527098000045,53.07903513600007,Vahr,Neue Vahr Südwest
5573,11,2020,9,1,18,2,4,2,1,0,0,0,0,0,0,0,8.911795939000058,53.12391086000008,Unbekannt,Borgfeld
5574,11,2020,10,6,13,3,4,6,1,0,0,0,0,0,0,0,8.827687355000023,53.08301925100005,Schwachhausen,Bürgerpark
5575,11,2020,9,3,10,3,5,2,1,1,0,0,0,0,0,0,8.801267051000025,53.07152034200004,Neustadt,Alte Neustadt
5576,11,2020,9,5,14,2,5,3,1,0,0,0,0,1,0,0,8.531378731000075,53.19603800300007,Blumenthal,Farge
5577,11,2020,9,6,15,2,3,6,1,0,0,0,0,0,0,0,8.838445487000058,53.10143733500007,Schwachhausen,Neu-Schwachhausen
5578,11,2020,9,4,13,3,4,7,1,0,0,0,0,0,0,0,8.819510782000066,53.08054574800008,Mitte,Bahnhofsvorstadt
5579,11,2020,9,6,15,3,6,4,1,0,1,0,0,0,0,1,8.800435639000057,53.06995620700008,Neustadt,Alte Neustadt
5580,11,2020,9,6,15,3,5,3,1,1,0,0,0,0,0,0,8.78537121100004,53.070920089000026,Neustadt,Hohentor
5581,12,2020,9,4,16,3,0,7,1,0,0,0,0,0,0,0,8.59498522000007,53.51844581100005,Geestemünde,Geestemünde-Süd
5582,12,2020,10,3,13,2,0,7,1,0,0,0,0,0,0,0,8.55145442600002,53.57055689100008,Häfen (BHV),Stadtbremisches Überseehafengebiet Bremerhaven
5583,11,2020,9,5,17,3,5,3,1,1,0,0,0,0,0,1,8.803161373000023,53.08464437000004,Mitte,Bahnhofsvorstadt
5584,11,2020,10,6,10,3,5,3,1,1,0,0,0,0,0,1,8.923631111000077,53.04415848300005,Hemelingen,Arbergen
5585,12,2020,9,2,13,3,3,6,1,1,0,0,0,0,0,0,8.553933424000036,53.56163336200007,Häfen (BHV),Stadtbremisches Überseehafengebiet Bremerhaven
5586,11,2020,10,2,5,3,5,3,1,1,0,0,0,0,2,1,8.861647811000068,53.09929275500008,Horn-Lehe,Lehe
5587,11,2020,9,7,16,3,5,2,1,1,0,0,0,0,0,0,8.849740026000063,53.047770082000056,Obervieland,Habenhausen
5588,11,2020,9,3,19,3,0,3,1,1,0,0,0,0,0,0,8.785388241000021,53.09672334300007,Walle,Westend
5589,11,2020,9,6,18,3,0,7,1,0,0,0,0,0,0,0,8.769391935000044,53.11441065100007,Gröpelingen,Gröpelingen
5590,11,2020,9,2,22,3,5,3,1,1,0,0,0,0,2,0,8.832051634000038,53.07755437000003,Östliche Vorstadt,Fesenfeld
5591,12,2020,10,5,7,3,5,3,1,1,0,0,0,0,1,1,8.619205902000033,53.58885672600008,Leherheide,Leherheide-West
5592,11,2020,10,1,19,3,0,7,1,0,0,0,0,0,2,1,8.618904324000027,53.17867286100005,Vegesack,Vegesack
5593,11,2020,9,6,16,3,5,3,1,1,0,0,0,0,0,0,8.95376450200007,53.03410142100006,Hemelingen,Mahndorf
5594,11,2020,9,2,21,3,4,2,1,0,0,0,0,0,2,0,8.77901709300005,53.09885761700008,Walle,Walle
5595,11,2020,10,1,18,3,0,1,1,0,0,0,0,0,2,1,8.807095928000024,53.07942563300003,Mitte,Altstadt
5596,11,2020,9,5,10,3,8,1,1,1,0,0,0,0,0,0,8.834522095000068,53.08956636400006,Schwachhausen,Bürgerpark
5597,11,2020,10,4,16,3,5,2,1,1,0,0,0,0,0,1,8.65713402800003,53.17467908500004,Burglesum,St.Magnus
5598,11,2020,9,3,9,3,5,3,1,1,0,0,0,0,0,0,8.903262020000057,53.09974734300005,Oberneuland,Unbekannt
5599,12,2020,10,6,16,3,9,1,1,0,0,0,0,0,0,1,8.614934408000067,53.59259195800007,Leherheide,Leherheide-West
5600,12,2020,9,5,7,3,5,2,1,1,0,0,0,0,0,1,8.579775176000055,53.546699844000045,Mitte (BHV),Mitte-Süd
5601,11,2020,9,1,13,3,7,7,1,0,0,0,0,1,0,0,8.837159342000064,53.06944580300007,Östliche Vorstadt,Peterswerder
5602,12,2020,10,5,15,3,5,3,1,1,0,0,0,0,0,0,8.600928035000038,53.51671488400007,Geestemünde,Grünhöfe
5603,11,2020,9,4,12,3,5,3,1,1,0,0,0,0,0,0,8.884265417000051,53.07179302100008,Vahr,Gartenstadt Vahr
5604,11,2020,9,5,11,2,5,3,1,1,0,0,0,0,0,1,8.846928828000046,53.04826986500007,Obervieland,Habenhausen
5605,11,2020,10,4,19,3,5,3,1,1,0,0,0,0,2,1,8.880749612000045,53.10172289800005,Horn-Lehe,Lehe
5606,11,2020,9,2,8,2,5,2,1,0,0,0,1,0,0,1,8.844164590000048,53.07528707400007,Östliche Vorstadt,Hulsberg
5607,11,2020,9,6,11,3,5,3,1,1,0,0,0,0,0,0,8.882047724000074,53.07911960200005,Vahr,Neue Vahr Südwest
5608,11,2020,10,6,6,3,0,1,1,0,0,0,0,0,2,1,8.551124902000026,53.19273117200004,Blumenthal,Rönnebeck
5609,11,2020,9,5,15,3,4,6,1,0,0,0,0,0,0,1,8.779208328000038,53.10033453800003,Walle,Walle
5610,11,2020,9,7,17,2,5,2,1,1,0,0,0,0,0,0,8.728491518000055,53.03894258800005,Huchting,Kirchhuchting
5611,11,2020,10,2,15,3,0,7,1,0,0,0,0,0,0,1,8.787373015000071,53.08997121500005,Walle,Steffensweg
5612,12,2020,10,2,16,3,6,7,1,0,1,0,0,0,0,0,8.603667303000066,53.51649141600007,Geestemünde,Grünhöfe
5613,12,2020,10,6,19,3,5,2,1,1,0,0,0,0,2,1,8.591700133000074,53.52976703400003,Geestemünde,Geestendorf
5614,12,2020,9,3,14,3,1,5,1,1,0,0,0,0,0,0,8.619790737000073,53.58833131500006,Leherheide,Leherheide-West
5615,11,2020,10,3,14,2,3,2,1,0,0,0,0,1,0,0,8.88083128300002,53.10176914700003,Horn-Lehe,Lehe
5616,11,2020,9,6,15,3,5,2,1,1,0,0,0,0,0,0,8.791162755000073,53.09515830500004,Walle,Westend
5617,12,2020,10,5,14,3,0,7,1,0,0,0,0,0,0,0,8.59338424300006,53.51464527900004,Wulsdorf,Dreibergen
5618,11,2020,9,4,16,3,0,7,1,0,0,0,0,0,0,0,8.880627615000037,53.06037472200006,Hemelingen,Hastedt
5619,11,2020,10,3,20,3,5,3,1,1,0,0,0,0,2,0,8.790848530000062,53.09896790800008,Walle,Osterfeuerberg
5620,11,2020,9,6,13,3,5,3,1,0,0,0,0,0,0,0,8.813386174000073,53.08104333600005,Mitte,Bahnhofsvorstadt
5621,11,2020,10,6,11,3,0,7,1,0,0,0,0,0,0,0,8.901987209000026,53.12571862200008,Unbekannt,Borgfeld
5622,11,2020,10,2,15,3,0,7,1,0,1,0,0,0,0,0,8.759309131000066,53.11586000100005,Gröpelingen,Lindenhof
5623,12,2020,9,6,6,3,0,7,1,0,0,0,0,0,0,0,8.592778063000026,53.55666000300005,Lehe (BHV),Klushof
5624,11,2020,9,3,13,2,5,3,1,1,0,0,0,0,0,0,8.845722655000031,53.03312849000008,Obervieland,Arsten
5625,11,2020,10,2,10,3,5,3,1,1,0,0,0,0,0,0,8.685843738000074,53.17384229200008,Burglesum,Lesum
5626,11,2020,10,2,14,3,5,3,1,1,0,0,0,0,0,0,8.849739802000045,53.04779772000006,Obervieland,Habenhausen
5627,12,2020,9,4,11,3,8,1,1,0,0,0,0,0,0,0,8.592543675000059,53.53943455600006,Geestemünde,Geestemünde-Nord
5628,11,2020,10,2,19,2,5,3,1,1,0,0,0,1,2,0,8.802027805000023,53.09457491500007,Findorff,Regensburger Str.
5629,11,2020,10,5,15,3,5,2,1,1,0,0,0,0,0,1,8.87610543900007,53.08213706800007,Vahr,Neue Vahr Südwest
5630,11,2020,9,2,10,3,5,3,1,1,0,0,0,0,0,0,8.812306590000048,53.09570490400006,Findorff,Weidedamm
5631,11,2020,9,4,17,3,5,3,1,1,0,0,0,0,0,0,8.809431563000032,53.07204030400004,Mitte,Altstadt
5632,11,2020,9,2,16,3,0,7,1,1,0,0,0,0,0,0,8.688634080000043,53.17134549700006,Burglesum,Lesum
5633,11,2020,9,5,14,2,5,3,1,1,0,0,0,0,0,0,8.783671807000076,53.10177870600006,Walle,Walle
5634,11,2020,10,4,14,3,3,7,1,1,0,0,0,0,0,1,8.814441903000045,53.09075184900007,Findorff,Weidedamm
5635,11,2020,9,3,9,3,5,6,1,1,0,0,0,0,0,0,8.856940226000063,53.07273156800005,Hemelingen,Hastedt
5636,12,2020,9,5,9,3,0,6,1,0,1,0,0,0,0,0,8.610770220000063,53.58882156200008,Leherheide,Leherheide-West
5637,11,2020,9,4,12,3,5,3,1,1,0,0,0,0,0,0,8.871743250000065,53.09142402100008,Horn-Lehe,Horn
5638,12,2020,9,3,8,3,5,3,1,1,0,0,0,0,0,0,8.613665161000029,53.58584155500006,Leherheide,Leherheide-West
5639,11,2020,9,4,17,3,5,3,1,1,0,0,0,0,0,0,8.62236116500003,53.18177382900007,Vegesack,Unbekannt
5640,11,2020,9,6,8,3,5,3,1,1,0,0,0,0,0,1,8.812339552000026,53.08097702900005,Mitte,Bahnhofsvorstadt
5641,11,2020,9,4,20,2,0,7,1,0,0,0,0,0,1,0,8.792045958000074,53.07306608400006,Neustadt,Alte Neustadt
5642,11,2020,9,2,9,3,5,2,1,1,0,0,0,0,0,0,8.811820988000022,53.08633609100008,Findorff,Findorff-Bürgerweide
5643,11,2020,10,7,11,3,0,7,1,0,0,0,0,0,0,0,8.83750152400006,53.09465344700004,Schwachhausen,Neu-Schwachhausen
5644,11,2020,9,6,13,3,5,3,1,1,0,0,0,0,0,0,8.846916455000041,53.04829517400003,Obervieland,Habenhausen