,UKREIS,UJAHR,UMONAT,UWOCHENTAG,USTUNDE,UKATEGORIE,UART,UTYP1,IstRad,IstPKW,IstFuss,IstKrad,IstGkfz,IstSonstig,ULICHTVERH,STRZUSTAND,longitude,latitude,Stadtteil,Ortsteil
5645,11,2020,10,4,9,3,5,3,1,1,0,0,0,0,0,1,8.815137941000046,53.07707523400006,Mitte,Ostertor
5646,11,2020,10,6,18,3,5,2,1,1,0,0,0,0,0,0,8.703975168000056,53.15813482600004,Burglesum,Burgdamm
5647,11,2020,9,5,13,3,2,6,1,1,0,0,0,0,0,0,8.802276461000076,53.06363550900005,Neustadt,Buntentor
5648,11,2020,10,4,12,3,5,3,1,1,0,0,0,0,0,0,8.877153743000065,53.080469322000056,Vahr,Gartenstadt Vahr
5649,12,2020,9,6,11,3,4,6,1,0,0,0,0,0,0,0,8.588293531000033,53.58063430100003,Lehe (BHV),Eckernfeld
5650,11,2020,10,5,11,2,5,2,1,1,0,0,0,0,0,0,8.715986521000048,53.04792696000004,Huchting,Sodenmatt
5651,11,2020,10,6,13,3,5,2,1,1,0,0,0,0,0,0,8.848631228000045,53.05056086800005,Obervieland,Habenhausen
5652,11,2020,9,4,18,3,5,3,1,1,0,0,0,0,0,0,8.73007442900007,53.13309957500008,Gröpelingen,Oslebshausen
5653,11,2020,9,4,18,3,5,3,1,1,0,0,0,0,0,0,8.811819151000066,53.09736656600006,Findorff,Weidedamm
5654,12,2020,10,6,10,3,1,5,1,1,0,0,0,0,0,0,8.582914974000062,53.55419121500006,Lehe (BHV),Goethestrasse
5655,11,2020,9,3,18,3,0,7,1,0,0,0,0,0,0,0,8.57168050200005,53.196168500000056,Blumenthal,Blumenthal
5656,11,2020,9,5,7,3,2,6,1,1,0,0,0,0,0,0,8.77869234000002,53.10865722400007,Walle,Walle
5657,12,2020,9,3,14,2,5,3,1,1,0,0,0,0,0,0,8.600690368000073,53.51426844000008,Wulsdorf,Dreibergen
5658,12,2020,9,7,5,3,5,3,1,1,0,0,0,0,2,1,8.569666470000072,53.560465675000046,Lehe (BHV),Twischkamp
5659,12,2020,10,2,9,3,5,3,1,1,0,0,0,0,0,1,8.600444948000074,53.52777266700008,Geestemünde,Geestendorf
5660,11,2020,9,3,20,3,1,5,1,1,0,0,0,0,1,0,8.856687779000026,53.08892271900004,Schwachhausen,Riensberg
5661,11,2020,9,7,10,3,8,5,1,1,0,0,0,0,0,0,8.67638981400006,53.171275011000034,Burglesum,Lesum
5662,11,2020,10,6,17,3,0,2,1,1,0,0,0,0,0,0,8.598179411000046,53.18287909000003,Vegesack,Fähr-Lobbendorf
5663,12,2020,9,2,18,3,5,3,1,1,0,0,0,0,0,0,8.59255474400004,53.56703188100005,Lehe (BHV),Klushof
5664,11,2020,10,2,8,3,0,3,1,1,0,0,0,0,0,0,8.75412384200007,53.12708381600004,Gröpelingen,Ohlenhof
5665,11,2020,9,7,20,3,0,7,1,0,0,0,0,0,2,1,8.78572708300004,53.08886808100005,Walle,Utbremen
5666,11,2020,10,5,18,2,5,3,1,1,0,0,0,0,0,0,8.799645400000031,53.07285684300007,Neustadt,Alte Neustadt
5667,11,2020,9,3,16,3,5,3,1,1,0,0,0,0,0,0,8.843604604000063,53.08370991900006,Schwachhausen,Gete
5668,11,2020,9,3,12,3,5,3,1,1,0,0,0,0,0,0,8.814331465000066,53.039684917000045,Obervieland,Kattenturm
5669,12,2020,9,7,20,3,5,3,1,1,0,0,0,0,1,0,8.587536142000033,53.52311152900006,Fischereihafen,Fischereihafen
5670,11,2020,10,2,15,2,5,3,1,0,0,0,0,1,0,1,8.805727779000051,53.08140691500006,Mitte,Bahnhofsvorstadt
5671,11,2020,9,6,10,3,4,1,1,0,0,0,0,0,0,0,8.824875259000066,53.08464391700005,Schwachhausen,Bürgerpark
5672,11,2020,9,2,11,3,3,2,1,0,0,0,1,0,0,0,8.837284901000032,53.08237643100006,Schwachhausen,Gete
5673,11,2020,9,3,16,3,5,7,1,1,0,0,0,0,0,0,8.849966165000069,53.08769993700008,Schwachhausen,Riensberg
5674,11,2020,10,1,0,2,0,7,1,0,0,0,0,0,2,1,8.792349473000058,53.07318590400007,Neustadt,Alte Neustadt
5675,11,2020,9,4,17,3,5,3,1,1,0,0,0,0,0,0,8.844863171000043,53.04579215100006,Obervieland,Habenhausen
5676,11,2020,9,6,13,2,5,2,1,1,0,0,0,0,0,0,8.787673017000031,53.08745948800004,Walle,Utbremen
5677,11,2020,9,3,20,3,0,7,1,0,0,0,0,0,2,0,8.761069020000036,53.11335185900003,Gröpelingen,Lindenhof
5678,12,2020,9,2,12,2,8,1,1,0,0,0,0,0,0,0,8.574749335000035,53.51634765200004,Fischereihafen,Fischereihafen
5679,11,2020,10,2,19,3,5,3,1,1,0,0,0,0,2,0,8.796611101000053,53.08925009500007,Walle,Utbremen
5680,11,2020,9,3,16,3,5,3,1,0,0,1,0,0,0,0,8.58350120700004,53.21436870200006,Blumenthal,Lüssum-Bockhorn
5681,12,2020,9,5,10,3,6,4,1,0,1,0,0,0,0,0,8.585853746000055,53.55901684400004,Lehe (BHV),Goethestrasse
5682,11,2020,9,3,19,3,3,6,1,0,0,0,0,0,1,0,8.86091304300004,53.04970696800007,Obervieland,Habenhausen
5683,12,2020,9,1,10,3,5,3,1,1,0,0,0,0,0,0,8.58842941000006,53.53483999600007,Geestemünde,Geestemünde-Nord
5684,11,2020,10,3,7,3,4,6,1,0,0,0,0,0,0,0,8.837131163000038,53.09071395600006,Schwachhausen,Neu-Schwachhausen
5685,11,2020,9,3,10,3,0,7,1,0,0,0,0,0,0,0,8.868781140000067,53.07426230000004,Vahr,Gartenstadt Vahr
5686,11,2020,10,7,15,3,5,3,1,1,0,0,0,0,0,0,8.77012147000005,53.07228708000008,Woltmershausen,Woltmershausen
5687,11,2020,10,4,15,3,5,2,1,1,0,0,0,0,0,0,8.877617521000047,53.08030705900006,Vahr,Neue Vahr Südwest
5688,11,2020,10,5,13,3,0,7,1,0,0,0,0,0,0,0,8.917846023000038,53.10063603200007,Oberneuland,Unbekannt
5689,11,2020,10,6,14,3,3,3,1,1,0,0,0,0,0,0,8.83733643200003,53.07682551000005,Östliche Vorstadt,Hulsberg
5690,11,2020,10,6,9,3,5,2,1,1,0,0,0,0,0,0,8.769270181000024,53.11075117500008,Gröpelingen,Lindenhof
5691,11,2020,9,3,19,3,3,6,1,0,0,0,0,0,0,0,8.910200897000038,53.071318836000046,Hemelingen,Sebaldsbrück
5692,11,2020,10,6,14,3,5,3,1,1,0,0,0,0,0,0,8.884171220000042,53.06363215500005,Hemelingen,Sebaldsbrück
5693,11,2020,9,3,22,3,5,2,1,1,0,0,0,0,2,0,8.801319751000051,53.071491870000045,Neustadt,Alte Neustadt
5694,11,2020,10,3,23,3,0,7,1,0,0,0,0,0,2,1,8.875191958000073,53.08230477600006,Schwachhausen,Radio Bremen
5695,11,2020,9,3,18,3,5,3,1,1,0,0,0,0,0,0,8.892512876000069,53.04762454500008,Hemelingen,Hemelingen
5696,11,2020,10,4,19,3,0,7,1,0,0,0,0,0,2,1,8.870740427000044,53.09130594000004,Schwachhausen,Radio Bremen
5697,11,2020,10,5,10,3,3,6,1,0,0,0,0,0,0,0,8.917613392000021,53.12188734200004,Unbekannt,Borgfeld
5698,11,2020,9,3,10,2,0,3,1,1,0,0,0,0,0,0,8.58855959300007,53.18296137100003,Blumenthal,Blumenthal
5699,12,2020,9,4,13,2,0,7,1,0,0,0,0,0,0,0,8.553027517000032,53.57909385200003,Häfen (BHV),Stadtbremisches Überseehafengebiet Bremerhaven
5700,11,2020,10,3,20,3,3,6,1,0,0,0,0,0,2,0,8.824442039000076,53.06891728100004,Mitte,Ostertor
5701,11,2020,9,3,9,2,5,2,1,1,0,0,0,0,0,0,8.61424433700006,53.176241135000055,Vegesack,Vegesack
5702,12,2020,9,6,14,3,5,3,1,1,0,0,0,0,0,0,8.582547261000059,53.53680379900004,Geestemünde,Geestemünde-Nord
5703,12,2020,9,2,13,3,5,3,1,1,0,0,0,0,0,0,8.593627901000048,53.56170935600005,Lehe (BHV),Klushof
5704,11,2020,9,3,17,3,5,3,1,1,0,0,0,0,0,0,8.76684073000007,53.07125900300008,Woltmershausen,Woltmershausen
5705,12,2020,10,2,16,3,6,7,1,0,1,0,0,0,0,0,8.586316445000023,53.53129186800004,Geestemünde,Geestendorf
5706,11,2020,9,5,7,3,0,3,1,1,0,0,0,0,0,0,8.71529590800003,53.05227619200008,Huchting,Mittelshuchting
5707,11,2020,9,3,19,3,0,5,1,1,0,0,0,0,2,0,8.790486042000055,53.09487427100004,Walle,Westend
5708,11,2020,10,2,16,2,5,3,1,1,0,0,0,0,0,0,8.876541807000024,53.08104399400003,Vahr,Gartenstadt Vahr
5709,12,2020,9,5,13,3,5,3,1,1,0,0,0,0,0,0,8.586624154000049,53.536663074000046,Geestemünde,Geestemünde-Nord
5710,11,2020,10,5,12,3,6,3,1,0,1,0,0,0,0,1,8.803257512000073,53.08023912400006,Mitte,Altstadt
5711,11,2020,9,7,23,3,0,7,1,1,0,0,0,0,0,1,8.75336002900002,53.12090358600005,Gröpelingen,Ohlenhof
5712,11,2020,10,2,13,3,0,7,1,0,0,0,0,0,0,1,8.821666721000042,53.072797139000045,Mitte,Ostertor
5713,11,2020,9,6,10,3,5,3,1,1,0,0,0,0,0,0,8.616963850000047,53.18416670300007,Vegesack,Unbekannt
5714,11,2020,10,5,14,2,6,6,1,0,1,0,0,0,0,1,8.660544259000062,53.17505692300006,Burglesum,St.Magnus
5715,11,2020,9,2,12,3,6,4,1,0,1,0,0,0,0,0,8.734523222000064,53.04357917700003,Huchting,Kirchhuchting
5716,12,2020,10,7,14,3,5,3,1,1,0,0,0,0,0,0,8.591364471000077,53.58122872200005,Lehe (BHV),Eckernfeld
5717,11,2020,10,2,15,3,0,7,1,0,0,0,0,0,0,0,8.816285238000034,53.10003255100003,Findorff,Weidedamm
5718,11,2020,9,4,15,3,0,7,1,0,0,0,0,0,0,0,8.897030374000053,53.04271187900008,Hemelingen,Hemelingen
5719,11,2020,10,6,17,3,5,2,1,1,0,0,0,0,0,0,8.847687879000034,53.09314510200005,Schwachhausen,Riensberg
5720,12,2020,8,2,22,3,5,3,1,1,0,0,0,0,2,0,8.56535862100003,53.56097786700008,Häfen (BHV),Stadtbremisches Überseehafengebiet Bremerhaven
5721,11,2020,9,7,18,3,4,6,1,0,0,0,0,1,0,1,8.682800997000072,53.16651097100004,Burglesum,Lesum
5722,11,2020,9,3,11,3,5,2,1,0,0,0,0,0,0,0,8.804782222000028,53.08381778800003,Mitte,Bahnhofsvorstadt
5723,11,2020,10,6,16,3,5,2,1,1,0,0,0,0,0,0,8.704384742000059,53.15603481100004,Burglesum,Burg-Grambke
5724,12,2020,8,2,8,3,4,6,1,1,0,0,0,0,0,0,8.579550654000059,53.59278804900004,Lehe (BHV),Speckenbüttel
5725,12,2020,9,5,14,3,6,4,1,0,1,0,0,0,0,0,8.585927190000064,53.55955473300003,Lehe (BHV),Goethestrasse
5726,12,2020,9,3,6,3,5,3,1,1,0,0,0,0,1,0,8.597060631000033,53.57525788500004,Lehe (BHV),Eckernfeld
5727,11,2020,9,2,8,3,5,3,1,1,0,0,0,0,0,0,8.825019262000069,53.08458045100008,Schwachhausen,Bürgerpark
5728,11,2020,10,7,13,2,0,7,1,0,0,0,0,0,0,1,8.896308591000036,53.07925983200005,Vahr,Neue Vahr Südost
5729,12,2020,8,2,12,3,5,3,1,1,0,0,0,0,0,0,8.601812577000032,53.570264896000026,Lehe (BHV),Schierholz
5730,11,2020,9,6,9,3,5,7,1,0,0,0,0,1,0,0,8.806093452000027,53.087641759000064,Findorff,Findorff-Bürgerweide
5731,11,2020,9,4,17,2,0,1,1,0,0,0,0,0,0,0,8.676748277000058,53.16561902200005,Burglesum,St.Magnus
5732,11,2020,10,7,13,2,1,5,1,1,0,0,0,0,0,0,8.840425043000039,53.06785638700006,Östliche Vorstadt,Peterswerder
5733,11,2020,9,4,15,3,5,3,1,0,0,0,0,0,0,0,8.784578367000051,53.10301889000005,Walle,Walle
5734,11,2020,10,4,8,3,1,5,1,1,0,0,0,0,0,0,8.806968458000028,53.07378788300008,Mitte,Altstadt
5735,11,2020,9,6,15,3,4,6,1,1,0,0,0,0,0,0,8.755127455000036,53.11990164400004,Gröpelingen,Ohlenhof
5736,12,2020,10,4,14,3,8,1,1,0,0,0,0,0,0,1,8.549170935000063,53.58059967700007,Häfen (BHV),Stadtbremisches Überseehafengebiet Bremerhaven
5737,11,2020,10,6,7,3,5,2,1,1,0,0,0,0,0,1,8.759736390000057,53.12428138000007,Gröpelingen,Ohlenhof
5738,11,2020,8,2,15,3,0,7,1,0,0,0,0,0,0,0,8.832773444000054,53.07746947500004,Östliche Vorstadt,Fesenfeld
5739,11,2020,9,5,14,2,3,7,1,0,0,0,0,0,0,0,8.757580422000046,53.08222842500004,Woltmershausen,Woltmershausen
5740,11,2020,8,2,17,3,6,4,1,0,1,0,0,0,0,0,8.801894940000068,53.07927075100008,Mitte,Altstadt
5741,11,2020,10,6,9,3,5,3,1,1,0,0,0,0,0,0,8.560569111000063,53.20169026100007,Blumenthal,Lüssum-Bockhorn
5742,11,2020,10,5,11,2,5,3,1,0,0,0,0,0,0,0,8.740746201000036,53.04698406400007,Huchting,Kirchhuchting
5743,11,2020,8,2,19,2,5,3,1,1,0,0,0,0,1,0,8.851441688000023,53.06339306700005,Östliche Vorstadt,Peterswerder
5744,11,2020,9,3,13,3,1,5,1,1,0,0,0,0,0,0,8.810666444000049,53.08085163700008,Mitte,Bahnhofsvorstadt
5745,11,2020,10,3,8,3,0,7,1,0,0,0,0,0,0,0,8.899178318000054,53.07619755200005,Vahr,Neue Vahr Südost
5746,11,2020,9,1,4,3,3,6,1,0,0,0,0,1,2,0,8.717923775000031,53.05660646500007,Huchting,Mittelshuchting
5747,12,2020,9,5,20,3,5,3,1,1,0,0,0,0,2,0,8.598350469000025,53.487244909000026,Fischereihafen,Fischereihafen
5748,11,2020,10,3,16,3,5,2,1,1,0,0,0,0,0,1,8.793733905000067,53.06635940500007,Neustadt,Südervorstadt
5749,11,2020,10,5,16,3,5,7,1,1,0,0,0,0,0,0,8.75167493400005,53.16395986400005,Unbekannt,Blockland
5750,11,2020,9,6,17,3,1,3,1,1,0,0,0,0,0,0,8.815867852000054,53.08111435200004,Mitte,Bahnhofsvorstadt
5751,12,2020,9,2,16,3,5,3,1,1,0,0,0,0,0,0,8.591796341000077,53.58054402300007,Lehe (BHV),Eckernfeld
5752,11,2020,10,2,10,3,5,2,1,1,0,0,0,0,0,0,8.677834321000034,53.16899306200003,Burglesum,Lesum
5753,11,2020,10,2,20,3,1,5,1,1,0,0,0,0,2,0,8.857112633000042,53.08264922600006,Schwachhausen,Radio Bremen
5754,12,2020,9,6,7,3,5,3,1,1,0,0,0,0,0,1,8.607594121000034,53.53525374800006,Geestemünde,Bürgerpark (BHV)
5755,11,2020,9,4,8,2,5,3,1,1,0,0,0,0,0,0,8.777108304000024,53.10661124200004,Walle,Walle
5756,11,2020,10,7,17,3,5,3,1,1,0,0,0,0,1,0,8.949750785000049,53.06418830400003,Osterholz,Tenever
5757,11,2020,9,3,13,3,5,3,1,1,0,0,0,0,0,0,8.766848770000024,53.071260636000034,Woltmershausen,Woltmershausen
5758,11,2020,10,2,7,3,0,3,1,1,0,0,0,0,0,1,8.87474787800005,53.10125540900003,Horn-Lehe,Lehe
5759,11,2020,9,5,17,3,5,3,1,1,0,0,0,0,0,0,8.716612263000059,53.05651761100006,Huchting,Mittelshuchting
5760,11,2020,10,2,16,3,5,2,1,1,0,0,0,0,0,0,8.78537387700004,53.10243670900008,Walle,Walle
5761,11,2020,10,5,21,3,0,1,1,0,0,0,0,0,2,1,8.818272769000032,53.095521620000056,Findorff,Weidedamm
5762,11,2020,9,3,17,3,5,3,1,0,0,0,0,1,0,0,8.82513254500003,53.08436527100008,Schwachhausen,Bürgerpark
5763,11,2020,10,2,2,3,5,3,1,1,0,0,0,0,2,0,8.833541223000054,53.07062252900005,Östliche Vorstadt,Peterswerder
5764,11,2020,9,6,10,2,4,2,1,1,0,0,0,0,0,0,8.878554999000073,53.078952988000026,Vahr,Gartenstadt Vahr
5765,11,2020,10,1,15,2,3,6,1,0,0,0,0,0,0,0,8.78769765900006,53.06575317000005,Neustadt,Neustadt
5766,11,2020,10,6,18,3,4,6,1,1,0,0,0,0,1,0,8.85724422100003,53.13705124500007,Unbekannt,Blockland
5767,11,2020,9,4,8,2,5,2,1,1,0,0,0,0,0,0,8.825131115000033,53.08448726600005,Schwachhausen,Bürgerpark
5768,11,2020,9,2,18,3,0,7,1,0,0,0,0,0,0,0,8.819203404000064,53.04452101900006,Obervieland,Kattenturm
5769,12,2020,10,7,11,3,5,3,1,1,0,0,0,0,0,0,8.611135801000046,53.58844117000007,Leherheide,Leherheide-West
5770,12,2020,11,4,8,2,3,6,1,1,0,0,0,0,0,0,8.57857399900007,53.56063496100006,Lehe (BHV),Goethestrasse
5771,12,2020,11,4,12,3,0,7,1,0,0,0,0,0,0,0,8.598449428000038,53.505839267000056,Wulsdorf,Dreibergen
5772,11,2020,12,7,16,3,2,6,1,0,0,0,0,0,1,0,8.785202913000035,53.102312985000026,Walle,Walle
5773,11,2020,10,7,23,3,6,7,1,0,1,0,0,0,2,1,8.841174394000063,53.09574615700007,Schwachhausen,Neu-Schwachhausen
5774,11,2020,11,4,15,3,5,2,1,1,0,0,0,0,0,0,8.95044979000005,53.05793393900007,Osterholz,Osterholz
5775,11,2020,11,4,17,3,3,2,1,1,0,0,0,0,2,0,8.919938944000023,53.05958313700006,Osterholz,Osterholz
5776,11,2020,10,7,11,3,6,4,1,0,1,0,0,0,0,0,8.883085669000025,53.07410637500004,Vahr,Gartenstadt Vahr
5777,11,2020,12,3,6,3,0,7,1,0,0,0,0,0,2,0,8.884348844000044,53.07188835100004,Vahr,Gartenstadt Vahr
5778,11,2020,11,4,8,3,4,6,1,1,0,0,0,1,0,0,8.893415566000044,53.11047370800003,Horn-Lehe,Lehesterdeich
5779,11,2020,12,6,13,3,5,3,1,1,0,0,0,0,0,0,8.817668927000057,53.07848884500004,Mitte,Ostertor
5780,12,2020,11,3,14,1,5,2,1,0,0,0,1,0,0,0,8.602817174000052,53.48733432100005,Fischereihafen,Fischereihafen
5781,11,2020,11,3,14,3,3,6,1,0,0,0,0,0,0,0,8.858190369000056,53.136275829000056,Unbekannt,Blockland
5782,11,2020,11,3,16,3,5,2,1,0,0,0,0,1,0,0,8.801814427000068,53.067810517000055,Neustadt,Südervorstadt
5783,11,2020,12,3,12,2,0,1,1,0,0,0,0,0,0,1,8.630328488000032,53.15650516000005,Burglesum,Werderland
5784,11,2020,11,3,14,3,2,6,1,0,0,0,0,0,0,0,8.88791264100007,53.10913232000007,Horn-Lehe,Lehesterdeich
5785,11,2020,12,3,9,3,5,3,1,1,0,0,0,0,1,1,8.873649509000074,53.079012257000045,Vahr,Gartenstadt Vahr
5786,11,2020,12,5,9,3,5,3,1,0,0,1,0,0,0,1,8.856239215000073,53.08890613500006,Schwachhausen,Riensberg
5787,11,2020,11,3,7,3,5,3,1,1,0,0,0,0,0,1,8.88923466500006,53.08635428000008,Vahr,Neue Vahr Nord
5788,11,2020,12,3,20,3,5,3,1,1,0,0,0,0,2,1,8.817797988000052,53.083544560000064,Schwachhausen,Barkhof
5789,11,2020,11,3,14,3,5,3,1,1,0,0,0,0,0,0,8.899281444000053,53.04281322800006,Hemelingen,Hemelingen
5790,11,2020,12,6,13,3,5,2,1,1,0,0,0,0,0,0,8.914080055000056,53.06823841500005,Hemelingen,Sebaldsbrück
5791,11,2020,11,3,14,3,1,5,1,1,0,0,0,0,0,0,8.57237531800007,53.19756441700008,Blumenthal,Lüssum-Bockhorn
5792,11,2020,12,2,21,2,5,3,1,1,0,0,0,0,2,0,8.887900240000022,53.06677208800005,Hemelingen,Sebaldsbrück
5793,12,2020,10,6,15,3,2,6,1,1,0,0,0,0,0,1,8.596964645000071,53.505234597000026,Wulsdorf,Dreibergen
5794,11,2020,11,6,15,3,5,3,1,1,0,0,0,0,0,0,8.853475455000023,53.09352771300007,Schwachhausen,Riensberg
5795,11,2020,12,3,14,3,4,6,1,1,0,0,0,0,0,1,8.86257800900006,53.099323696000056,Horn-Lehe,Lehe
5796,11,2020,12,2,17,3,5,2,1,1,0,0,0,0,2,1,8.81952274200006,53.08055385100005,Mitte,Bahnhofsvorstadt
5797,12,2020,12,3,13,3,5,3,1,1,0,0,0,0,0,0,8.572450092000054,53.56043152600006,Mitte (BHV),Mitte-Nord
5798,11,2020,10,6,14,3,5,3,1,1,0,0,0,0,0,1,8.79279976500004,53.06908985100006,Neustadt,Neustadt
5799,11,2020,11,2,16,3,5,3,1,1,0,0,0,0,1,0,8.90261070200006,53.12673453300005,Unbekannt,Borgfeld
5800,11,2020,12,2,7,3,5,2,1,1,0,0,0,0,0,0,8.872885929000063,53.09133656900008,Horn-Lehe,Horn
5801,11,2020,12,5,15,3,5,2,1,1,0,0,0,0,0,0,8.890125156000067,53.08425459200004,Vahr,Neue Vahr Nord
5802,11,2020,11,2,9,2,0,7,1,0,0,0,0,0,0,0,8.783936168000025,53.07573234600005,Woltmershausen,Woltmershausen
5803,11,2020,12,7,13,3,5,3,1,1,0,0,0,0,0,1,8.752174297000067,53.11278764800005,Gröpelingen,Lindenhof
5804,11,2020,11,6,13,3,5,3,1,1,0,0,0,0,0,0,8.736718794000069,53.133665964000045,Gröpelingen,Oslebshausen
5805,11,2020,12,6,9,3,0,1,1,0,0,0,0,0,0,1,8.61802128200003,53.17457736400007,Vegesack,Vegesack
5806,12,2020,11,1,16,3,0,7,1,0,0,0,0,0,1,0,8.551458385000046,53.579706703000056,Häfen (BHV),Stadtbremisches Überseehafengebiet Bremerhaven
5807,11,2020,12,6,10,3,0,7,1,0,0,0,0,0,0,0,8.893156397000041,53.11447197800004,Horn-Lehe,Lehesterdeich
5808,11,2020,12,5,10,2,0,7,1,0,0,0,0,0,0,1,8.823235856000053,53.07632763500004,Mitte,Ostertor
5809,11,2020,11,7,23,2,0,7,1,0,0,0,0,0,2,1,8.847903288000055,53.08673613700006,Schwachhausen,Riensberg
5810,11,2020,11,7,12,2,0,7,1,0,0,0,0,0,0,1,8.809089309000058,53.08327192200005,Mitte,Bahnhofsvorstadt
5811,11,2020,12,5,13,3,3,2,1,1,0,0,0,0,0,0,8.782186376000027,53.06680404400004,Neustadt,Neuenland
5812,11,2020,12,4,17,3,5,3,1,1,0,0,0,0,2,1,8.81219225500007,53.08977068000007,Findorff,Findorff-Bürgerweide
5813,11,2020,10,6,13,3,2,6,1,0,0,0,0,0,0,1,8.786211877000028,53.10306303600004,Walle,Walle
5814,11,2020,11,6,14,3,5,2,1,1,0,0,0,0,0,1,8.93514366200003,53.05875462000006,Osterholz,Osterholz
5815,11,2020,11,6,15,3,5,3,1,1,0,0,0,0,0,0,8.824888135000037,53.08464467400006,Schwachhausen,Bürgerpark
5816,11,2020,11,6,9,3,5,3,1,1,0,0,0,0,0,0,8.769569889000024,53.11314014300007,Gröpelingen,Gröpelingen
5817,11,2020,12,3,8,3,0,1,1,0,0,0,0,0,0,1,8.776314371000069,53.10461285300005,Walle,Walle
5818,11,2020,10,6,14,3,4,7,1,1,0,0,0,0,0,1,8.755490063000025,53.12023677600007,Gröpelingen,Ohlenhof
5819,11,2020,11,6,12,3,5,2,1,1,0,0,0,0,0,1,8.847899040000073,53.05054101500008,Obervieland,Habenhausen
5820,12,2020,11,5,6,3,6,7,1,0,1,0,0,0,2,1,8.623169486000052,53.59104271600006,Leherheide,Leherheide-West
5821,11,2020,11,5,12,3,0,3,1,1,0,0,0,1,0,1,8.83792064100004,53.07186929300008,Östliche Vorstadt,Peterswerder
5822,11,2020,12,2,14,2,0,7,1,1,0,0,0,0,0,0,8.60702370100006,53.17622703200004,Vegesack,Fähr-Lobbendorf
5823,11,2020,12,2,15,3,5,3,1,1,0,0,0,0,2,1,8.880669365000074,53.10167745400008,Horn-Lehe,Lehe
5824,11,2020,12,5,10,3,5,3,1,1,0,0,0,0,0,0,8.79975644700005,53.07048181000005,Neustadt,Alte Neustadt
5825,11,2020,11,4,10,3,5,3,1,1,0,0,0,0,0,0,8.68840401600005,53.16967331100005,Burglesum,Lesum
5826,11,2020,12,7,18,3,4,2,1,1,0,0,0,0,2,1,8.796999142000061,53.076438722000034,Neustadt,Alte Neustadt
5827,11,2020,11,5,18,3,5,3,1,1,0,0,0,0,2,0,8.89322954100004,53.04714236700005,Hemelingen,Hemelingen
5828,11,2020,11,4,15,3,3,2,1,1,0,0,0,0,0,0,8.843078930000047,53.055550700000026,Obervieland,Habenhausen
5829,11,2020,11,3,12,3,5,3,1,0,0,0,0,1,0,1,8.807564226000068,53.099700994000045,Findorff,Weidedamm
5830,11,2020,11,3,5,3,6,6,1,0,1,0,0,0,2,1,8.887777923000044,53.07154244900005,Hemelingen,Sebaldsbrück
5831,11,2020,12,7,13,3,6,7,1,0,1,0,0,0,0,0,8.803113962000054,53.06975945600004,Neustadt,Alte Neustadt
5832,11,2020,11,5,7,3,8,1,1,0,0,0,0,0,1,0,8.910608646000071,53.09612776300003,Oberneuland,Unbekannt
5833,11,2020,11,3,14,2,5,3,1,1,0,0,0,0,0,1,8.732396383000037,53.05828949600004,Huchting,Mittelshuchting
5834,11,2020,12,3,13,3,0,7,1,1,0,0,0,0,0,1,8.821958782000024,53.07282332700004,Mitte,Ostertor
5835,11,2020,11,3,12,3,5,3,1,1,0,0,0,0,0,1,8.882065003000037,53.10672526100007,Horn-Lehe,Lehesterdeich
5836,11,2020,12,4,16,3,5,2,1,0,0,0,1,0,1,0,8.78401337400004,53.07568006200006,Woltmershausen,Woltmershausen
5837,11,2020,11,3,18,3,0,7,1,0,0,0,0,0,2,0,8.844713113000068,53.076640016000056,Östliche Vorstadt,Hulsberg
5838,11,2020,11,3,14,3,5,3,1,1,0,0,0,0,0,1,8.827366961000052,53.07983425700007,Schwachhausen,Barkhof
5839,11,2020,11,3,14,3,5,2,1,1,0,0,0,0,0,1,8.875258710000026,53.08230765500008,Schwachhausen,Radio Bremen
5840,11,2020,12,3,10,3,1,5,1,1,0,0,0,0,0,1,8.830323804000045,53.07162267500007,Östliche Vorstadt,Steintor
5841,11,2020,11,2,8,2,0,7,1,0,0,0,0,0,0,0,8.807333623000034,53.07416914000004,Mitte,Altstadt
5842,12,2020,12,6,11,3,5,2,1,0,0,0,1,0,0,0,8.608823739000059,53.59076824500005,Leherheide,Königsheide
5843,11,2020,11,6,15,3,5,3,1,1,0,0,0,0,0,0,8.765218448000041,53.12728042400005,Gröpelingen,In den Wischen
5844,11,2020,10,5,16,3,5,3,1,1,0,0,0,0,0,0,8.73606176800007,53.04468683800008,Huchting,Kirchhuchting
5845,11,2020,12,3,8,3,5,3,1,1,0,0,0,0,1,1,8.84031879500003,53.081501005000064,Schwachhausen,Gete