,UKREIS,UJAHR,UMONAT,UWOCHENTAG,USTUNDE,UKATEGORIE,UART,UTYP1,IstRad,IstPKW,IstFuss,IstKrad,IstGkfz,IstSonstig,ULICHTVERH,STRZUSTAND,longitude,latitude,Stadtteil,Ortsteil
6049,12,2021,3,4,17,2,5,3,1,0,0,1,0,0,0,0,8.588743193000028,53.53455906600004,Geestemünde,Geestendorf
6050,11,2021,2,5,15,3,5,2,1,1,0,0,0,0,0,0,8.872256833000051,53.07736444300008,Vahr,Gartenstadt Vahr
6051,11,2021,7,4,17,3,4,6,1,0,0,0,0,1,0,0,8.808659745000057,53.07227546600007,Mitte,Altstadt
6052,11,2021,6,7,19,3,5,3,1,0,0,0,0,0,0,0,8.806088958000032,53.07824866800007,Mitte,Altstadt
6053,11,2021,6,3,16,3,0,7,1,0,0,0,0,0,0,0,8.853353264000077,53.06430918400008,Hemelingen,Hastedt
6054,12,2021,1,4,7,3,0,7,1,0,0,0,0,0,0,1,8.611141501000077,53.59626468700003,Leherheide,Königsheide
6055,11,2021,5,5,14,3,0,7,1,0,1,0,0,0,0,0,8.837210859000038,53.06997743300008,Östliche Vorstadt,Peterswerder
6056,11,2021,6,2,17,3,0,5,1,0,0,0,0,0,0,0,8.852729120000049,53.08222281700006,Schwachhausen,Gete
6057,11,2021,3,1,18,3,5,3,1,1,0,0,0,0,2,1,8.831069718000037,53.08582602500008,Schwachhausen,Bürgerpark
6058,11,2021,7,5,13,3,5,3,1,1,0,0,0,0,0,0,8.858298313000034,53.07246151000004,Hemelingen,Hastedt
6059,11,2021,7,7,13,2,0,7,1,0,0,0,0,0,0,0,8.819723408000073,53.09621930600008,Findorff,Weidedamm
6060,11,2021,4,4,17,3,3,2,1,1,0,0,0,0,0,0,8.701906731000065,53.16770983500004,Burglesum,Burgdamm
6061,11,2021,6,4,7,3,1,3,1,1,0,0,0,0,0,0,8.785446445000048,53.07110383100007,Neustadt,Hohentor
6062,11,2021,6,5,22,3,0,7,1,0,0,0,0,0,2,0,8.722387067000057,53.05686443000008,Huchting,Mittelshuchting
6063,12,2021,6,6,13,3,5,3,1,0,0,0,0,0,0,0,8.580166735000034,53.56953968900007,Lehe (BHV),Twischkamp
6064,11,2021,6,4,18,3,1,6,1,0,0,0,0,1,0,0,8.691257520000022,53.17212108900003,Burglesum,Lesum
6065,11,2021,4,2,16,2,0,7,1,0,0,0,0,0,0,0,8.622548688000052,53.17292462600005,Vegesack,Vegesack
6066,11,2021,3,6,15,3,1,5,1,1,0,0,0,0,0,0,8.899532195000063,53.105219573000056,Oberneuland,Unbekannt
6067,11,2021,6,5,13,3,5,3,1,0,0,0,0,0,0,0,8.802683933000026,53.08468608800007,Mitte,Bahnhofsvorstadt
6068,11,2021,2,4,15,3,3,6,1,1,0,0,0,0,0,0,8.782039975000032,53.08599007600003,Walle,Überseestadt
6069,11,2021,7,2,16,3,0,7,1,1,0,0,0,0,0,0,8.88080178100006,53.10155879300004,Horn-Lehe,Lehe
6070,11,2021,1,3,20,3,5,3,1,1,0,0,0,0,2,1,8.824431612000069,53.08425748000008,Schwachhausen,Barkhof
6071,11,2021,6,7,11,3,0,7,1,0,0,0,0,0,0,0,8.781542929000068,53.10102992000003,Walle,Walle
6072,11,2021,7,2,4,3,4,2,1,1,0,0,0,0,1,0,8.852215699000055,53.07370123100003,Östliche Vorstadt,Hulsberg
6073,11,2021,3,3,15,3,5,2,1,1,0,0,0,0,0,0,8.82504769600007,53.08451938900004,Schwachhausen,Bürgerpark
6074,11,2021,6,7,21,3,0,7,1,0,0,0,0,1,1,0,8.730037602000039,53.13817113100004,Gröpelingen,Oslebshausen
6075,12,2021,2,7,14,2,3,6,1,1,0,0,0,0,0,0,8.600158133000036,53.52895066100007,Geestemünde,Geestendorf
6076,11,2021,6,3,16,3,5,3,1,1,0,0,0,0,0,0,8.837105344000065,53.06945514100005,Östliche Vorstadt,Peterswerder
6077,12,2021,7,5,14,3,7,7,1,0,0,0,0,0,0,0,8.582312268000067,53.54145067900004,Mitte (BHV),Mitte-Süd
6078,11,2021,7,4,15,2,0,7,1,0,0,0,0,0,0,0,8.711605236000025,53.14745663100007,Burglesum,Burg-Grambke
6079,11,2021,7,6,11,2,0,7,1,0,0,0,0,0,0,0,8.826984953000022,53.08617202800008,Schwachhausen,Bürgerpark
6080,11,2021,6,7,17,3,1,1,1,1,0,0,0,0,0,1,8.866286614000046,53.06386271800005,Hemelingen,Hastedt
6081,11,2021,3,3,10,3,5,3,1,1,0,0,0,0,0,0,8.754165956000065,53.08882533600007,Woltmershausen,Rablinghausen
6082,11,2021,4,5,17,3,5,3,1,1,0,0,0,0,0,1,8.818109201000027,53.07772651400006,Mitte,Ostertor
6083,11,2021,7,7,11,2,4,6,1,1,0,0,0,0,0,0,8.535816208000028,53.20400589400003,Blumenthal,Farge
6084,11,2021,5,1,18,3,5,3,1,1,0,0,0,0,0,0,8.955894135000051,53.07614346100007,Osterholz,Tenever
6085,11,2021,4,5,18,3,5,3,1,1,0,0,0,0,0,0,8.573061489000054,53.19864624600007,Blumenthal,Lüssum-Bockhorn
6086,11,2021,4,7,12,3,0,7,1,0,0,0,0,0,0,0,8.900678069000037,53.127248060000056,Unbekannt,Borgfeld
6087,11,2021,2,6,7,2,1,5,1,1,0,0,0,0,0,0,8.817855147000046,53.08305366400003,Schwachhausen,Barkhof
6088,12,2021,6,2,8,3,5,2,1,1,0,0,0,0,0,0,8.596510137000053,53.57228079500004,Lehe (BHV),Eckernfeld
6089,11,2021,6,4,12,3,5,3,1,0,0,0,0,0,0,0,8.825151782000034,53.08450503700004,Schwachhausen,Bürgerpark
6090,11,2021,7,4,21,3,3,7,1,1,0,0,0,0,1,1,8.734073803000058,53.05857985400007,Huchting,Mittelshuchting
6091,11,2021,4,1,11,3,0,4,1,0,0,0,0,1,0,0,8.676366181000049,53.11875007000003,Unbekannt,Seehausen
6092,11,2021,7,7,20,3,5,3,1,0,0,0,0,1,0,0,8.792059746000064,53.07305788800005,Neustadt,Alte Neustadt
6093,11,2021,1,3,7,3,5,3,1,1,0,0,0,0,1,0,8.876043122000056,53.08162148000008,Vahr,Gartenstadt Vahr
6094,11,2021,6,7,21,3,5,2,1,1,0,0,0,0,0,0,8.824267863000046,53.07311867100003,Östliche Vorstadt,Steintor
6095,11,2021,7,4,8,3,5,3,1,1,0,0,0,0,0,0,8.92382593800005,53.04043179900003,Hemelingen,Arbergen
6096,11,2021,3,3,16,2,8,1,1,0,0,0,0,0,0,0,8.716525742000044,53.18179672400004,Burglesum,Burgdamm
6097,11,2021,6,6,10,3,5,3,1,1,0,0,0,0,0,0,8.824560616000042,53.06891366900004,Mitte,Ostertor
6098,12,2021,6,6,12,3,5,3,1,1,0,0,0,0,0,0,8.58614338700005,53.56156785700006,Lehe (BHV),Twischkamp
6099,12,2021,7,7,19,3,0,7,1,0,0,0,0,0,0,0,8.589079562000052,53.533629690000055,Geestemünde,Geestendorf
6100,11,2021,4,4,19,3,5,3,1,0,0,0,0,0,1,0,8.80314947000005,53.06701762300003,Neustadt,Buntentor
6101,11,2021,7,2,16,3,5,2,1,1,0,0,0,0,0,0,8.872446916000058,53.06313034400006,Hemelingen,Hastedt
6102,11,2021,6,4,12,3,3,6,1,0,0,1,0,0,0,0,8.832184002000076,53.08610413900004,Schwachhausen,Bürgerpark
6103,11,2021,1,7,12,2,5,3,1,1,0,0,0,0,0,0,8.90096303100006,53.08951766000007,Horn-Lehe,Horn
6104,11,2021,6,6,15,3,5,3,1,1,0,0,0,0,0,0,8.896912784000051,53.05907193300004,Hemelingen,Sebaldsbrück
6105,11,2021,7,3,12,3,5,2,1,1,0,0,0,0,0,0,8.862525943000037,53.10678396400005,Horn-Lehe,Lehe
6106,11,2021,7,2,13,3,3,2,1,1,0,0,0,0,0,0,8.79948141400007,53.07016460800003,Neustadt,Alte Neustadt
6107,11,2021,4,4,14,3,5,3,1,1,0,0,0,0,0,0,8.759916555000075,53.11398675400005,Gröpelingen,Lindenhof
6108,11,2021,6,4,9,3,5,3,1,1,0,0,0,0,0,0,8.809590834000062,53.09258914400005,Findorff,Findorff-Bürgerweide
6109,11,2021,6,5,12,3,0,6,1,1,0,0,0,0,0,0,8.765102760000048,53.12424591500008,Gröpelingen,Ohlenhof
6110,11,2021,4,6,23,2,1,7,1,1,0,0,0,0,2,0,8.764190506000034,53.08776627500004,Woltmershausen,Woltmershausen
6111,11,2021,6,3,8,3,1,7,1,1,0,0,0,0,0,1,8.80630943600005,53.06430591200007,Neustadt,Buntentor
6112,11,2021,7,3,9,3,5,3,1,1,0,0,0,0,0,0,8.846508691000054,53.09244241900007,Schwachhausen,Neu-Schwachhausen
6113,11,2021,6,2,5,3,4,6,1,0,0,0,0,0,0,1,8.885840747000032,53.05666471400008,Hemelingen,Hemelingen
6114,11,2021,2,3,17,3,3,6,1,0,0,0,0,0,2,2,8.779125201000056,53.07611155300003,Woltmershausen,Woltmershausen
6115,11,2021,7,6,11,3,5,3,1,1,0,0,0,0,0,0,8.870247756000026,53.06485454400007,Hemelingen,Hastedt
6116,12,2021,1,4,17,2,5,2,1,1,0,0,0,0,2,1,8.579857841000035,53.54665690400003,Mitte (BHV),Mitte-Süd
6117,11,2021,7,2,11,3,0,7,1,0,0,0,0,1,0,0,8.904778251000039,53.11910170800007,Unbekannt,Borgfeld
6118,11,2021,3,5,16,3,1,7,1,1,0,0,0,0,0,0,8.828645806000054,53.06880200200004,Östliche Vorstadt,Steintor
6119,11,2021,6,1,15,3,0,3,1,1,0,0,0,0,0,0,8.718589965000035,53.04588712300006,Huchting,Sodenmatt
6120,11,2021,7,2,7,3,1,7,1,1,0,0,0,0,0,0,8.815246062000028,53.07713919400004,Mitte,Ostertor
6121,11,2021,1,5,5,3,5,3,1,1,0,0,0,0,2,1,8.95132516800004,53.05787926700003,Osterholz,Osterholz
6122,12,2021,5,5,15,3,0,7,1,0,0,0,0,0,0,0,8.585909007000055,53.55553898400007,Lehe (BHV),Klushof
6123,11,2021,4,2,18,3,5,3,1,1,0,0,0,0,0,0,8.816896147000023,53.07858441800005,Mitte,Bahnhofsvorstadt
6124,11,2021,4,7,15,3,5,3,1,0,0,0,0,0,0,0,8.801530248000063,53.071537515000045,Neustadt,Alte Neustadt
6125,11,2021,2,3,6,3,5,2,1,0,0,0,0,1,0,0,8.78143182100007,53.06767019900008,Neustadt,Hohentor
6126,11,2021,5,2,6,3,5,2,1,1,0,0,0,0,0,0,8.70215537200005,53.16770641200003,Burglesum,Burgdamm
6127,12,2021,1,4,15,3,6,4,1,0,1,0,0,0,0,1,8.585893502000033,53.55930636200003,Lehe (BHV),Goethestrasse
6128,11,2021,6,2,5,3,5,3,1,1,0,0,0,0,0,1,8.882850619000067,53.07472067900005,Hemelingen,Sebaldsbrück
6129,11,2021,7,4,11,2,5,3,1,1,0,0,0,0,0,0,8.896447476000048,53.07925509200004,Vahr,Neue Vahr Südost
6130,12,2021,3,2,7,3,5,3,1,1,0,0,0,0,1,0,8.568137610000065,53.55398790800007,Mitte (BHV),Mitte-Nord
6131,11,2021,2,4,12,3,5,3,1,1,0,0,0,0,0,0,8.864971009000044,53.07156724800007,Hemelingen,Hastedt
6132,11,2021,3,2,17,3,1,7,1,1,0,0,0,0,0,1,8.790431327000022,53.09747206400005,Walle,Westend
6133,11,2021,7,5,21,2,4,6,1,0,0,0,0,1,1,0,8.807210539000039,53.07282824100008,Mitte,Altstadt
6134,11,2021,4,4,18,3,3,6,1,0,0,0,0,0,0,0,8.82959683300004,53.08546306200003,Schwachhausen,Bürgerpark
6135,11,2021,2,3,9,2,5,3,1,1,0,0,0,0,0,0,8.78052284100005,53.06812686400008,Neustadt,Hohentor
6136,11,2021,7,4,8,3,5,3,1,1,0,0,0,0,0,0,8.86021015700004,53.082406467000055,Vahr,Gartenstadt Vahr
6137,11,2021,6,2,18,3,5,3,1,1,0,0,0,0,0,0,8.791446077000046,53.11086268300005,Walle,Hohweg
6138,11,2021,7,4,16,3,5,3,1,1,0,0,0,0,0,0,8.825079384000048,53.08420073400004,Schwachhausen,Barkhof
6139,11,2021,6,3,17,1,5,3,1,0,0,0,1,0,0,0,8.74026426100005,53.12475687500006,Häfen,Industriehäfen
6140,12,2021,2,4,18,3,7,1,1,0,0,0,0,0,1,2,8.609875113000044,53.52990537900007,Geestemünde,Bürgerpark (BHV)
6141,11,2021,7,6,17,3,3,6,1,1,0,0,0,0,0,0,8.819735943000069,53.053704810000056,Neustadt,Huckelriede
6142,11,2021,5,5,13,3,2,7,1,0,0,0,0,1,0,0,8.808826907000025,53.072216215000026,Mitte,Altstadt
6143,11,2021,3,7,19,3,5,3,1,1,0,0,0,0,2,1,8.724075648000053,53.043320547000064,Huchting,Sodenmatt
6144,11,2021,6,6,7,3,5,3,1,0,0,0,0,0,0,0,8.88933193500003,53.05800322100004,Hemelingen,Hemelingen
6145,11,2021,4,3,10,2,1,5,1,1,0,0,0,0,0,0,8.789806759000044,53.071506629000055,Neustadt,Hohentor
6146,11,2021,5,5,17,3,6,4,1,0,1,0,0,0,0,0,8.80692943200006,53.06475751500005,Neustadt,Buntentor
6147,11,2021,6,4,12,3,5,3,1,1,0,0,0,0,0,0,8.814842154000075,53.05481198900003,Neustadt,Huckelriede
6148,11,2021,2,4,7,2,5,3,1,1,0,0,0,0,0,0,8.87895547900007,53.08573362000004,Vahr,Neue Vahr Nord
6149,12,2021,7,2,13,3,1,3,1,1,0,0,0,0,0,1,8.575202181000066,53.54764080000007,Mitte (BHV),Mitte-Süd
6150,12,2021,7,4,12,3,0,7,1,0,0,0,0,0,0,1,8.60546781100004,53.53064975900003,Geestemünde,Bürgerpark (BHV)
6151,11,2021,3,2,14,2,5,3,1,1,0,0,0,0,0,0,8.603792404000046,53.17694773800008,Vegesack,Fähr-Lobbendorf
6152,11,2021,6,5,8,3,0,1,1,0,0,0,0,0,0,0,8.827073118000044,53.07274551200004,Östliche Vorstadt,Steintor
6153,11,2021,6,3,17,3,5,3,1,1,0,0,0,0,0,0,8.663387886000066,53.17535709100008,Burglesum,St.Magnus
6154,11,2021,7,7,12,3,3,6,1,1,0,0,0,0,0,0,8.928643995000073,53.06057567600004,Osterholz,Ellener Feld
6155,11,2021,4,3,15,3,1,7,1,1,0,0,0,0,0,0,8.811985321000066,53.08967600500006,Findorff,Findorff-Bürgerweide
6156,12,2021,7,5,8,3,5,3,1,1,0,0,0,0,0,0,8.57482613600007,53.56054931700004,Lehe (BHV),Goethestrasse
6157,11,2021,6,5,16,3,5,3,1,1,0,0,0,0,0,0,8.76478359500004,53.11291655400004,Gröpelingen,Lindenhof
6158,12,2021,3,3,16,2,5,3,1,1,0,0,0,0,0,0,8.572272128000066,53.56043702000005,Mitte (BHV),Mitte-Nord
6159,11,2021,4,5,15,3,3,2,1,1,0,0,0,0,0,0,8.837285962000067,53.076886269000056,Östliche Vorstadt,Fesenfeld
6160,11,2021,4,5,7,3,5,3,1,1,0,0,0,0,0,0,8.873057445000029,53.08476207700005,Schwachhausen,Radio Bremen
6161,11,2021,7,6,13,3,5,3,1,1,0,0,0,0,0,0,8.95183042900004,53.07263368200006,Osterholz,Tenever
6162,11,2021,1,4,10,3,5,3,1,0,0,0,0,0,0,0,8.813023495000039,53.07957961300008,Mitte,Bahnhofsvorstadt
6163,12,2021,5,3,15,3,5,3,1,1,0,0,0,0,0,1,8.594920999000067,53.54483956300004,Geestemünde,Geestemünde-Nord
6164,11,2021,4,7,18,3,3,6,1,1,0,0,0,1,0,0,8.822859220000055,53.07797863500008,Mitte,Ostertor
6165,11,2021,4,2,10,2,3,2,1,1,0,0,0,0,0,0,8.577788203000068,53.18703785200006,Blumenthal,Blumenthal
6166,11,2021,6,1,14,3,0,7,1,0,0,0,0,0,0,0,8.866135685000074,53.06392703800003,Hemelingen,Hastedt
6167,11,2021,6,4,12,2,5,3,1,0,0,0,0,0,0,0,8.617439404000038,53.174853220000045,Vegesack,Vegesack
6168,11,2021,1,6,13,3,5,2,1,1,0,0,0,0,0,0,8.715549132000035,53.053628315000026,Huchting,Mittelshuchting
6169,11,2021,5,4,7,3,5,3,1,1,0,0,0,0,0,0,8.801980836000041,53.07144012300006,Neustadt,Alte Neustadt
6170,12,2021,3,4,13,3,0,7,1,1,0,0,0,0,0,0,8.579913950000048,53.55079257600005,Mitte (BHV),Mitte-Nord
6171,12,2021,2,4,18,3,5,3,1,1,0,0,0,0,2,0,8.617774489000055,53.51979803800003,Geestemünde,Grünhöfe
6172,11,2021,1,7,0,2,0,7,1,0,0,0,0,0,2,1,8.758508388000052,53.11640030600006,Gröpelingen,Lindenhof
6173,12,2021,7,5,1,3,8,1,1,0,0,0,0,0,2,0,8.576620176000063,53.54559474900003,Mitte (BHV),Mitte-Süd
6174,11,2021,3,7,11,3,0,1,1,0,0,0,0,0,0,0,8.818204631000071,53.09550889500008,Findorff,Weidedamm
6175,11,2021,6,7,17,3,5,2,1,1,0,0,0,0,0,0,8.788046031000022,53.10422908100003,Walle,Osterfeuerberg
6176,11,2021,6,5,15,3,1,5,1,1,0,0,0,0,0,0,8.79708818100005,53.10380389400007,Walle,Osterfeuerberg
6177,11,2021,3,2,18,3,2,7,1,1,0,0,0,0,1,0,8.569118296000056,53.20101790500007,Blumenthal,Lüssum-Bockhorn
6178,11,2021,7,3,13,3,0,7,1,0,0,0,0,0,0,0,8.828634229000045,53.08252753100004,Schwachhausen,Barkhof
6179,12,2021,7,4,7,3,5,3,1,0,0,0,0,0,0,0,8.593682861000048,53.56541687900005,Lehe (BHV),Klushof
6180,11,2021,6,2,15,3,1,5,1,1,0,0,0,0,0,0,8.80751551000003,53.09937378700005,Findorff,Weidedamm
6181,11,2021,4,7,1,3,0,1,1,0,0,0,0,0,2,0,8.561284261000026,53.19160983500007,Blumenthal,Rönnebeck
6182,11,2021,6,5,7,3,5,3,1,1,0,0,0,0,0,0,8.56447804000004,53.19310785800008,Blumenthal,Blumenthal
6183,11,2021,1,2,12,3,4,2,1,1,0,0,0,0,0,1,8.795245386000033,53.09087740700005,Walle,Utbremen
6184,11,2021,5,2,11,3,3,6,1,1,0,0,0,0,0,0,8.902445028000045,53.12741898500008,Unbekannt,Borgfeld
6185,11,2021,7,1,15,3,0,3,1,1,0,0,0,0,0,0,8.788948104000042,53.07314689300006,Neustadt,Alte Neustadt
6186,11,2021,7,4,20,3,5,3,1,1,0,0,0,0,1,0,8.853960130000075,53.08229438100005,Schwachhausen,Gete
6187,11,2021,1,2,14,3,5,3,1,1,0,0,0,0,0,1,8.807284883000023,53.08237072700007,Mitte,Bahnhofsvorstadt
6188,11,2021,6,5,9,3,6,7,1,0,1,0,0,0,0,0,8.860579948000066,53.10282389200006,Horn-Lehe,Lehe
6189,12,2021,4,1,14,3,8,1,1,0,0,0,0,0,0,0,8.578827561000026,53.54635825200006,Mitte (BHV),Mitte-Süd
6190,11,2021,3,3,21,3,1,5,1,1,0,0,0,0,2,0,8.84114461300004,53.092457919000026,Schwachhausen,Neu-Schwachhausen
6191,11,2021,6,4,13,3,5,3,1,1,0,0,0,0,0,0,8.806581258000051,53.07355505200008,Mitte,Altstadt
6192,11,2021,5,2,9,3,5,3,1,1,0,0,0,0,0,0,8.83138645400004,53.08124258000004,Schwachhausen,Schwachhausen
6193,11,2021,1,2,13,3,5,3,1,1,0,0,0,0,0,1,8.88371068400005,53.04841958700007,Hemelingen,Hemelingen
6194,11,2021,6,6,7,3,3,6,1,0,0,0,0,0,0,0,8.939469945000042,53.076683040000034,Oberneuland,Unbekannt
6195,11,2021,3,4,15,3,2,6,1,1,0,0,0,0,0,0,8.835334399000033,53.08029351900007,Schwachhausen,Gete
6196,11,2021,6,4,13,3,5,2,1,1,0,0,0,0,0,0,8.772196209000072,53.07874601200007,Woltmershausen,Woltmershausen
6197,11,2021,4,7,14,2,5,3,1,1,0,0,0,0,0,0,8.906883779000054,53.07144387100004,Hemelingen,Sebaldsbrück
6198,11,2021,4,5,10,3,5,3,1,1,0,0,0,0,0,0,8.812638614000036,53.08082122000008,Mitte,Bahnhofsvorstadt
6199,11,2021,7,5,23,3,0,7,1,0,0,0,0,0,2,0,8.82512089200003,53.08433519400006,Schwachhausen,Bürgerpark
6200,11,2021,6,6,10,2,0,3,1,1,0,0,0,0,0,0,8.823643532000062,53.04414106600007,Obervieland,Kattenturm
6201,11,2021,5,7,16,3,5,2,1,1,0,0,0,0,0,0,8.808637434000048,53.08289263000006,Mitte,Bahnhofsvorstadt
6202,11,2021,1,4,7,2,5,3,1,1,0,0,0,0,2,1,8.831541020000031,53.08593448900007,Schwachhausen,Bürgerpark
6203,11,2021,6,3,9,3,5,3,1,0,0,0,0,1,0,0,8.818926646000023,53.05181993900004,Neustadt,Huckelriede
6204,11,2021,5,3,9,3,5,3,1,1,0,0,0,0,0,1,8.807439249000026,53.08225346600005,Mitte,Bahnhofsvorstadt
6205,11,2021,7,5,18,3,5,3,1,1,0,0,0,0,0,0,8.848653554000066,53.05050565700003,Obervieland,Habenhausen
6206,12,2021,6,3,13,3,6,4,1,0,1,0,0,0,0,0,8.59848557600003,53.56665563000007,Lehe (BHV),Klushof
6207,11,2021,5,6,14,3,0,7,1,0,0,0,0,0,0,0,8.730370526000058,53.09152062900006,Häfen,Neustädter Hafen
6208,11,2021,7,2,17,3,5,3,1,1,0,0,0,0,0,1,8.786706684000023,53.07440659800005,Neustadt,Hohentor
6209,11,2021,3,4,10,2,0,7,1,1,0,0,0,0,0,0,8.849732433000042,53.04870554800005,Obervieland,Habenhausen
6210,11,2021,6,6,18,2,0,7,1,0,0,0,0,1,0,0,8.890090952000037,53.08430885400003,Vahr,Neue Vahr Nord
6211,11,2021,6,2,16,3,5,3,1,0,0,0,0,1,0,0,8.864196808000031,53.09444013500007,Horn-Lehe,Horn
6212,11,2021,7,7,15,3,5,3,1,1,0,0,0,0,0,0,8.963309008000067,53.057544893000056,Osterholz,Tenever
6213,11,2021,5,2,13,3,5,3,1,1,0,0,0,0,0,1,8.827323386000046,53.04261152400005,Obervieland,Kattenturm
6214,11,2021,4,6,7,3,3,7,1,1,0,0,0,0,0,0,8.710997976000044,53.15283783700005,Burglesum,Burg-Grambke
6215,11,2021,6,1,14,3,1,5,1,1,0,0,0,0,0,0,8.613305669000056,53.18219607900005,Vegesack,Fähr-Lobbendorf
6216,11,2021,6,6,11,3,5,3,1,1,0,0,0,0,0,0,8.811216312000056,53.08015658900007,Mitte,Bahnhofsvorstadt
6217,11,2021,3,4,12,3,5,2,1,0,0,0,0,1,0,0,8.820728663000068,53.05061100200004,Obervieland,Kattenturm
6218,11,2021,3,2,10,3,3,2,1,1,0,0,0,0,0,2,8.830342403000031,53.08564920700008,Schwachhausen,Bürgerpark
6219,12,2021,5,2,15,3,9,1,1,0,0,0,0,0,0,0,8.586555316000045,53.52228574500003,Fischereihafen,Fischereihafen
6220,11,2021,7,3,16,3,5,3,1,1,0,0,0,0,0,0,8.874343657000054,53.07841359600008,Vahr,Gartenstadt Vahr
6221,11,2021,6,4,12,2,5,3,1,0,0,0,0,1,0,0,8.84241241500007,53.10603605800003,Schwachhausen,Neu-Schwachhausen
6222,11,2021,1,6,20,3,8,6,1,0,0,0,0,1,2,0,8.856917180000039,53.04580169600007,Obervieland,Habenhausen
6223,11,2021,6,2,16,3,5,3,1,1,0,0,0,0,0,0,8.872444915000074,53.06312825700007,Hemelingen,Hastedt
6224,11,2021,7,7,11,3,5,7,1,1,0,0,0,0,0,1,8.952869718000045,53.05779388900004,Osterholz,Tenever
6225,11,2021,5,2,14,3,5,3,1,0,0,0,0,1,0,0,8.875715565000064,53.08247980900006,Schwachhausen,Radio Bremen
6226,11,2021,1,5,8,3,1,7,1,1,0,0,0,0,0,2,8.93777026600003,53.07539822600006,Osterholz,Ellenerbrok-Schevemoor
6227,11,2021,6,3,18,2,0,7,1,0,0,0,0,0,0,0,8.628002149000054,53.16914689300006,Vegesack,Vegesack
6228,12,2021,5,2,16,3,4,6,1,1,0,0,0,0,0,0,8.605971544000056,53.51613501700007,Geestemünde,Grünhöfe
6229,11,2021,3,7,18,2,0,7,1,0,0,0,0,0,0,0,8.786920341000041,53.10021170400006,Walle,Walle
6230,11,2021,6,2,14,2,5,3,1,1,0,0,0,0,0,0,8.887735820000046,53.10911139500007,Horn-Lehe,Lehesterdeich
6231,11,2021,2,4,5,3,5,3,1,1,0,0,0,0,2,1,8.896104403000038,53.056874280000045,Hemelingen,Sebaldsbrück
6232,12,2021,7,1,12,3,0,7,1,0,0,0,0,0,0,1,8.595077709000066,53.54311378900008,Geestemünde,Geestemünde-Nord
6233,12,2021,7,5,9,3,6,4,1,0,1,0,0,0,0,1,8.589106595000032,53.53355037200004,Geestemünde,Geestendorf
6234,12,2021,4,6,18,3,5,2,1,1,0,0,0,0,0,1,8.602232163000053,53.57199126700005,Lehe (BHV),Schierholz
6235,11,2021,6,3,18,3,0,1,1,0,0,0,0,0,0,0,8.853740342000037,53.08726961200006,Schwachhausen,Radio Bremen
6236,12,2021,6,6,23,3,8,1,1,0,0,0,0,0,2,0,8.59587616300007,53.51139623500006,Wulsdorf,Dreibergen
6237,11,2021,7,5,10,3,5,2,1,1,0,0,0,0,0,0,8.627129427000057,53.17032160100007,Vegesack,Vegesack
6238,11,2021,7,6,14,3,0,7,1,0,0,0,0,0,0,0,8.870932605000064,53.10377888900007,Horn-Lehe,Lehe
6239,11,2021,7,3,10,3,6,3,1,0,1,0,0,0,0,0,8.790199193000035,53.06737419300004,Neustadt,Neustadt
6240,11,2021,4,3,7,3,5,3,1,1,0,0,0,0,0,0,8.833092899000064,53.03978668700006,Obervieland,Kattenturm
6241,11,2021,3,6,23,2,1,7,1,1,0,0,0,0,2,0,8.818359601000054,53.077444470000046,Mitte,Ostertor
6242,12,2021,6,6,11,3,5,3,1,1,0,0,0,0,0,0,8.597248914000033,53.59026445200004,Leherheide,Königsheide
6243,11,2021,3,6,16,3,5,3,1,1,0,0,0,0,0,0,8.846299890000068,53.047492463000026,Obervieland,Habenhausen
6244,11,2021,6,4,19,3,0,7,1,0,0,0,0,0,0,0,8.804839705000063,53.09165148500006,Findorff,Findorff-Bürgerweide
6245,11,2021,7,6,13,3,5,3,1,0,0,0,0,1,0,0,8.799432219000039,53.07006566000007,Neustadt,Alte Neustadt
6246,11,2021,7,4,10,3,5,3,1,1,0,0,0,0,0,1,8.614279896000028,53.17622750000004,Vegesack,Vegesack
6247,11,2021,7,6,16,3,0,3,1,0,0,0,0,0,0,0,8.800400077000063,53.09146519300003,Findorff,Findorff-Bürgerweide
6248,11,2021,4,5,10,2,1,5,1,1,0,0,0,0,0,0,8.822578814000053,53.07958272500008,Mitte,Ostertor
6249,11,2021,4,7,18,3,5,3,1,1,0,0,0,0,0,0,8.853530689000024,53.07075507100007,Östliche Vorstadt,Hulsberg
6250,12,2021,2,3,12,3,8,1,1,0,0,0,0,0,0,0,8.586391023000033,53.59149655500005,Lehe (BHV),Speckenbüttel
6251,11,2021,1,4,8,3,1,5,1,0,0,1,1,0,0,1,8.788039454000057,53.06597605800005,Neustadt,Neustadt
6252,11,2021,6,3,12,3,5,2,1,1,0,0,0,0,0,0,8.831044227000064,53.07476022000003,Östliche Vorstadt,Fesenfeld