,UKREIS,UJAHR,UMONAT,UWOCHENTAG,USTUNDE,UKATEGORIE,UART,UTYP1,IstRad,IstPKW,IstFuss,IstKrad,IstGkfz,IstSonstig,ULICHTVERH,STRZUSTAND,longitude,latitude,Stadtteil,Ortsteil
6253,11,2021,6,5,11,3,5,3,1,1,0,0,0,0,0,0,8.876533727000037,53.08104137200007,Vahr,Gartenstadt Vahr
6254,11,2021,2,6,9,3,5,1,1,0,0,0,0,0,0,0,8.803244359000075,53.06963461800007,Neustadt,Alte Neustadt
6255,11,2021,1,7,14,3,5,3,1,1,0,0,0,0,0,0,8.82593206100006,53.07873605500004,Östliche Vorstadt,Fesenfeld
6256,11,2021,4,3,19,3,1,5,1,1,0,0,0,0,0,0,8.829911550000077,53.08554163700006,Schwachhausen,Bürgerpark
6257,11,2021,6,4,15,3,5,3,1,1,0,0,0,0,0,0,8.754753510000057,53.11974696900006,Gröpelingen,Ohlenhof
6258,11,2021,5,2,7,3,5,3,1,1,0,0,0,0,0,0,8.566287983000052,53.18772263700004,Blumenthal,Blumenthal
6259,11,2021,3,4,10,3,4,6,1,1,0,0,0,0,0,0,8.939332970000066,53.08572554900008,Oberneuland,Unbekannt
6260,11,2021,7,7,8,2,5,3,1,1,0,0,0,0,0,0,8.913896565000073,53.08335825400008,Oberneuland,Unbekannt
6261,11,2021,1,3,23,3,0,7,1,0,0,0,0,0,2,2,8.802584729000046,53.07169191700007,Neustadt,Alte Neustadt
6262,11,2021,7,2,10,2,5,3,1,1,0,0,0,0,0,0,8.739113603000021,53.13519797200007,Gröpelingen,Oslebshausen
6263,11,2021,3,4,15,3,4,2,1,1,0,0,0,0,0,0,8.804449615000067,53.07550817700008,Mitte,Altstadt
6264,11,2021,6,6,17,3,5,3,1,1,0,0,0,0,0,0,8.813936357000046,53.10030084400006,Findorff,Weidedamm
6265,12,2021,6,7,13,3,1,5,1,1,0,0,0,0,0,1,8.61077212400005,53.59129396900005,Leherheide,Leherheide-West
6266,12,2021,2,7,15,3,6,4,1,0,1,0,0,0,0,0,8.610364743000048,53.51042298500005,Geestemünde,Grünhöfe
6267,11,2021,7,5,7,3,5,3,1,1,0,0,0,0,0,1,8.792994541000041,53.066746685000055,Neustadt,Neustadt
6268,11,2021,7,3,13,3,5,2,1,1,0,0,0,0,0,0,8.932533826000054,53.08540828600008,Oberneuland,Unbekannt
6269,11,2021,6,3,16,3,5,3,1,1,0,0,0,0,0,0,8.698909943000046,53.09275766800005,Unbekannt,Strom
6270,11,2021,6,5,13,3,5,2,1,1,0,0,0,0,0,0,8.64989205300003,53.17389559800006,Vegesack,Schönebeck
6271,11,2021,6,2,11,3,5,3,1,1,0,0,0,0,0,0,8.871866402000023,53.07714922500003,Vahr,Gartenstadt Vahr
6272,12,2021,5,1,18,3,5,3,1,1,0,0,0,0,0,1,8.598012881000045,53.56968657300007,Lehe (BHV),Klushof
6273,11,2021,1,3,14,3,1,5,1,1,0,0,0,0,0,0,8.817199092000067,53.117441435000046,Unbekannt,Blockland
6274,11,2021,6,5,11,3,0,7,1,0,0,0,0,0,0,0,8.852576234000026,53.08621819800004,Schwachhausen,Radio Bremen
6275,11,2021,3,4,17,3,3,6,1,1,0,0,0,0,0,0,8.781397981000055,53.11170727500007,Walle,Walle
6276,12,2021,6,6,16,3,5,2,1,0,0,0,0,1,0,0,8.593539623000026,53.55452907900008,Lehe (BHV),Klushof
6277,11,2021,5,2,8,3,5,3,1,0,0,0,0,1,0,0,8.79726061200006,53.07642415700008,Neustadt,Alte Neustadt
6278,11,2021,4,3,7,3,5,7,1,0,0,0,0,1,0,1,8.792382522000025,53.07320874900006,Neustadt,Alte Neustadt
6279,11,2021,4,6,13,3,0,3,1,1,0,0,0,0,0,0,8.797061541000062,53.07360365000005,Neustadt,Alte Neustadt
6280,11,2021,7,3,12,3,5,2,1,1,0,0,0,0,0,0,8.786169932000064,53.10306381000004,Walle,Walle
6281,11,2021,6,7,13,3,1,2,1,1,0,0,0,0,0,0,8.793949509000072,53.09966723000008,Walle,Osterfeuerberg
6282,11,2021,6,4,17,3,7,7,1,0,0,0,0,1,0,0,8.837473244000023,53.069932737000045,Östliche Vorstadt,Peterswerder
6283,11,2021,4,3,11,3,5,3,1,1,0,0,0,0,0,0,8.824425821000034,53.08449177400007,Schwachhausen,Barkhof
6284,11,2021,6,3,17,3,5,2,1,1,0,0,0,0,0,0,8.875400170000034,53.06211829800003,Hemelingen,Hastedt
6285,11,2021,2,6,19,3,3,6,1,0,0,0,0,1,1,0,8.88930107300007,53.09024555600007,Horn-Lehe,Horn
6286,11,2021,7,5,23,2,0,1,1,0,0,0,0,0,2,0,8.822323631000074,53.06908141400004,Mitte,Ostertor
6287,11,2021,1,4,8,3,5,3,1,1,0,0,0,0,0,1,8.795913072000076,53.10629720300005,Walle,Hohweg
6288,12,2021,3,4,9,3,0,3,1,0,0,0,0,1,0,0,8.600892361000035,53.50919759700008,Wulsdorf,Dreibergen
6289,12,2021,6,6,13,3,5,3,1,1,0,0,0,0,0,0,8.604642125000055,53.507022283000026,Wulsdorf,Dreibergen
6290,11,2021,7,1,0,3,6,6,1,0,1,0,0,0,2,0,8.822094798000023,53.06911769300007,Mitte,Ostertor
6291,11,2021,5,6,16,3,0,7,1,0,0,0,0,0,0,0,8.951116414000069,53.034950974000026,Hemelingen,Mahndorf
6292,11,2021,4,3,11,3,5,3,1,1,0,0,0,0,0,0,8.80855402900005,53.09353038900008,Findorff,Findorff-Bürgerweide
6293,11,2021,1,3,17,3,4,6,1,1,0,0,0,0,2,1,8.920243527000025,53.09414159800008,Oberneuland,Unbekannt
6294,11,2021,6,2,10,3,1,5,1,1,0,0,0,0,0,0,8.703022117000046,53.15561956700003,Burglesum,Burg-Grambke
6295,11,2021,4,5,12,3,5,3,1,0,0,0,0,1,0,0,8.804900453000073,53.079349267000055,Mitte,Altstadt
6296,11,2021,4,3,14,3,3,6,1,0,0,0,0,0,0,0,8.853462802000024,53.06490844100006,Östliche Vorstadt,Peterswerder
6297,11,2021,2,4,8,3,0,7,1,1,0,0,0,0,0,0,8.817208204000053,53.03677082000007,Obervieland,Kattenturm
6298,11,2021,6,6,18,2,0,7,1,0,0,0,0,0,0,0,8.92792449600006,53.08982644900004,Oberneuland,Unbekannt
6299,11,2021,5,2,10,3,3,2,1,1,0,0,0,0,0,0,8.871068354000045,53.09845002100008,Horn-Lehe,Lehe
6300,11,2021,1,2,11,3,0,7,1,1,0,0,0,0,0,0,8.786068581000052,53.10034090700003,Walle,Walle
6301,11,2021,6,2,17,3,2,6,1,1,0,0,0,0,0,1,8.809339926000064,53.06070756100007,Neustadt,Huckelriede
6302,12,2021,5,1,20,3,5,3,1,1,0,0,0,0,1,0,8.586075829000038,53.56088272300008,Lehe (BHV),Twischkamp
6303,11,2021,6,2,13,3,5,2,1,0,0,0,0,1,0,0,8.86681390800004,53.08213269100003,Vahr,Gartenstadt Vahr
6304,11,2021,5,2,14,3,5,2,1,1,0,0,0,0,0,0,8.909298221000029,53.05954067500005,Hemelingen,Sebaldsbrück
6305,11,2021,4,5,7,3,5,3,1,1,0,0,0,0,0,0,8.843038153000066,53.08099454000006,Schwachhausen,Gete
6306,12,2021,2,4,16,3,1,7,1,1,0,0,0,0,0,0,8.586089113000071,53.561030051000046,Lehe (BHV),Twischkamp
6307,11,2021,5,1,10,3,3,6,1,0,0,0,0,0,0,0,8.781896243000062,53.15344425800004,Unbekannt,Blockland
6308,11,2021,7,4,9,3,5,3,1,1,0,0,0,0,0,0,8.716143910000028,53.17821102800008,Burglesum,Burgdamm
6309,11,2021,3,2,14,3,3,6,1,1,0,0,0,0,0,0,8.829869779000035,53.08553120900007,Schwachhausen,Bürgerpark
6310,11,2021,6,4,10,3,5,3,1,1,0,0,0,0,0,0,8.946559270000023,53.07662843700007,Osterholz,Tenever
6311,11,2021,7,7,17,3,3,6,1,0,0,0,0,0,0,0,8.630656291000037,53.15691138300008,Burglesum,Werderland
6312,12,2021,5,2,7,3,3,2,1,1,0,0,0,0,0,0,8.59800812100002,53.53379250800003,Geestemünde,Geestendorf
6313,11,2021,5,2,15,2,5,3,1,1,0,0,0,0,0,1,8.84632166800003,53.03389237300007,Obervieland,Arsten
6314,11,2021,4,5,15,3,5,3,1,1,0,0,0,0,0,0,8.850000544000068,53.09473516100008,Schwachhausen,Neu-Schwachhausen
6315,12,2021,6,5,6,3,5,2,1,1,0,0,0,0,0,0,8.59758740500007,53.58508159600007,Lehe (BHV),Speckenbüttel
6316,11,2021,6,5,11,3,5,3,1,1,0,0,0,0,0,0,8.781252063000068,53.07575584700004,Woltmershausen,Woltmershausen
6317,11,2021,2,6,11,3,4,6,1,1,0,0,0,0,0,1,8.824317792000045,53.07034351600004,Östliche Vorstadt,Steintor
6318,11,2021,3,2,13,3,5,3,1,1,0,0,0,0,0,0,8.836636443000032,53.02912618400006,Obervieland,Arsten
6319,11,2021,7,2,12,3,5,3,1,1,0,0,0,0,0,0,8.851751148000062,53.03537012500004,Obervieland,Arsten
6320,12,2021,3,5,12,3,5,2,1,1,0,0,0,0,0,1,8.573942614000032,53.55269123200003,Mitte (BHV),Mitte-Nord
6321,11,2021,4,3,15,3,5,3,1,1,0,0,0,0,0,0,8.567871469000067,53.18864378500007,Blumenthal,Blumenthal
6322,12,2021,7,2,17,2,0,7,1,0,0,0,0,0,0,0,8.570994873000075,53.54488258700008,Mitte (BHV),Mitte-Süd
6323,11,2021,6,1,15,3,5,3,1,0,0,0,0,0,0,0,8.832925225000054,53.10845073400003,Horn-Lehe,Lehe
6324,12,2021,5,5,18,3,0,7,1,0,0,0,0,0,0,0,8.604921811000054,53.52332126500005,Geestemünde,Grünhöfe
6325,11,2021,7,7,11,3,2,6,1,1,0,0,0,0,0,0,8.80358590700007,53.06281612200007,Neustadt,Buntentor
6326,11,2021,2,4,20,3,0,7,1,0,0,0,0,0,2,0,8.754591491000042,53.11594591200003,Gröpelingen,Lindenhof
6327,11,2021,7,5,19,3,4,6,1,0,0,0,0,0,0,1,8.786804330000052,53.09053015300003,Walle,Steffensweg
6328,11,2021,1,4,6,3,0,7,1,0,0,0,0,0,2,1,8.686049274000027,53.17110981100007,Burglesum,Lesum
6329,11,2021,5,4,9,3,3,2,1,1,0,0,0,0,0,0,8.690687550000064,53.16894539000003,Burglesum,Lesum
6330,11,2021,3,6,13,3,4,2,1,1,0,0,0,0,0,0,8.809391378000043,53.07918111500004,Mitte,Altstadt
6331,11,2021,6,2,17,3,0,3,1,1,0,0,0,0,0,0,8.849127329000055,53.06842053600008,Östliche Vorstadt,Peterswerder
6332,11,2021,3,2,14,3,5,3,1,1,0,0,0,0,0,1,8.876467971000068,53.08102003500005,Vahr,Gartenstadt Vahr
6333,11,2021,7,6,16,3,4,6,1,0,0,0,0,0,0,0,8.807954348000067,53.07442406800004,Mitte,Altstadt
6334,12,2021,7,4,20,3,5,3,1,1,0,0,0,0,0,0,8.612211632000026,53.587567472000046,Leherheide,Leherheide-West
6335,11,2021,6,5,5,3,5,3,1,1,0,0,0,0,0,0,8.774282889000062,53.07764471100006,Woltmershausen,Woltmershausen
6336,11,2021,7,5,17,3,5,3,1,1,0,0,0,0,0,1,8.873023893000038,53.08476041200004,Schwachhausen,Radio Bremen
6337,11,2021,5,2,18,3,5,3,1,1,0,0,0,0,0,1,8.75010626300002,53.12587695900004,Gröpelingen,Ohlenhof
6338,11,2021,2,5,22,3,5,3,1,1,0,0,0,0,2,1,8.798482211000021,53.07102986800004,Neustadt,Alte Neustadt
6339,11,2021,5,5,12,3,5,2,1,1,0,0,0,0,0,0,8.948904327000037,53.06358428600004,Osterholz,Ellenerbrok-Schevemoor
6340,11,2021,1,7,23,3,5,3,1,1,0,0,0,0,2,0,8.900838149000037,53.078676751000046,Vahr,Neue Vahr Südost
6341,12,2021,1,6,9,3,5,3,1,1,0,0,0,0,0,1,8.621494532000042,53.59040894300006,Leherheide,Leherheide-West
6342,11,2021,3,4,12,3,5,3,1,1,0,0,0,0,0,0,8.769760934000033,53.094993300000056,Walle,Überseestadt
6343,11,2021,7,5,8,3,5,3,1,1,0,0,0,0,0,1,8.740760082000065,53.05306420400007,Huchting,Mittelshuchting
6344,11,2021,5,5,16,3,0,7,1,0,0,0,0,0,0,0,8.728180007000049,53.038384009000026,Huchting,Kirchhuchting
6345,11,2021,4,2,15,2,0,7,1,0,0,0,0,0,0,0,8.839387846000022,53.15344189700005,Unbekannt,Blockland
6346,12,2021,6,4,1,2,8,1,1,0,0,0,0,0,2,0,8.578694097000039,53.556135837000056,Lehe (BHV),Goethestrasse
6347,11,2021,1,5,13,3,3,2,1,0,0,0,1,0,0,1,8.914073313000074,53.062679125000045,Hemelingen,Sebaldsbrück
6348,11,2021,6,7,22,3,3,6,1,0,0,0,0,0,2,0,8.738729078000063,53.146262671000045,Gröpelingen,Oslebshausen
6349,11,2021,4,5,7,3,5,2,1,1,0,0,0,0,0,0,8.758877731000041,53.11600961700003,Gröpelingen,Lindenhof
6350,11,2021,6,5,7,3,2,6,1,1,0,0,0,0,0,0,8.772692719000077,53.09635422900004,Walle,Überseestadt
6351,11,2021,1,4,15,3,4,6,1,0,0,0,0,0,0,0,8.898238875000061,53.04380089500006,Hemelingen,Hemelingen
6352,11,2021,6,4,13,3,3,6,1,0,0,0,0,1,0,0,8.690724561000025,53.16891987400004,Burglesum,Lesum
6353,11,2021,5,2,11,3,0,7,1,0,0,0,0,0,0,1,8.887674894000043,53.05616378600007,Hemelingen,Hemelingen
6354,11,2021,7,3,12,2,5,3,1,1,0,0,0,0,0,0,8.704594496000027,53.15510125700007,Burglesum,Burg-Grambke
6355,11,2021,3,4,14,3,2,7,1,0,0,0,0,0,0,0,8.88803854300005,53.10917219800007,Horn-Lehe,Lehesterdeich
6356,11,2021,6,3,7,2,1,7,1,1,0,0,0,0,0,1,8.842307677000065,53.07144889600005,Östliche Vorstadt,Peterswerder
6357,11,2021,7,7,0,3,4,6,1,0,0,0,0,0,2,0,8.811062520000064,53.07167994500003,Mitte,Altstadt
6358,12,2021,4,5,13,3,1,5,1,1,0,0,0,0,0,1,8.57271926900006,53.55040598200003,Mitte (BHV),Mitte-Nord
6359,11,2021,7,6,16,3,5,3,1,1,0,0,0,0,0,0,8.942927636000036,53.08687419700004,Oberneuland,Unbekannt
6360,11,2021,6,5,11,3,3,2,1,0,0,0,0,1,0,0,8.784994751000056,53.088704335000045,Walle,Überseestadt
6361,11,2021,3,3,16,3,3,6,1,1,0,0,0,0,0,0,8.838713260000077,53.08011368100006,Schwachhausen,Gete
6362,11,2021,6,5,15,3,4,2,1,1,0,0,0,0,0,0,8.76313579500004,53.05999732500004,Huchting,Grolland
6363,11,2021,7,2,16,3,6,4,1,0,1,0,0,0,0,0,8.849261755000043,53.08510321600005,Schwachhausen,Gete
6364,11,2021,5,4,14,3,5,2,1,1,0,0,0,0,0,0,8.791032346000065,53.09162216200008,Walle,Westend
6365,11,2021,6,2,13,3,3,6,1,1,0,0,0,0,0,0,8.844133747000058,53.05546252900007,Obervieland,Habenhausen
6366,11,2021,2,5,8,3,5,3,1,1,0,0,0,0,0,0,8.83968959300006,53.098654029000045,Schwachhausen,Neu-Schwachhausen
6367,11,2021,5,7,23,2,0,1,1,0,0,0,0,0,2,0,8.812891713000056,53.05868272300006,Neustadt,Huckelriede
6368,11,2021,3,6,19,3,5,2,1,1,0,0,0,0,2,0,8.844868278000035,53.04579135900008,Obervieland,Habenhausen
6369,11,2021,6,6,11,3,5,2,1,1,0,0,0,0,0,0,8.950419520000025,53.05840216800004,Osterholz,Ellenerbrok-Schevemoor
6370,11,2021,3,3,14,3,5,3,1,1,0,0,0,0,0,1,8.748807716000044,53.12485356100007,Gröpelingen,Ohlenhof
6371,11,2021,4,3,6,3,3,6,1,0,0,0,0,0,1,0,8.705795803000058,53.15339524400008,Burglesum,Burg-Grambke
6372,11,2021,6,3,17,2,0,7,1,0,0,0,0,0,0,0,8.85368765000004,53.08720344000005,Schwachhausen,Radio Bremen
6373,11,2021,6,5,18,2,4,6,1,1,0,0,0,0,0,0,8.783501834000049,53.10074014600008,Walle,Walle
6374,11,2021,2,6,14,3,4,6,1,0,0,0,0,0,0,0,8.827083259000062,53.03427023400008,Obervieland,Kattenturm
6375,11,2021,6,2,18,3,5,2,1,1,0,0,0,0,0,0,8.831361806000075,53.08125396600008,Schwachhausen,Schwachhausen
6376,11,2021,1,4,14,3,3,6,1,0,0,1,0,0,0,1,8.916591789000051,53.09761800300004,Oberneuland,Unbekannt
6377,11,2021,3,6,12,3,1,5,1,1,0,0,0,0,0,0,8.84913122200004,53.068428235000056,Östliche Vorstadt,Peterswerder
6378,11,2021,2,3,11,2,5,3,1,1,0,0,0,0,0,1,8.81213628100005,53.07528049300004,Mitte,Altstadt
6379,11,2021,7,7,23,3,3,6,1,1,0,0,0,0,2,0,8.824143573000072,53.063149346000046,Neustadt,Huckelriede
6380,11,2021,6,3,16,3,1,5,1,1,0,0,0,0,0,0,8.578207048000024,53.18503555000007,Blumenthal,Blumenthal
6381,11,2021,1,3,12,3,4,2,1,1,0,0,0,0,0,1,8.85693535400003,53.07268604500007,Hemelingen,Hastedt
6382,11,2021,5,2,19,3,5,2,1,1,0,0,0,0,0,1,8.832102020000036,53.06868823000008,Östliche Vorstadt,Peterswerder
6383,12,2021,7,7,14,3,5,3,1,1,0,0,0,0,0,0,8.576970175000042,53.55265455500006,Mitte (BHV),Mitte-Nord
6384,11,2021,6,6,11,3,5,3,1,1,0,0,0,0,0,0,8.74079249700003,53.05306998000003,Huchting,Mittelshuchting
6385,11,2021,3,4,10,3,5,3,1,1,0,0,0,0,0,1,8.880213602000026,53.07718418600007,Vahr,Gartenstadt Vahr
6386,12,2021,6,2,14,3,8,1,1,0,0,0,0,0,0,0,8.638639350000062,53.53100807300007,Schiffdorferdamm,Schiffdorferdamm
6387,11,2021,7,7,20,3,0,7,1,0,0,0,0,0,1,0,8.822780282000053,53.07291608200006,Mitte,Ostertor
6388,11,2021,5,6,15,3,5,2,1,1,0,0,0,0,0,0,8.832366863000061,53.08394774600004,Schwachhausen,Schwachhausen
6389,11,2021,1,3,19,3,5,3,1,1,0,0,0,0,2,1,8.826207150000073,53.03433234700003,Obervieland,Kattenturm
6390,11,2021,6,7,19,2,5,3,1,1,0,0,0,0,0,0,8.782236813000054,53.104512715000055,Walle,Walle
6391,11,2021,5,4,13,3,5,3,1,1,0,0,0,0,0,1,8.878434088000063,53.079088701000046,Vahr,Gartenstadt Vahr
6392,11,2021,7,2,8,3,0,1,1,0,0,0,0,0,0,0,8.88220242400007,53.06376748800005,Hemelingen,Hastedt
6393,11,2021,3,6,7,3,0,1,1,0,0,0,0,0,0,0,8.881945347000055,53.06392657400005,Hemelingen,Hastedt
6394,11,2021,6,7,11,3,1,5,1,1,0,0,0,0,0,1,8.894195101000037,53.10691386100007,Horn-Lehe,Lehesterdeich
6395,11,2021,5,2,14,3,2,6,1,0,0,0,0,1,0,0,8.804117504000033,53.07261619800005,Mitte,Altstadt
6396,11,2021,7,3,13,3,0,7,1,0,0,0,0,0,0,0,8.706766567000045,53.112179697000045,Unbekannt,Seehausen
6397,12,2021,3,5,12,3,9,1,1,0,0,0,0,1,0,0,8.597956056000044,53.58296126300007,Lehe (BHV),Eckernfeld
6398,12,2021,6,4,22,3,1,5,1,1,0,0,0,0,2,0,8.567150022000021,53.55824695200005,Mitte (BHV),Mitte-Nord
6399,11,2021,2,3,14,3,4,6,1,1,0,0,0,0,0,2,8.835112429000048,53.06835606200008,Östliche Vorstadt,Peterswerder
6400,12,2021,5,2,12,3,6,7,1,0,1,0,0,0,0,0,8.588293429000032,53.53991973300003,Geestemünde,Geestemünde-Nord
6401,11,2021,2,4,15,3,5,2,1,1,0,0,0,0,0,0,8.877484545000073,53.03957274700008,Hemelingen,Hemelingen
6402,11,2021,7,4,17,3,0,7,1,0,0,0,0,0,0,0,8.898930281000048,53.12836077300005,Unbekannt,Borgfeld
6403,11,2021,6,5,15,3,5,2,1,1,0,0,0,0,0,0,8.891833569000028,53.04835989600008,Hemelingen,Hemelingen
6404,11,2021,6,4,7,3,5,3,1,1,0,0,0,0,0,0,8.772069854000051,53.09467926700006,Walle,Überseestadt
6405,11,2021,1,3,18,3,1,5,1,1,0,0,0,0,2,1,8.876878758000032,53.061789805000046,Hemelingen,Hastedt
6406,11,2021,2,3,7,3,0,7,1,0,0,0,0,0,1,2,8.889437101000055,53.05811200300008,Hemelingen,Hemelingen
6407,11,2021,5,6,12,2,0,7,1,0,0,0,0,0,0,0,8.79902641800004,53.10261363200004,Walle,Osterfeuerberg
6408,12,2021,5,6,13,3,6,4,1,0,1,0,0,0,0,0,8.54671367700007,53.58085684900004,Häfen (BHV),Stadtbremisches Überseehafengebiet Bremerhaven
6409,11,2021,2,5,6,3,5,3,1,1,0,0,0,0,2,1,8.788941476000048,53.073150748000046,Neustadt,Alte Neustadt
6410,11,2021,3,6,16,3,5,3,1,1,0,0,0,0,0,0,8.80084460300003,53.068505791000064,Neustadt,Alte Neustadt
6411,11,2021,3,5,6,3,5,3,1,0,0,0,0,1,2,1,8.825101908000022,53.08418822000005,Schwachhausen,Barkhof
6412,11,2021,3,4,10,3,5,2,1,0,0,0,1,0,0,0,8.62791661600005,53.17188515000004,Vegesack,Vegesack
6413,11,2021,6,3,13,3,3,7,1,0,0,0,0,0,0,0,8.793902181000021,53.07442847300007,Neustadt,Alte Neustadt
6414,11,2021,6,3,8,3,5,3,1,1,0,0,0,0,0,0,8.838982872000031,53.10220888400005,Schwachhausen,Neu-Schwachhausen
6415,11,2021,6,6,17,3,3,6,1,1,0,0,0,0,0,0,8.853668700000071,53.08717964300007,Schwachhausen,Radio Bremen
6416,11,2021,5,5,14,3,1,5,1,1,0,0,0,0,0,0,8.890183224000054,53.06243366300004,Hemelingen,Sebaldsbrück
6417,11,2021,4,2,9,3,5,3,1,1,0,0,0,0,0,0,8.738388291000035,53.04717540700005,Huchting,Kirchhuchting
6418,11,2021,4,5,7,3,5,3,1,1,0,0,0,0,0,0,8.573048613000026,53.19862665200003,Blumenthal,Lüssum-Bockhorn
6419,11,2021,4,2,20,3,5,3,1,1,0,0,0,0,0,0,8.54853698200003,53.19162533200006,Blumenthal,Rönnebeck
6420,11,2021,7,4,23,3,9,7,1,0,0,0,0,0,2,0,8.851996976000066,53.05600279500004,Obervieland,Habenhausen
6421,11,2021,6,2,17,3,1,7,1,1,0,0,0,0,0,0,8.90934239400002,53.12477550400007,Unbekannt,Borgfeld
6422,11,2021,5,1,15,3,0,7,1,0,0,0,0,0,0,0,8.887829451000073,53.10920089600006,Horn-Lehe,Lehesterdeich
6423,11,2021,7,4,17,3,5,3,1,1,0,0,0,0,0,0,8.80578917500003,53.07162245100005,Neustadt,Alte Neustadt
6424,12,2021,6,3,11,2,8,1,1,0,0,0,0,0,0,0,8.588895790000038,53.53656648600003,Geestemünde,Geestemünde-Nord
6425,11,2021,5,7,13,3,8,3,1,1,0,0,0,0,0,0,8.766911428000071,53.07121710600006,Woltmershausen,Woltmershausen
6426,11,2021,4,3,7,3,5,3,1,1,0,0,0,0,0,0,8.733480716000031,53.08739051200007,Häfen,Neustädter Hafen
6427,11,2021,4,3,14,3,6,4,1,1,1,0,0,0,0,1,8.83089951200003,53.07438648300007,Östliche Vorstadt,Steintor
6428,11,2021,4,5,15,3,5,3,1,1,0,0,0,0,0,0,8.599042593000036,53.179931518000046,Vegesack,Fähr-Lobbendorf
6429,11,2021,7,3,22,3,0,7,1,0,0,0,0,0,2,0,8.792342672000075,53.08985312300007,Walle,Utbremen
6430,11,2021,5,2,18,3,5,3,1,1,0,0,0,0,0,0,8.904809667000052,53.12275342200007,Unbekannt,Borgfeld
6431,12,2021,6,4,15,3,5,3,1,1,0,0,0,0,0,0,8.594916149000028,53.54485952400006,Geestemünde,Geestemünde-Nord
6432,11,2021,5,1,0,3,1,5,1,1,0,0,0,0,2,1,8.565980534000062,53.20332556300008,Blumenthal,Lüssum-Bockhorn
6433,11,2021,6,3,17,3,5,3,1,1,0,0,0,0,0,0,8.74241257400007,53.13177527400006,Gröpelingen,Oslebshausen
6434,11,2021,3,3,13,3,5,2,1,0,0,0,0,1,0,0,8.800998550000031,53.078853157000026,Mitte,Altstadt
6435,11,2021,3,4,7,3,0,7,1,1,0,0,0,0,0,0,8.846903801000053,53.06830623700006,Östliche Vorstadt,Peterswerder
6436,12,2021,7,5,7,3,5,3,1,1,0,0,0,0,0,1,8.598417570000038,53.53288286000003,Geestemünde,Geestendorf
6437,11,2021,5,5,11,3,5,3,1,1,0,0,0,0,0,0,8.843658528000049,53.08372700800004,Schwachhausen,Gete
6438,11,2021,5,2,17,3,6,4,1,0,1,0,0,0,0,1,8.672476790000076,53.164978467000026,Burglesum,St.Magnus
6439,11,2021,4,7,16,3,5,3,1,1,0,0,0,0,0,0,8.709232619000034,53.15138895600006,Burglesum,Burg-Grambke
6440,11,2021,7,3,15,3,1,6,1,1,0,0,0,0,0,0,8.78989665000006,53.106905881000046,Walle,Hohweg
6441,11,2021,1,4,14,3,0,1,1,0,1,0,0,0,0,0,8.823788542000045,53.07765602800004,Östliche Vorstadt,Fesenfeld
6442,11,2021,6,7,10,3,5,3,1,0,0,0,0,1,0,0,8.81682274600007,53.05424691900004,Neustadt,Huckelriede
6443,11,2021,6,4,7,3,4,6,1,0,0,0,0,0,0,0,8.841965855000069,53.04180023200007,Obervieland,Kattenturm
6444,11,2021,2,2,15,3,5,3,1,0,0,1,0,0,0,0,8.713964076000025,53.14141614100004,Burglesum,Burg-Grambke
6445,12,2021,7,2,12,3,5,3,1,1,0,0,0,0,0,1,8.59202368900003,53.57556578200007,Lehe (BHV),Eckernfeld
6446,11,2021,7,2,16,3,5,3,1,1,0,0,0,0,0,0,8.82515894200003,53.084511193000026,Schwachhausen,Bürgerpark
6447,12,2021,6,7,16,3,5,3,1,1,0,0,0,0,0,0,8.597172085000068,53.55895409800007,Lehe (BHV),Klushof
6448,11,2021,3,4,6,3,5,2,1,1,0,0,0,0,1,1,8.79932375200002,53.08387996300007,Mitte,Bahnhofsvorstadt
6449,11,2021,7,3,14,2,5,3,1,1,0,0,0,0,0,0,8.915828641000076,53.070150977000026,Hemelingen,Sebaldsbrück
6450,11,2021,4,4,12,3,3,6,1,0,0,0,0,0,0,0,8.765554226000063,53.07099781000005,Woltmershausen,Woltmershausen
6451,11,2021,12,6,21,3,5,2,1,1,0,0,0,0,2,0,8.81283417700007,53.08091853500008,Mitte,Bahnhofsvorstadt
6452,11,2021,9,7,12,3,5,6,1,1,0,0,0,0,0,0,8.870042453000053,53.097304500000064,Horn-Lehe,Horn
6453,11,2021,8,4,17,3,5,3,1,1,0,0,0,0,0,0,8.799812619000022,53.07045650700008,Neustadt,Alte Neustadt
6454,11,2021,11,3,18,2,0,7,1,0,0,0,0,0,2,0,8.813104471000031,53.08008024600008,Mitte,Bahnhofsvorstadt
6455,11,2021,11,3,12,3,5,2,1,1,0,0,0,0,0,0,8.781335914000067,53.09758001400007,Walle,Steffensweg
6456,11,2021,8,2,18,3,5,3,1,1,0,0,0,0,0,0,8.875739517000056,53.06221545600005,Hemelingen,Hastedt