,UKREIS,UJAHR,UMONAT,UWOCHENTAG,USTUNDE,UKATEGORIE,UART,UTYP1,IstRad,IstPKW,IstFuss,IstKrad,IstGkfz,IstSonstig,ULICHTVERH,STRZUSTAND,longitude,latitude,Stadtteil,Ortsteil
6457,12,2021,9,3,15,3,3,6,1,0,0,0,0,0,0,0,8.596708467000042,53.53834120900007,Geestemünde,Geestemünde-Nord
6458,11,2021,10,6,10,3,5,3,1,0,0,0,0,0,0,0,8.79397881400007,53.09966411700003,Walle,Osterfeuerberg
6459,11,2021,12,3,9,3,5,2,1,1,0,0,0,0,0,0,8.891412616000025,53.09851998400006,Horn-Lehe,Lehesterdeich
6460,12,2021,11,2,8,3,8,1,1,0,0,0,0,0,0,1,8.59651128300004,53.57227817300003,Lehe (BHV),Eckernfeld
6461,11,2021,10,7,16,3,4,6,1,0,0,0,0,0,0,0,8.882253107000054,53.103486427000064,Horn-Lehe,Lehesterdeich
6462,11,2021,10,5,22,2,0,1,1,0,0,0,0,0,2,0,8.809315041000048,53.074645556000064,Mitte,Altstadt
6463,11,2021,8,5,14,2,4,6,1,0,0,0,0,0,0,0,8.77590434700005,53.098580223000056,Walle,Überseestadt
6464,11,2021,11,2,6,3,5,2,1,1,0,0,0,0,2,0,8.914030842000045,53.06823856300008,Hemelingen,Sebaldsbrück
6465,11,2021,8,5,17,2,8,1,1,0,0,0,0,0,0,0,8.850411809000036,53.030198831000064,Obervieland,Arsten
6466,11,2021,12,6,11,3,0,7,1,1,0,0,0,0,0,1,8.824958819000074,53.07303609200005,Östliche Vorstadt,Steintor
6467,11,2021,9,6,10,3,5,7,1,0,0,0,0,0,0,0,8.826027219000025,53.07928899500007,Mitte,Ostertor
6468,11,2021,11,2,20,3,5,3,1,1,0,0,0,0,2,1,8.78156935800007,53.104777900000045,Walle,Walle
6469,11,2021,10,1,17,3,3,2,1,0,0,1,0,0,1,0,8.824437249000027,53.08442931400003,Schwachhausen,Barkhof
6470,11,2021,8,6,13,3,0,7,1,1,0,0,0,0,0,0,8.823028373000056,53.07354855100005,Östliche Vorstadt,Steintor
6471,11,2021,9,3,19,3,5,3,1,1,0,0,0,0,1,0,8.785736009000061,53.072050757000056,Neustadt,Hohentor
6472,11,2021,10,2,10,3,5,2,1,1,0,0,0,0,0,0,8.896723460000032,53.08052003300003,Vahr,Neue Vahr Südost
6473,11,2021,10,5,18,2,0,1,1,0,0,0,0,0,2,0,8.896502612000063,53.09854495200005,Oberneuland,Unbekannt
6474,11,2021,11,1,17,3,0,7,1,0,0,0,0,1,2,0,8.80018756800007,53.07776325400005,Mitte,Altstadt
6475,11,2021,11,5,14,3,5,3,1,1,0,0,0,0,0,0,8.799890079000022,53.07912455000008,Mitte,Altstadt
6476,11,2021,12,5,16,3,5,3,1,1,0,0,0,0,1,0,8.847517617000051,53.05019907000008,Obervieland,Habenhausen
6477,11,2021,10,1,13,3,5,2,1,1,0,0,0,0,0,0,8.890981300000021,53.08621433600007,Vahr,Neue Vahr Nord
6478,11,2021,12,5,13,3,5,3,1,1,0,0,0,0,0,1,8.740889411000069,53.05309877100007,Huchting,Mittelshuchting
6479,11,2021,9,5,15,3,0,7,1,1,0,0,0,0,0,0,8.80822542900006,53.063982632000034,Neustadt,Buntentor
6480,11,2021,11,2,15,3,4,6,1,1,0,0,0,0,0,0,8.827221648000034,53.08486780300007,Schwachhausen,Bürgerpark
6481,11,2021,10,5,17,3,5,3,1,1,0,0,0,0,0,1,8.761031689000049,53.05936328000007,Huchting,Grolland
6482,12,2021,12,5,20,3,8,1,1,0,0,0,0,0,2,2,8.586087381000027,53.56582787500008,Lehe (BHV),Klushof
6483,12,2021,11,2,5,3,5,3,1,1,0,0,0,0,2,1,8.59202631900007,53.57554334000008,Lehe (BHV),Eckernfeld
6484,11,2021,10,6,9,3,5,2,1,1,0,0,0,0,0,0,8.70447897300005,53.15564212500004,Burglesum,Burg-Grambke
6485,12,2021,11,3,10,3,5,2,1,1,0,0,0,0,0,0,8.591976587000033,53.579320540000026,Lehe (BHV),Eckernfeld
6486,12,2021,9,1,10,3,5,3,1,1,0,0,0,0,0,0,8.595247336000057,53.51108861200004,Wulsdorf,Dreibergen
6487,12,2021,8,2,16,2,5,3,1,1,0,0,0,0,0,0,8.586601035000058,53.53667666900003,Geestemünde,Geestemünde-Nord
6488,11,2021,10,1,17,2,9,1,1,0,0,0,0,0,2,0,8.601592573000062,53.177430523000055,Vegesack,Fähr-Lobbendorf
6489,11,2021,8,2,10,3,5,3,1,1,0,0,0,0,0,0,8.880665601000032,53.08111807200004,Vahr,Neue Vahr Südwest
6490,12,2021,9,5,8,3,3,6,1,1,0,0,0,0,0,1,8.572605776000046,53.56046440200004,Lehe (BHV),Twischkamp
6491,11,2021,8,5,10,3,0,2,1,1,0,0,0,0,0,0,8.740035017000025,53.05139739300006,Huchting,Kirchhuchting
6492,11,2021,11,7,16,3,1,5,1,1,0,0,0,0,1,1,8.823265602000049,53.07518956900003,Östliche Vorstadt,Fesenfeld
6493,11,2021,10,2,13,3,5,2,1,0,0,0,0,1,0,0,8.850609186000042,53.08513965000003,Schwachhausen,Radio Bremen
6494,11,2021,9,3,16,3,5,2,1,1,0,0,0,0,0,0,8.795155872000066,53.057684823000045,Neustadt,Neuenland
6495,11,2021,9,6,15,3,5,7,1,1,0,0,0,0,0,0,8.83514789800006,53.04943148600006,Obervieland,Kattenturm
6496,11,2021,11,7,10,3,5,2,1,1,0,0,0,0,0,1,8.801786697000068,53.06785990600008,Neustadt,Südervorstadt
6497,11,2021,11,4,12,2,5,3,1,0,0,0,0,0,0,0,8.822867409000025,53.08282986300003,Schwachhausen,Barkhof
6498,11,2021,9,3,12,3,0,1,1,1,0,0,0,0,0,0,8.80731591500006,53.09532426300007,Findorff,Regensburger Str.
6499,11,2021,8,7,20,3,0,7,1,0,0,0,0,0,2,0,8.794595600000036,53.074837726000055,Neustadt,Alte Neustadt
6500,11,2021,12,2,8,3,1,5,1,1,0,0,0,0,0,1,8.802906548000067,53.09645820600008,Findorff,Regensburger Str.
6501,11,2021,10,4,16,3,0,7,1,0,0,0,0,0,0,0,8.785323068000025,53.10204908900005,Walle,Walle
6502,11,2021,10,4,12,3,5,3,1,1,0,0,0,0,0,1,8.859548655000026,53.08269519900006,Schwachhausen,Radio Bremen
6503,11,2021,9,2,12,3,3,6,1,1,0,0,0,0,0,0,8.782678748000023,53.08712843600006,Walle,Überseestadt
6504,11,2021,8,5,17,3,4,6,1,0,0,0,0,1,0,0,8.793697515000076,53.07379157400004,Neustadt,Alte Neustadt
6505,11,2021,9,5,13,2,5,3,1,1,0,0,0,0,0,0,8.850171425000042,53.06550364200007,Östliche Vorstadt,Peterswerder
6506,11,2021,12,4,20,3,1,3,1,1,0,0,0,0,2,0,8.819033237000042,53.082440037000026,Schwachhausen,Barkhof
6507,11,2021,10,5,16,3,5,3,1,1,0,0,0,0,0,0,8.838052810000022,53.06788612600008,Östliche Vorstadt,Peterswerder
6508,11,2021,11,2,9,3,5,2,1,1,0,0,0,0,0,1,8.775306028000045,53.11609858200006,Gröpelingen,Gröpelingen
6509,12,2021,9,1,13,3,8,1,1,0,0,0,0,0,0,0,8.548518310000077,53.58085259100005,Häfen (BHV),Stadtbremisches Überseehafengebiet Bremerhaven
6510,11,2021,8,2,18,3,0,3,1,1,0,0,0,0,0,0,8.871909895000044,53.07713226100003,Vahr,Gartenstadt Vahr
6511,12,2021,10,3,16,3,5,3,1,1,0,0,0,0,0,1,8.603955049000035,53.58623116600006,Leherheide,Königsheide
6512,11,2021,12,3,14,3,0,7,1,0,0,0,0,0,0,1,8.876975143000038,53.09114808200008,Horn-Lehe,Horn
6513,11,2021,10,6,13,3,5,3,1,1,0,0,0,0,0,0,8.890594762000035,53.10889470800004,Horn-Lehe,Lehesterdeich
6514,11,2021,10,3,19,3,0,7,1,1,0,0,0,0,1,0,8.850272429000029,53.08528844900008,Schwachhausen,Riensberg
6515,11,2021,9,1,11,3,0,7,1,0,0,0,0,0,0,0,8.822020619000057,53.08563845500004,Schwachhausen,Barkhof
6516,11,2021,11,3,7,3,0,7,1,0,0,0,0,0,1,1,8.89007945000003,53.08223948400007,Vahr,Neue Vahr Südwest
6517,11,2021,11,4,18,3,4,6,1,0,0,0,0,0,1,1,8.704272486000036,53.156057272000055,Burglesum,Burg-Grambke
6518,11,2021,11,3,10,3,4,6,1,0,0,0,0,0,0,0,8.89237051200007,53.07937103900008,Vahr,Neue Vahr Südost
6519,12,2021,11,6,7,3,5,3,1,1,0,0,0,0,0,1,8.604336025000066,53.58283810700004,Lehe (BHV),Schierholz
6520,11,2021,9,4,7,3,3,6,1,1,0,0,0,0,0,0,8.893481020000024,53.04697316500005,Hemelingen,Hemelingen
6521,11,2021,10,6,18,3,0,7,1,0,0,0,0,0,1,0,8.828259640000056,53.07237553800008,Östliche Vorstadt,Steintor
6522,11,2021,12,2,13,3,5,3,1,0,0,0,0,1,0,0,8.852767766000056,53.10450477500007,Horn-Lehe,Lehe
6523,11,2021,10,5,7,3,5,3,1,1,0,0,0,0,0,0,8.704450424000072,53.15576444200008,Burglesum,Burg-Grambke
6524,11,2021,9,2,18,3,0,7,1,0,0,0,0,0,0,0,8.884191162000036,53.10550613100003,Horn-Lehe,Lehesterdeich
6525,11,2021,8,6,15,3,5,2,1,0,0,0,0,1,0,0,8.815728629000034,53.07948237300008,Mitte,Bahnhofsvorstadt
6526,11,2021,9,5,7,3,5,2,1,1,0,0,0,0,0,0,8.78716545800006,53.09993269700004,Walle,Walle
6527,11,2021,9,4,9,2,5,3,1,0,0,0,0,1,0,1,8.818095656000025,53.07772390100007,Mitte,Ostertor
6528,11,2021,9,6,10,3,5,2,1,1,0,0,0,0,0,0,8.878353158000039,53.07908136900005,Vahr,Gartenstadt Vahr
6529,11,2021,10,7,22,3,0,7,1,0,0,0,0,0,2,0,8.797196435000046,53.06438700800004,Neustadt,Gartenstadt Süd
6530,12,2021,12,5,16,3,8,1,1,0,0,0,0,0,2,2,8.618847587000062,53.52856785700004,Geestemünde,Bürgerpark (BHV)
6531,11,2021,10,6,12,3,0,7,1,1,0,0,0,0,0,1,8.789034960000038,53.09418806600007,Walle,Westend
6532,11,2021,9,3,11,2,4,6,1,0,0,0,0,0,0,0,8.75167131400002,53.16396275400007,Unbekannt,Blockland
6533,11,2021,8,2,9,3,5,3,1,1,0,0,0,0,0,0,8.80792585100005,53.07446923500004,Mitte,Altstadt
6534,11,2021,11,4,15,3,5,3,1,0,0,0,0,0,0,0,8.91114322900006,53.09333844000008,Oberneuland,Unbekannt
6535,11,2021,10,4,17,3,5,3,1,1,0,0,0,0,1,0,8.906884435000052,53.071458860000064,Hemelingen,Sebaldsbrück
6536,12,2021,12,4,12,3,8,1,1,0,0,0,0,0,0,1,8.585056218000034,53.53383919200007,Geestemünde,Geestendorf
6537,11,2021,11,3,16,3,5,2,1,1,0,0,0,0,2,1,8.887607849000062,53.09916603500005,Horn-Lehe,Lehesterdeich
6538,11,2021,11,2,19,3,6,7,1,0,1,0,0,0,2,0,8.812836141000048,53.08071939500008,Mitte,Bahnhofsvorstadt
6539,11,2021,11,4,17,3,5,2,1,0,0,0,0,1,1,1,8.832790918000057,53.04006010400008,Obervieland,Kattenturm
6540,11,2021,10,5,20,3,5,3,1,1,0,0,0,0,2,0,8.777361683000038,53.10990360200003,Walle,Walle
6541,11,2021,11,2,11,3,5,3,1,1,0,0,0,0,0,0,8.776432855000053,53.09796309800004,Walle,Walle
6542,12,2021,9,5,14,3,5,3,1,1,0,0,0,0,0,0,8.603668085000038,53.586232789000064,Leherheide,Königsheide
6543,11,2021,8,1,19,3,6,7,1,0,1,0,0,0,0,0,8.836633431000052,53.06807711400006,Östliche Vorstadt,Peterswerder
6544,11,2021,8,2,11,3,5,3,1,1,0,0,0,0,0,0,8.843744732000062,53.08375432700007,Schwachhausen,Gete
6545,11,2021,10,5,14,3,4,7,1,0,0,0,0,0,0,0,8.898600801000043,53.09289080500008,Horn-Lehe,Horn
6546,12,2021,11,4,17,3,5,3,1,1,0,0,0,0,2,1,8.599728452000022,53.49197819200003,Wulsdorf,Jedutenberg
6547,11,2021,12,6,15,3,5,3,1,1,0,0,0,0,0,1,8.802975142000037,53.07979617800004,Mitte,Altstadt
6548,11,2021,8,5,19,3,0,7,1,0,0,0,0,0,0,0,8.571786159000055,53.19051006600006,Blumenthal,Blumenthal
6549,11,2021,9,1,13,3,5,3,1,1,0,0,0,0,0,0,8.851264539000056,53.08397687600007,Schwachhausen,Gete
6550,11,2021,11,3,15,3,4,2,1,1,0,0,0,0,0,1,8.927866919000053,53.07260717300005,Osterholz,Blockdiek
6551,11,2021,11,2,15,3,5,3,1,1,0,0,0,0,0,0,8.777704551000056,53.063971597000034,Neustadt,Neuenland
6552,11,2021,10,3,17,3,4,6,1,1,0,0,0,0,1,1,8.556496658000071,53.186956175000034,Blumenthal,Rönnebeck
6553,11,2021,12,5,18,3,5,3,1,1,0,0,0,0,2,1,8.815174197000033,53.07710755000005,Mitte,Ostertor
6554,11,2021,8,3,17,2,4,2,1,1,0,0,0,0,0,0,8.835157716000026,53.09141129700004,Schwachhausen,Neu-Schwachhausen
6555,11,2021,8,4,9,3,5,2,1,1,0,0,0,0,0,1,8.87840262100002,53.07912263300005,Vahr,Gartenstadt Vahr
6556,12,2021,11,2,7,3,8,1,1,0,0,0,0,0,1,2,8.611132830000031,53.58839578900006,Leherheide,Leherheide-West
6557,12,2021,11,2,15,2,9,1,1,0,0,0,0,0,0,0,8.590033984000058,53.52143149200003,Geestemünde,Geestemünde-Süd
6558,12,2021,9,4,15,3,8,1,1,0,0,0,0,0,0,1,8.597372660000076,53.59126954300007,Leherheide,Königsheide
6559,12,2021,9,5,18,3,8,1,1,1,0,0,0,0,0,0,8.59328339600006,53.55522813400006,Lehe (BHV),Klushof
6560,11,2021,10,6,10,3,3,6,1,1,0,0,0,0,0,1,8.80157711000004,53.07155168200006,Neustadt,Alte Neustadt
6561,11,2021,10,2,15,3,5,2,1,0,0,0,0,0,0,0,8.801991934000057,53.07147819900007,Neustadt,Alte Neustadt
6562,11,2021,9,6,11,3,0,7,1,0,0,0,0,0,0,0,8.82573254700003,53.07307859400004,Östliche Vorstadt,Steintor
6563,11,2021,11,4,15,3,5,3,1,1,0,0,0,0,0,0,8.806907507000062,53.09631765700004,Findorff,Weidedamm
6564,11,2021,11,5,16,3,0,2,1,1,0,0,0,0,1,0,8.803764466000075,53.07660483700005,Mitte,Altstadt
6565,11,2021,11,1,17,2,1,5,1,1,0,0,0,0,2,0,8.790214927000022,53.07165294400005,Neustadt,Neustadt
6566,12,2021,8,2,13,2,0,7,1,0,0,0,0,0,0,0,8.595342623000022,53.52998845300005,Geestemünde,Geestendorf
6567,11,2021,9,1,13,3,5,3,1,0,0,0,0,0,0,0,8.811138093000068,53.07165842800004,Mitte,Altstadt
6568,11,2021,10,1,23,3,5,2,1,1,0,0,0,0,2,1,8.808490003000031,53.08807769900005,Findorff,Findorff-Bürgerweide
6569,11,2021,10,5,11,3,5,2,1,1,0,0,0,0,0,0,8.841355768000028,53.03552220800003,Obervieland,Arsten
6570,11,2021,11,3,11,3,1,5,1,1,0,0,0,0,0,0,8.789729797000064,53.096945867000045,Walle,Westend
6571,11,2021,9,7,0,3,0,7,1,0,0,0,0,0,2,0,8.83761333600006,53.06936872200004,Östliche Vorstadt,Peterswerder
6572,11,2021,8,6,21,3,1,1,1,1,0,0,0,0,1,0,8.789205387000038,53.093297000000064,Walle,Westend
6573,11,2021,11,4,8,3,5,3,1,1,0,0,0,0,0,0,8.717474234000065,53.04647261800005,Huchting,Sodenmatt
6574,11,2021,8,3,16,3,6,4,1,0,1,0,0,0,0,0,8.80482218700007,53.07479491500004,Mitte,Altstadt
6575,11,2021,12,4,9,3,5,3,1,1,0,0,0,0,0,0,8.781573110000068,53.10478198000004,Walle,Walle
6576,11,2021,10,2,13,3,0,6,1,1,0,0,0,0,0,0,8.87322094600006,53.077946678000046,Vahr,Gartenstadt Vahr
6577,11,2021,12,2,9,3,4,3,1,1,0,0,0,0,0,0,8.70707087900007,53.17159108700008,Burglesum,Burgdamm
6578,11,2021,9,3,13,3,8,1,1,0,0,0,0,0,0,0,8.801166786000067,53.07894377800005,Mitte,Altstadt
6579,11,2021,11,2,23,3,1,6,1,1,0,0,0,0,2,0,8.934272730000032,53.062271579000026,Osterholz,Ellenerbrok-Schevemoor
6580,11,2021,10,5,13,3,5,2,1,1,0,0,0,0,0,0,8.727456076000067,53.03835199500003,Huchting,Kirchhuchting
6581,12,2021,8,6,13,3,5,3,1,1,0,0,0,0,0,0,8.590285480000034,53.50360212000004,Fischereihafen,Fischereihafen
6582,11,2021,8,4,7,3,5,2,1,1,0,0,0,0,0,0,8.785168165000073,53.08856629600007,Walle,Überseestadt
6583,12,2021,12,4,9,3,5,2,1,1,0,0,0,0,0,1,8.629978831000074,53.52584302200006,Surheide,Surheide
6584,11,2021,12,4,8,3,5,2,1,0,0,0,0,1,1,1,8.823650512000029,53.07799749700007,Mitte,Ostertor
6585,12,2021,10,7,10,3,5,3,1,1,0,0,0,0,0,0,8.585944931000029,53.56431044800007,Lehe (BHV),Twischkamp
6586,11,2021,9,2,7,2,5,3,1,1,0,0,0,0,0,0,8.862939785000037,53.062967926000056,Hemelingen,Hastedt
6587,11,2021,7,7,5,2,5,3,1,1,0,0,0,0,1,0,8.797149570000045,53.07633677600006,Neustadt,Alte Neustadt
6588,11,2021,12,4,13,3,5,2,1,1,0,0,0,0,0,1,8.883785519000071,53.073649190000026,Hemelingen,Sebaldsbrück
6589,12,2021,8,7,21,3,3,7,1,1,0,0,0,0,1,0,8.591484409000032,53.55673588100007,Lehe (BHV),Klushof
6590,11,2021,9,2,16,3,5,3,1,1,0,0,0,0,0,0,8.754823742000042,53.11978839700004,Gröpelingen,Ohlenhof
6591,11,2021,11,2,7,3,5,2,1,1,0,0,0,0,0,0,8.793730531000051,53.066360821000046,Neustadt,Südervorstadt
6592,11,2021,10,6,15,3,5,3,1,1,0,0,0,0,0,0,8.825024128000052,53.08458186500008,Schwachhausen,Bürgerpark
6593,11,2021,12,3,16,3,5,3,1,1,0,0,0,0,2,1,8.733786039000051,53.05844992700003,Huchting,Mittelshuchting
6594,11,2021,8,3,1,3,4,6,1,0,0,0,0,1,2,1,8.782664823000061,53.09078346100006,Walle,Steffensweg
6595,11,2021,12,2,15,3,5,3,1,1,0,0,0,0,0,0,8.889547185000026,53.06167016400008,Hemelingen,Sebaldsbrück
6596,11,2021,11,5,11,3,5,3,1,1,0,0,0,0,0,1,8.80809290700006,53.09971234000005,Findorff,Weidedamm
6597,11,2021,10,5,18,3,4,6,1,0,0,0,0,1,0,0,8.779322566000076,53.09870858900007,Walle,Walle
6598,12,2021,8,5,14,3,9,1,1,0,0,0,0,0,0,0,8.578810727000075,53.54389710600003,Mitte (BHV),Mitte-Süd
6599,11,2021,8,3,8,3,1,5,1,1,0,0,0,0,0,0,8.898005356000056,53.08334933300006,Vahr,Neue Vahr Nord
6600,11,2021,11,1,12,3,5,3,1,1,0,0,0,0,0,0,8.796581071000048,53.05666574900005,Neustadt,Neuenland
6601,12,2021,8,5,12,3,5,3,1,1,0,0,0,0,0,1,8.581115272000034,53.56272899400005,Lehe (BHV),Twischkamp
6602,12,2021,10,3,15,3,8,1,1,0,0,0,0,0,0,1,8.581844381000053,53.53612831800007,Geestemünde,Geestemünde-Nord
6603,11,2021,9,3,11,3,3,6,1,1,0,0,0,0,0,1,8.822092777000023,53.03717403400003,Obervieland,Kattenturm
6604,11,2021,9,5,17,3,3,2,1,1,0,0,0,0,0,0,8.871878525000056,53.07714449600008,Vahr,Gartenstadt Vahr
6605,11,2021,11,2,8,3,5,3,1,1,0,0,0,0,0,0,8.56496531700003,53.19330632400005,Blumenthal,Rönnebeck
6606,12,2021,9,5,22,3,8,1,1,0,0,0,0,0,2,1,8.574156745000039,53.557744340000056,Mitte (BHV),Mitte-Nord
6607,11,2021,12,2,9,3,5,3,1,1,0,0,0,0,0,1,8.881864850000056,53.09734778900008,Horn-Lehe,Lehe
6608,11,2021,10,5,14,3,5,7,1,0,0,1,0,0,0,0,8.819133167000075,53.08705084600007,Schwachhausen,Bürgerpark
6609,11,2021,12,3,7,2,0,7,1,0,0,0,0,1,2,0,8.825506077000057,53.07894477900004,Östliche Vorstadt,Fesenfeld
6610,12,2021,11,1,20,3,5,3,1,1,0,0,0,0,2,1,8.593287287000066,53.53666248800005,Geestemünde,Geestemünde-Nord
6611,11,2021,11,6,16,3,3,2,1,1,0,0,0,0,2,0,8.803243043000066,53.08024291900006,Mitte,Altstadt
6612,11,2021,9,2,7,3,5,3,1,1,0,0,0,0,0,0,8.92965001400006,53.08948073900007,Oberneuland,Unbekannt
6613,12,2021,12,5,7,3,9,1,1,0,0,0,0,0,2,0,8.592813445000047,53.53539253100007,Geestemünde,Geestemünde-Nord
6614,12,2021,10,7,10,3,1,5,1,1,0,0,0,0,0,0,8.592908429000033,53.59298303800006,Leherheide,Königsheide
6615,11,2021,9,3,13,3,5,2,1,1,0,0,0,0,0,0,8.941904088000058,53.07755446500005,Oberneuland,Unbekannt
6616,11,2021,8,7,13,3,0,3,1,1,0,0,0,0,0,1,8.804499766000049,53.09178348100005,Findorff,Findorff-Bürgerweide
6617,11,2021,9,4,14,3,5,3,1,1,0,0,0,0,0,1,8.740834353000025,53.05195667700008,Huchting,Kirchhuchting
6618,11,2021,8,4,6,3,5,2,1,1,0,0,0,0,0,0,8.87117287500007,53.09843956800006,Horn-Lehe,Lehe
6619,11,2021,11,2,8,3,5,3,1,1,0,0,0,0,0,1,8.922201302000076,53.04096789900007,Hemelingen,Arbergen
6620,11,2021,11,3,15,3,5,3,1,1,0,0,0,0,0,1,8.805161921000035,53.09553740500007,Findorff,Regensburger Str.
6621,11,2021,11,4,14,3,5,3,1,1,0,0,0,0,0,0,8.759184546000029,53.11937427700008,Gröpelingen,Gröpelingen
6622,11,2021,10,5,14,3,5,2,1,1,0,0,0,0,0,0,8.833489102000044,53.07072713100007,Östliche Vorstadt,Peterswerder
6623,11,2021,10,2,8,3,2,6,1,1,0,0,0,0,0,0,8.850569652000047,53.07112657500005,Östliche Vorstadt,Peterswerder
6624,11,2021,12,5,11,3,5,3,1,1,0,0,0,0,0,1,8.919934570000066,53.07341442800004,Osterholz,Blockdiek
6625,11,2021,9,5,12,3,5,3,1,1,0,0,0,0,0,0,8.825110451000057,53.08418347300005,Schwachhausen,Barkhof
6626,11,2021,10,7,10,3,5,3,1,1,0,0,0,0,2,1,8.770099216000062,53.09526238000007,Walle,Überseestadt
6627,11,2021,10,2,16,3,5,3,1,1,0,0,0,0,0,0,8.77589458400007,53.09049350600003,Walle,Überseestadt
6628,11,2021,9,2,8,3,3,6,1,0,0,0,0,0,0,0,8.77477721200006,53.08027533600006,Woltmershausen,Woltmershausen
6629,11,2021,11,6,8,3,0,7,1,0,0,0,0,1,0,1,8.761418282000022,53.07589574100007,Woltmershausen,Woltmershausen
6630,11,2021,12,4,15,3,5,2,1,1,0,0,0,0,0,1,8.53604464700004,53.19219725200003,Blumenthal,Rönnebeck
6631,12,2021,10,6,21,3,8,1,1,1,0,0,0,0,2,1,8.60055283500003,53.57007508200007,Lehe (BHV),Schierholz
6632,11,2021,9,3,18,3,4,6,1,0,0,0,0,0,0,0,8.910547854000072,53.082642159000045,Oberneuland,Unbekannt
6633,11,2021,8,6,14,3,5,3,1,1,0,0,0,0,0,1,8.880349443000057,53.08241616300006,Vahr,Neue Vahr Südwest
6634,12,2021,9,3,17,3,5,3,1,1,0,0,0,0,0,0,8.572967724000023,53.56043195500007,Lehe (BHV),Goethestrasse
6635,11,2021,11,2,16,3,4,6,1,0,0,0,0,0,1,0,8.801204518000077,53.07141234900007,Neustadt,Alte Neustadt
6636,11,2021,8,7,17,3,3,6,1,0,0,0,0,1,0,0,8.843547081000054,53.14511635700006,Unbekannt,Blockland
6637,11,2021,9,4,21,2,0,7,1,0,0,0,0,0,1,0,8.824345594000022,53.06991056500004,Östliche Vorstadt,Steintor
6638,11,2021,10,1,13,2,3,6,1,0,0,0,0,0,0,0,8.814020215000028,53.07305593600006,Mitte,Altstadt
6639,12,2021,9,3,14,3,3,6,1,1,0,0,0,0,0,0,8.604018233000033,53.58407274700005,Lehe (BHV),Schierholz
6640,11,2021,12,5,21,3,0,7,1,0,0,0,0,0,2,2,8.82455856200005,53.08404337600007,Schwachhausen,Barkhof
6641,11,2021,12,5,12,3,1,7,1,1,0,0,0,0,0,1,8.877236788000062,53.06165603200003,Hemelingen,Hastedt
6642,12,2021,11,4,7,3,5,2,1,1,0,0,0,0,1,1,8.613987846000043,53.52925665200007,Geestemünde,Bürgerpark (BHV)
6643,12,2021,11,5,11,3,5,2,1,1,0,0,0,0,0,1,8.606428841000024,53.530485861000045,Geestemünde,Bürgerpark (BHV)
6644,11,2021,9,5,7,3,5,3,1,1,0,0,0,0,1,0,8.893634205000069,53.11521896800008,Horn-Lehe,Lehesterdeich
6645,11,2021,11,4,20,3,5,3,1,1,0,0,0,0,2,0,8.809341676000031,53.09926249900008,Findorff,Weidedamm
6646,11,2021,9,4,17,3,4,6,1,1,0,0,0,0,0,0,8.870143765000023,53.06184767700006,Hemelingen,Hastedt
6647,11,2021,11,3,9,3,5,3,1,1,0,0,0,0,0,1,8.886619004000067,53.09046897000008,Horn-Lehe,Horn
6648,11,2021,10,5,11,3,5,3,1,1,0,0,0,0,0,0,8.626577225000062,53.169641959000046,Vegesack,Vegesack
6649,11,2021,11,3,16,3,5,2,1,1,0,0,0,0,1,1,8.778818044000047,53.06463318000005,Neustadt,Neuenland
6650,11,2021,8,3,9,3,4,2,1,1,0,0,0,0,0,0,8.809175075000041,53.07886606700004,Mitte,Altstadt
6651,12,2021,10,4,6,3,0,7,1,0,0,0,0,1,2,1,8.610260717000074,53.57069781000007,Lehe (BHV),Schierholz
6652,11,2021,12,2,14,3,5,3,1,1,0,0,0,0,0,0,8.85693906900002,53.07270381500007,Hemelingen,Hastedt
6653,12,2021,12,7,15,3,5,3,1,1,0,0,0,0,0,1,8.586074806000056,53.56164656000004,Lehe (BHV),Twischkamp
6654,11,2021,10,3,15,3,4,1,1,0,0,0,0,1,0,0,8.729379838000057,53.05544282300008,Huchting,Mittelshuchting
6655,12,2021,8,2,16,3,3,6,1,1,0,0,0,0,0,0,8.585722973000031,53.53734335500008,Geestemünde,Geestemünde-Nord
6656,11,2021,11,3,14,3,0,3,1,0,0,0,0,1,0,0,8.774177829000052,53.09538436900005,Walle,Überseestadt
6657,11,2021,12,4,14,3,1,6,1,1,0,0,0,0,0,0,8.83173414600003,53.08108125600006,Schwachhausen,Gete
6658,12,2021,9,3,16,3,5,3,1,1,0,0,0,0,0,0,8.59113828300002,53.50088606000003,Fischereihafen,Fischereihafen